,Longitude,Latitude,NR_UE_RSRP_0,NR_UE_RSRQ_0,NR_UE_SINR_0,NR_UE_Nbr_RSRP_0,NR_UE_Nbr_RSRP_1,NR_UE_Nbr_RSRP_2,NR_UE_Nbr_RSRP_3,NR_UE_Nbr_RSRP_4,NR_UE_Nbr_RSRQ_0,NR_UE_Nbr_RSRQ_1,NR_UE_Nbr_RSRQ_2,NR_UE_Nbr_RSRQ_3,NR_UE_Nbr_RSRQ_4,NR_UE_PCI_0,NR_UE_Nbr_PCI_0,NR_UE_Nbr_PCI_1,NR_UE_Nbr_PCI_2,NR_UE_Nbr_PCI_3,NR_UE_Nbr_PCI_4,NR_UE_Timing_Advance,NR_UE_Pathloss_DL_0,NR_UE_Throughput_PDCP_DL,App_Throughput_DL,NR_UE_NACK_Rate_DL_0,NR_UE_Ack_As_Nack_DL_0,NR_UE_MCS_DL_0,NR_UE_RB_Num_DL_0,NR_UE_Modulation_Avg_DL_0,NR_UE_RI_DL_0,NR_UE_BLER_DL_0,NR_UE_CCE_AggregationLev_0,NR_UE_Power_Tx_PUSCH_0,NR_UE_Power_Tx_PRACH_0,NR_UE_NACK_Rate_UL_0,NR_UE_RACH_Attempt,NR_UE_RACH_OK,NR_UE_RACH_Fail,NR_UE_RACH_Procedure_Count,NR_UE_RRCReEstAttempt,NR_UE_RRCReEstFail,NR_UE_RRCReEst_EndResult,NR_UE_RRCConnectionAttempt,NR_UE_RRCConnectionSetupOk,NR_UE_RRCConnectionComplete,NR_UE_RRCConnectionDrop,NR_UE_RRCHOAttempt,NR_UE_RRCHOOK,NR_RRC_MsgType,NAS_5GS_MM_MessageType,NAS_5GS_SM_MessageType,x,y
0,29.01534,41.10568,-124.30000000000001,-17.35,-9.1,-125.15,-124.5,,,,-18.05,-17.5,,,,68.0,40.0,76.0,,,,,151.7,21790.72,26372.78,6.9,7.0,9 (QPSK OR 16QAM OR 64QAM / Low SE -QPSK),124.0,16QAM,Rank1,6.9,LEVEL_16,22.2,,11.0,0,0,0,,0,0,,0,0,0,0,0,0,,,,2433789.9436700363,4575884.2976
1,29.01534,41.10574,-125.0,-18.05,-8.55,-123.3,-123.05,-123.8,,,-16.95,-16.6,-17.3,,,68.0,30.0,40.0,76.0,,,,147.2,25231.36,23868.11,8.9,6.0,10 (16QAM OR 64QAM / Low SE -QPSK),123.0,16QAM,Rank1,8.9,LEVEL_16,22.2,,10.5,0,0,0,,0,0,,0,0,0,0,0,0,,,,2433787.719886888,4575890.976799999
2,29.01534,41.10579,-125.35,-18.75,-10.5,-124.9,-124.15,-122.5,-125.4,,-17.85,-17.549999999999997,-16.1,-18.4,,68.0,13.0,30.0,40.0,76.0,,,147.8,22446.08,32195.62,8.8,8.0,9 (QPSK OR 16QAM OR 64QAM / Low SE -QPSK),125.0,16QAM,Rank1,8.8,LEVEL_16,22.2,,10.8,0,0,0,,0,0,,0,0,0,0,0,0,,,,2433785.8667322253,4575896.5428
3,29.01534,41.10581,,,,,,,,,,,,,,,,,,,,,,,,,,,,,,,,,,,0.0,0.0,0.0,,0.0,0.0,,0.0,0.0,0.0,0.0,0.0,0.0,,,,2433785.125469842,4575898.7692
4,29.01534,41.10583,-123.65,-18.1,-9.55,-124.75,-122.6,-121.2,,,-18.9,-16.950000000000003,-15.2,,,68.0,40.0,76.0,76.0,,,,143.3,25803.45,33435.66,6.6,4.0,9 (QPSK OR 16QAM OR 64QAM / Low SE -QPSK),127.0,16QAM,Rank1,6.6,LEVEL_16,22.2,,9.7,0,0,0,,0,0,,0,0,0,0,0,0,,,,2433784.3842071616,4575900.9956
5,29.01535,41.10565,,,,,,,,,,,,,,,,,,,,,,,,,,,,,,,,,,,0.0,0.0,0.0,,0.0,0.0,,0.0,0.0,0.0,0.0,0.0,0.0,,,,2433791.894355211,4575880.958
6,29.01535,41.10584,,,,,,,,,,,,,,,,,,,,,,,,,,,,,,,,,,,0.0,0.0,0.0,,0.0,0.0,,0.0,0.0,0.0,0.0,0.0,0.0,,,,2433784.852367885,4575902.1088000005
7,29.01535,41.10585,-122.6,-16.799999999999997,-8.2,-124.85,-122.35,-121.5,,,-18.9,-16.3,-15.6,,,68.0,40.0,76.0,76.0,,,,143.1,34916.57,48679.12,17.6,10.0,8 (QPSK OR 16QAM OR 64QAM / Low SE -QPSK),159.0,QPSK,Rank2,17.6,LEVEL_16,22.2,,16.6,0,0,0,,0,0,,0,0,0,0,0,0,,,,2433784.4817362316,4575903.222
8,29.01536,41.10562,-124.85,-17.6,-7.5,-124.7,-124.9,,,,-17.5,-17.4,,,,68.0,40.0,76.0,,,,,142.6,21647.36,22772.69,7.3,27.0,8 (QPSK OR 16QAM OR 64QAM / Low SE -QPSK),116.0,16QAM,Rank1,7.3,LEVEL_16,22.2,,15.6,0,0,0,,0,0,,0,0,0,0,0,0,,,,2433793.8450404853,4575877.6184
9,29.01536,41.10588,-121.9,-16.35,-7.7,-122.6,-123.3,-122.9,,,-16.450000000000003,-16.5,-16.1,,,68.0,30.0,40.0,76.0,,,,150.7,43704.32,42016.27,18.5,1.0,10 (16QAM OR 64QAM / Low SE -QPSK),171.0,16QAM,Rank2,18.5,LEVEL_16,22.2,,14.1,0,0,0,,0,0,,0,0,0,0,0,0,,,,2433784.2086324906,4575906.5616
10,29.01536,41.1059,-123.8,-16.9,-7.699999999999999,-131.1,-121.55,,,,-23.549999999999997,-15.1,,,,68.0,30.0,76.0,,,,,143.0,44093.44,46382.38,14.6,7.0,9 (QPSK OR 16QAM OR 64QAM / Low SE -QPSK),188.0,QPSK,Rank2,14.6,LEVEL_16,22.2,,12.6,0,0,0,,0,0,,0,0,0,0,0,0,,,,2433783.4673682614,4575908.788
11,29.01537,41.10556,-124.25,-17.15,-7.7,-126.25,-123.9,,,,-18.25,-16.45,,,,68.0,40.0,76.0,,,,,144.4,20520.96,17377.38,18.9,7.0,11 (16QAM OR 64QAM / Low SE -QPSK),166.0,16QAM,Rank1,18.9,LEVEL_16,22.2,,10.9,0,0,0,,0,0,,0,0,0,0,0,0,,,,2433796.907615579,4575870.9392
12,29.01538,41.10553,,,,,,,,,,,,,,,,,,,,,,,,4.1,8.0,5 (QPSK OR 16QAM / Low SE -QPSK),181.0,QPSK,Rank1,4.1,LEVEL_16,,,,0,0,0,,0,0,,0,0,0,0,0,0,,,,2433798.858300767,4575867.5996
13,29.01538,41.10592,-123.69999999999999,-17.05,-6.95,-122.85,-122.3,,,,-16.15,-15.3,,,,68.0,30.0,76.0,,,,,148.4,44216.32,68280.7,10.6,2.0,7 (QPSK OR 16QAM OR 64QAM / Low SE -QPSK),218.0,16QAM,Rank1,10.6,LEVEL_16,22.2,,5.9,0,0,0,,0,0,,0,0,0,0,0,0,,,,2433784.403686041,4575911.0144
14,29.0154,41.1055,-123.55,-16.2,-5.85,-125.9,-123.75,,,,-20.200000000000003,-16.700000000000003,,,,68.0,40.0,76.0,,,,,142.8,24473.6,25151.58,18.1,24.0,10 (16QAM OR 64QAM / Low SE -QPSK),175.0,16QAM,Rank2,18.1,LEVEL_16,22.2,,13.4,0,0,0,,0,0,,0,0,0,0,0,0,,,,2433801.6477825725,4575864.26
15,29.0154,41.10596,-122.0,-15.75,-4.75,-122.45,-121.6,,,,-16.5,-15.7,,,,68.0,40.0,76.0,,,,,141.0,65273.18,89109.23,12.8,17.0,9 (QPSK OR 16QAM OR 64QAM / Low SE -QPSK),205.0,16QAM,Rank1,12.8,LEVEL_16,22.2,,12.6,0,0,0,,0,0,,0,0,0,0,0,0,,,,2433784.5987363607,4575915.467200001
16,29.01541,41.10599,,,,,,,,,,,,,,,,,,,,,,,,12.5,10.0,7 (QPSK OR 16QAM OR 64QAM / Low SE -QPSK),222.0,QPSK,Rank2,12.5,LEVEL_4,,,,0,0,0,,0,0,,0,0,0,0,0,0,,,,2433784.3256268525,4575918.806799999
17,29.01543,41.10602,-122.7,-16.25,-2.6,-124.75,-128.05,-122.35,,,-18.5,-21.8,-16.450000000000003,,,68.0,30.0,40.0,76.0,,,,143.4,77746.88,74030.87,8.6,55.0,9 (QPSK OR 16QAM OR 64QAM / Low SE -QPSK),194.0,16QAM,Rank2,8.6,LEVEL_16,22.1,,12.7,0,0,0,,0,0,,0,0,0,0,0,0,,,,2433784.8913057856,4575922.1464
18,29.01544,41.10545,-122.75,-15.8,-4.95,-124.94999999999999,,,,,-17.7,,,,,68.0,76.0,,,,,,139.8,19681.28,20621.02,11.8,4.0,7 (QPSK OR 16QAM OR 64QAM / Low SE -QPSK),207.0,QPSK,Rank2,11.8,LEVEL_16,22.2,,12.0,0,0,0,,0,0,,0,0,0,0,0,0,,,,2433806.8561189426,4575858.694
19,29.01545,41.10608,-122.05000000000001,-15.55,-2.5999999999999996,-122.4,,,,,-16.1,,,,,68.0,76.0,,,,,,141.9,92129.3,73269.86,10.1,0.0,7 (QPSK OR 16QAM OR 64QAM / Low SE -QPSK),215.0,16QAM,Rank2,10.1,LEVEL_4,21.9,,9.3,0,0,0,,0,0,,0,0,0,0,0,0,,,,2433784.3450788334,4575928.8256
20,29.01546,41.1061,,,,,,,,,,,,,,,,,,,,,,,,10.9,15.0,9 (QPSK OR 16QAM OR 64QAM / Low SE -QPSK),183.0,16QAM,Rank2,10.9,LEVEL_16,,,,0,0,0,,0,0,,0,0,0,0,0,0,,,,2433784.442598193,4575931.052
21,29.01547,41.10542,,,,,,,,,,,,,,,,,,,,,,,,3.4,6.0,6 (QPSK OR 16QAM OR 64QAM / Low SE -QPSK),171.0,QPSK,Rank1,3.4,LEVEL_16,,,,0,0,0,,0,0,,0,0,0,0,0,0,,,,2433810.4844008503,4575855.354400001
22,29.01548,41.10612,-120.5,-15.35,-4.550000000000001,-118.9,,,,,-14.45,,,,,68.0,76.0,,,,,,141.0,64099.07,91845.91,15.6,0.0,9 (QPSK OR 16QAM OR 64QAM / Low SE -QPSK),193.0,16QAM,Rank2,15.6,LEVEL_4,22.0,,14.1,0,0,0,,0,0,,0,0,0,0,0,0,,,,2433785.3789053424,4575933.278399999
23,29.01549,41.10538,-123.5,-16.3,-4.5,-123.75,,,,,-16.9,,,,,68.0,76.0,,,,,,140.3,29286.4,19614.07,1.2,4.0,7 (QPSK OR 16QAM OR 64QAM / Low SE -QPSK),133.0,16QAM,Rank1,1.2,LEVEL_16,22.2,,10.1,0,0,0,,0,0,,0,0,0,0,0,0,,,,2433813.6445164992,4575850.9015999995
24,29.01551,41.10615,-121.3,-15.8,-5.199999999999999,-122.15,-119.75,,,,-17.25,-14.8,,,,68.0,40.0,76.0,,,,,144.4,82641.12,94230.62,9.6,0.0,8 (QPSK OR 16QAM OR 64QAM / Low SE -QPSK),175.0,16QAM,Rank2,9.6,LEVEL_4,22.0,,9.0,0,0,0,,0,0,,0,0,0,0,0,0,,,,2433786.7833635956,4575936.618
25,29.01552,41.10535,,,,,,,,,,,,,,,,,,,,,,,,11.9,22.0,11 (16QAM OR 64QAM / Low SE -QPSK),109.0,16QAM,Rank1,11.9,LEVEL_16,,,,0,0,0,,0,0,,0,0,0,0,0,0,,,,2433817.272801449,4575847.562
26,29.01554,41.10531,-121.5,-14.899999999999999,-3.5,-126.15,,,,,-19.15,,,,,68.0,76.0,,,,,,138.7,19701.76,24736.06,4.5,11.0,10 (16QAM OR 64QAM / Low SE -QPSK),86.0,16QAM,Rank1,4.5,LEVEL_16,22.3,,12.5,0,0,0,,0,0,,0,0,0,0,0,0,,,,2433820.432919365,4575843.109200001
27,29.01554,41.10619,-119.25,-15.4,-4.15,-116.95,,,,,-13.65,,,,,68.0,76.0,,,,,,137.9,97223.62,94045.37,9.9,11.0,9 (QPSK OR 16QAM OR 64QAM / Low SE -QPSK),218.0,16QAM,Rank2,9.9,LEVEL_16,22.0,,12.4,0,0,0,,0,0,,0,0,0,0,0,0,,,,2433787.817182281,4575941.0708
28,29.01555,41.10621,,,,,,,,,,,,,,,,,,,,,,,,10.0,0.0,10 (16QAM OR 64QAM / Low SE -QPSK),205.0,16QAM,Rank2,10.0,LEVEL_4,,,,0,0,0,,0,0,,0,0,0,0,0,0,,,,2433787.9146963046,4575943.2972
29,29.01556,41.10623,-115.6,-13.25,-0.7499999999999999,-117.6,,,,,-14.2,,,,,68.0,76.0,,,,,,139.1,97095.68,94164.2,10.0,0.0,11 (16QAM OR 64QAM / Low SE -QPSK),206.0,16QAM,Rank2,10.0,LEVEL_4,21.8,,13.3,0,0,0,,0,0,,0,0,0,0,0,0,,,,2433788.0122095216,4575945.5236
30,29.01558,41.10624,,,,,,,,,,,,,,,,,,,,,,,,10.2,0.0,12 (16QAM OR 64QAM / Low SE -QPSK),200.0,16QAM,Rank2,10.2,LEVEL_4,,,,0,0,0,,0,0,,0,0,0,0,0,0,,,,2433789.3191464245,4575946.6367999995
31,29.01559,41.10625,-117.2,-15.0,0.09999999999999998,-126.75,-115.35,,,,-22.7,-13.899999999999999,,,,68.0,40.0,76.0,,,,,133.7,97203.18,94025.86,8.7,0.0,12 (16QAM OR 64QAM / Low SE -QPSK),186.0,64QAM,Rank2,8.7,LEVEL_4,21.5,,12.7,0,0,0,,0,0,,0,0,0,0,0,0,,,,2433789.787295805,4575947.75
32,29.0156,41.10525,-120.15,-14.45,-2.2,-125.9,,,,,-19.75,,,,,68.0,76.0,,,,,,136.9,36085.76,20927.34,9.5,5.0,11 (16QAM OR 64QAM / Low SE -QPSK),109.0,16QAM,Rank1,9.5,LEVEL_16,22.2,,9.6,0,0,0,,0,0,,0,0,0,0,0,0,,,,2433827.68949698,4575836.43
33,29.01561,41.10626,-120.35,-15.299999999999999,-4.7,-124.69999999999999,-123.15,-121.05,,,-18.8,-16.85,-15.8,,,68.0,30.0,40.0,76.0,,,,144.9,96030.72,93905.09,9.9,0.0,12 (16QAM OR 64QAM / Low SE -QPSK),191.0,16QAM,Rank2,9.9,LEVEL_4,21.4,,11.5,0,0,0,,0,0,,0,0,0,0,0,0,,,,2433791.0942316656,4575948.8632
34,29.01563,41.10522,,,,,,,,,,,,,,,,,,,,,,,,6.7,0.0,12 (16QAM OR 64QAM / Low SE -QPSK),121.0,16QAM,Rank1,6.7,LEVEL_16,,,,0,0,0,,0,0,,0,0,0,0,0,0,,,,2433831.317788236,4575833.0904
35,29.01563,41.10628,-114.80000000000001,-12.850000000000001,-0.8500000000000001,-119.7,,,,,-15.35,,,,,68.0,76.0,,,,,,140.8,96706.56,94488.9,8.3,0.0,12 (16QAM OR 64QAM / Low SE -QPSK),192.0,16QAM,Rank2,8.3,LEVEL_4,21.3,,10.1,0,0,0,,0,0,,0,0,0,0,0,0,,,,2433792.030528524,4575951.0896
36,29.01565,41.10629,-113.5,-12.6,2.85,-128.15,-118.9,,,,-24.450000000000003,-16.35,,,,68.0,40.0,76.0,,,,,135.2,98099.2,95919.95,10.4,0.0,13 (16QAM OR 64QAM / Low SE -QPSK),184.0,64QAM,Rank2,10.4,LEVEL_4,21.4,,8.7,0,0,0,,0,0,,0,0,0,0,0,0,,,,2433793.3374628844,4575952.2028
37,29.01567,41.10518,-119.45,-14.25,-2.65,,,,,,,,,,,68.0,,,,,,,136.9,50378.16,26380.23,15.0,28.0,11 (16QAM OR 64QAM / Low SE -QPSK),116.0,16QAM,Rank2,15.0,LEVEL_16,22.0,,14.1,0,0,0,,0,0,,0,0,0,0,0,0,,,,2433836.1555124484,4575828.6376
38,29.01567,41.1063,-116.65,-15.75,-4.35,-120.35,-118.05000000000001,-115.5,,,-17.65,-16.15,-13.8,,,68.0,30.0,40.0,76.0,,,,142.1,98344.96,95423.45,8.6,0.0,11 (16QAM OR 64QAM / Low SE -QPSK),131.0,16QAM,Rank2,8.6,LEVEL_4,21.7,,9.6,0,0,0,,0,0,,0,0,0,0,0,0,,,,2433794.6443966604,4575953.316
39,29.01569,41.10632,-113.6,-13.149999999999999,-0.9,-119.05,-118.4,,,,-16.8,-16.1,,,,68.0,40.0,76.0,,,,,137.5,98575.36,95373.7,7.5,0.0,10 (16QAM OR 64QAM / Low SE -QPSK),136.0,16QAM,Rank2,7.5,LEVEL_4,21.5,,8.4,0,0,0,,0,0,,0,0,0,0,0,0,,,,2433795.5806903704,4575955.5424
40,29.0157,41.10633,-114.9,-13.7,-0.9,-120.15,-115.5,,,,-17.85,-14.6,,,,68.0,76.0,76.0,,,,,133.9,98508.8,95442.12,9.0,0.0,10 (16QAM OR 64QAM / Low SE -QPSK),145.0,16QAM,Rank2,9.0,LEVEL_4,21.4,,9.5,0,0,0,,0,0,,0,0,0,0,0,0,,,,2433796.048836731,4575956.6556
41,29.01572,41.10513,-119.6,-14.6,-3.2,-126.5,,,,,-19.8,,,,,68.0,13.0,,,,,,137.4,29614.72,46160.31,9.6,3.0,10 (16QAM OR 64QAM / Low SE -QPSK),136.0,16QAM,Rank1,9.6,LEVEL_16,22.2,,12.0,0,0,0,,0,0,,0,0,0,0,0,0,,,,2433842.2026717938,4575823.0716
42,29.01572,41.10634,-116.19999999999999,-15.25,-3.0999999999999996,-126.80000000000001,-117.4,-115.1,,,-22.45,-15.65,-14.2,,,68.0,40.0,76.0,76.0,,,,138.2,98529.92,95759.93,9.4,0.0,9 (QPSK OR 16QAM OR 64QAM / Low SE -QPSK),161.0,16QAM,Rank2,9.4,LEVEL_4,21.9,,12.8,0,0,0,,0,0,,0,0,0,0,0,0,,,,2433797.3557685497,4575957.768800001
43,29.01573,41.10635,,,,,,,,,,,,,,,,,,,,,,98550.4,,9.6,0.0,8 (QPSK OR 16QAM OR 64QAM / Low SE -QPSK),181.0,16QAM,Rank2,9.6,LEVEL_4,,,,0,0,0,,0,0,,0,0,0,0,0,0,,,,2433797.8239141237,4575958.882
44,29.01575,41.10636,-120.55,-16.45,-2.75,-120.0,-115.6,,,,-16.55,-14.1,,,,68.0,30.0,76.0,,,,,133.9,98549.76,95261.37,9.4,2.0,7 (QPSK OR 16QAM OR 64QAM / Low SE -QPSK),197.0,16QAM,Rank2,9.4,LEVEL_4,22.0,,11.5,0,0,0,,0,0,,0,0,0,0,0,0,,,,2433799.1308448995,4575959.995200001
45,29.01578,41.10507,-121.6,-15.25,-4.25,-126.45,,,,,-19.1,,,,,68.0,13.0,,,,,,138.9,22506.98,44376.12,3.8,7.0,8 (QPSK OR 16QAM OR 64QAM / Low SE -QPSK),123.0,16QAM,Rank1,3.8,LEVEL_16,22.3,,12.6,0,0,0,,0,0,,0,0,0,0,0,0,,,,2433849.4592689923,4575816.392399999
46,29.0158,41.1064,-117.25,-15.3,-4.65,-118.7,-121.69999999999999,-118.5,,,-15.4,-19.0,-15.4,,,68.0,30.0,40.0,76.0,,,,138.7,98734.08,96851.97,8.6,0.0,7 (QPSK OR 16QAM OR 64QAM / Low SE -QPSK),202.0,16QAM,Rank2,8.6,LEVEL_4,21.7,,11.1,0,0,0,,0,0,,0,0,0,0,0,0,,,,2433801.8422070895,4575964.448
47,29.01583,41.10642,,,,,,,,,,,,,,,,,,,,,,98222.08,,9.6,0.0,9 (QPSK OR 16QAM OR 64QAM / Low SE -QPSK),172.0,16QAM,Rank2,9.6,LEVEL_4,,,,0,0,0,,0,0,,0,0,0,0,0,0,,,,2433803.6172782066,4575966.6744
48,29.01584,41.105,-121.65,-14.899999999999999,-3.5,-133.3,-125.95,,,,-24.75,-19.05,,,,68.0,13.0,40.0,,,,,138.6,22753.28,22912.02,11.3,5.0,11 (16QAM OR 64QAM / Low SE -QPSK),103.0,16QAM,Rank2,11.3,LEVEL_16,22.2,,10.7,0,0,0,,0,0,,0,0,0,0,0,0,,,,2433857.086504404,4575808.6
49,29.01586,41.10498,,,,,,,,,,,,,,,,,,,,,,,,,,,,,,,,,,,0.0,0.0,0.0,,0.0,0.0,,0.0,0.0,0.0,0.0,0.0,0.0,,,,2433859.5053738705,4575806.3736
50,29.01586,41.10644,-116.44999999999999,-14.2,-1.55,-122.65,-121.8,-117.9,,,-20.2,-19.450000000000003,-15.850000000000001,,,68.0,30.0,40.0,76.0,,,,132.7,97669.12,94919.08,9.6,0.0,9 (QPSK OR 16QAM OR 64QAM / Low SE -QPSK),175.0,16QAM,Rank2,9.6,LEVEL_4,21.5,,12.7,0,0,0,,0,0,,0,0,0,0,0,0,,,,2433805.3923474946,4575968.9008
51,29.01589,41.10495,-120.35,-14.149999999999999,-1.65,-127.6,,,,,-20.2,,,,,68.0,40.0,,,,,,136.2,16302.08,24394.83,12.3,3.0,10 (16QAM OR 64QAM / Low SE -QPSK),100.0,16QAM,Rank2,12.3,LEVEL_16,22.3,,11.6,0,0,0,,0,0,,0,0,0,0,0,0,,,,2433863.13367943,4575803.034
52,29.0159,41.10647,,,,,,,,,,,,,,,,,,,,,,,,5.8,0.0,14 (16QAM OR 64QAM / Low SE -QPSK),157.0,64QAM,Rank1,5.8,LEVEL_4,,,,0,0,0,,0,0,,0,0,0,0,0,0,,,,2433807.6355559323,4575972.2404000005
53,29.01594,41.1049,-122.95,-15.350000000000001,-5.9,-124.95,,,,,-17.049999999999997,,,,,68.0,13.0,,,,,,143.2,18330.56,18510.56,10.0,2.0,8 (QPSK OR 16QAM OR 64QAM / Low SE -QPSK),133.0,16QAM,Rank1,10.0,LEVEL_16,22.3,,11.0,0,0,0,,0,0,,0,0,0,0,0,0,,,,2433869.1808589897,4575797.468
54,29.01594,41.1065,-114.2,-13.4,-2.2,-121.0,-119.6,-118.2,,,-19.8,-17.8,-17.0,,,68.0,30.0,40.0,76.0,,,,132.5,105896.58,95722.09,13.9,7.0,11 (16QAM OR 64QAM / Low SE -QPSK),187.0,16QAM,Rank2,13.9,LEVEL_16,21.3,,14.3,0,0,0,,0,0,,0,0,0,0,0,0, BCCH-DL_SCH SIB1,,,2433809.8787606372,4575975.58
55,29.01597,41.10487,,,,,,,,,,,,,,,,,,,,,,,,,,,,,,,,,,,0.0,0.0,0.0,,0.0,0.0,,0.0,0.0,0.0,0.0,0.0,0.0,,,,2433872.8091689018,4575794.1284
56,29.01599,41.10484,-125.55000000000001,-16.700000000000003,-8.75,-127.25,-128.7,,,,-18.7,-20.2,,,,68.0,13.0,40.0,,,,,145.5,13024.6,14877.34,6.4,10.0,6 (QPSK OR 16QAM OR 64QAM / Low SE -QPSK),159.0,QPSK,Rank1,6.4,LEVEL_16,22.4,,15.7,0,0,0,,0,0,,0,0,0,0,0,0,,,,2433875.598675497,4575790.7888
57,29.01601,41.10657,-122.83333333333333,-19.833333333333332,-6.400000000000001,-117.3,-116.16666666666667,-119.05000000000001,,,-16.266666666666666,-14.966666666666667,-17.0,,,68.0,68.0,76.0,76.0,,,30.0,153.1,98344.96,95468.55,12.0,0.0,13 (16QAM OR 64QAM / Low SE -QPSK),122.0,16QAM,Rank2,12.0,LEVEL_4,20.8,23.0,9.7,0,0,0,32.0,0,0,,0,0,0,0,0,0, BCCH-BCH MIB,,,2433813.155730449,4575983.3724
58,29.01606,41.10478,-127.19999999999999,-18.4,-10.55,-124.35,,,,,-15.65,,,,,68.0,13.0,,,,,,146.9,14377.71,15575.2,40.1,4.0,14 (16QAM OR 64QAM / Low SE -QPSK),164.0,16QAM,Rank1,40.1,LEVEL_16,22.5,,14.4,0,0,0,,0,0,,0,0,0,0,0,0,,,,2433883.6941084284,4575784.1096
59,29.01606,41.1066,,,,,,,,,,,,,,,,,,,,,,,,11.6,0.0,12 (16QAM OR 64QAM / Low SE -QPSK),125.0,16QAM,Rank2,11.6,LEVEL_4,,,,0,0,0,,0,0,,0,0,0,0,0,0,,,,2433816.2377060717,4575986.712
60,29.0161,41.10663,-120.85,-18.1,-5.65,-126.5,-117.6,-119.9,,,-21.3,-15.5,-18.2,,,40.0,68.0,76.0,76.0,,,,154.1,98565.07,95424.41,9.9,0.0,11 (16QAM OR 64QAM / Low SE -QPSK),135.0,16QAM,Rank2,9.9,LEVEL_4,21.0,,10.0,0,0,0,,0,0,,0,0,0,0,0,0,,,,2433818.480895111,4575990.0516
61,29.01611,41.10471,-127.4,-17.549999999999997,-7.5,-129.25,,,,,-19.45,,,,,68.0,13.0,,,,,,144.6,15299.36,11810.48,14.4,14.0,8 (QPSK OR 16QAM OR 64QAM / Low SE -QPSK),185.0,QPSK,Rank1,14.4,LEVEL_16,22.4,,17.5,0,0,0,,0,0,,0,0,0,0,0,0,,,,2433890.4825694426,4575776.3171999995
62,29.01614,41.10468,,,,,,,,,,,,,,,,,,,,,,,,,,,,,,,,,,,0.0,0.0,0.0,,0.0,0.0,,0.0,0.0,0.0,0.0,0.0,0.0,,,,2433894.1108889235,4575772.9776
63,29.01616,41.10466,-126.35,-16.75,-6.8,-128.4,,,,,-19.1,,,,,68.0,13.0,,,,,,145.8,16261.12,16702.32,9.4,5.0,7 (QPSK OR 16QAM OR 64QAM / Low SE -QPSK),132.0,16QAM,Rank1,9.4,LEVEL_16,22.4,,15.6,0,0,0,,0,0,,0,0,0,0,0,0,,,,2433896.529769484,4575770.751200001
64,29.01618,41.10464,-125.94999999999999,-16.7,-7.75,-127.85000000000001,,,,,-18.5,,,,,68.0,13.0,,,,,,145.0,15380.48,13715.57,11.4,7.0,9 (QPSK OR 16QAM OR 64QAM / Low SE -QPSK),121.0,16QAM,Rank1,11.4,LEVEL_16,22.4,,11.0,0,0,0,,0,0,,0,0,0,0,0,0,,,,2433898.94865077,4575768.524800001
65,29.01619,41.10462,-125.9,-16.6,-7.1,-128.55,-129.2,,,,-19.1,-19.8,,,,68.0,13.0,40.0,,,,,144.2,16363.52,15847.78,11.0,3.0,9 (QPSK OR 16QAM OR 64QAM / Low SE -QPSK),115.0,16QAM,Rank1,11.0,LEVEL_16,22.4,,12.6,0,0,0,,0,0,,0,0,0,0,0,0,,,,2433900.5287250234,4575766.2984
66,29.01619,41.10668,-123.19999999999999,-20.45,-6.25,-116.6,-117.4,,,,-14.7,-15.9,,,,40.0,68.0,76.0,,,,,142.2,98022.38,95554.87,7.6,0.0,10 (16QAM OR 64QAM / Low SE -QPSK),130.0,16QAM,Rank2,7.6,LEVEL_4,21.0,,10.9,0,0,0,,0,0,,0,0,0,0,0,0,,,,2433824.17669192,4575995.6175999995
67,29.0162,41.1046,-125.44999999999999,-16.7,-6.75,-124.6,,,,,-16.0,,,,,68.0,13.0,,,,,,148.2,15585.28,15311.82,8.2,4.0,8 (QPSK OR 16QAM OR 64QAM / Low SE -QPSK),110.0,16QAM,Rank1,8.2,LEVEL_16,22.4,,11.1,0,0,0,,0,0,,0,0,0,0,0,0,,,,2433902.1087994906,4575764.072
68,29.01621,41.10459,-125.1,-16.0,-6.75,-126.45,,,,,-17.35,,,,,68.0,13.0,,,,,,145.3,16425.81,15630.05,9.0,8.0,9 (QPSK OR 16QAM OR 64QAM / Low SE -QPSK),107.0,16QAM,Rank1,9.0,LEVEL_16,22.4,,12.1,0,0,0,,0,0,,0,0,0,0,0,0,,,,2433903.3182408754,4575762.9588
69,29.01622,41.10457,-124.55000000000001,-15.5,-5.6,-128.39999999999998,-126.1,,,,-19.35,-18.0,,,,68.0,13.0,40.0,,,,,142.7,15626.24,16066.66,8.6,6.0,9 (QPSK OR 16QAM OR 64QAM / Low SE -QPSK),109.0,16QAM,Rank1,8.6,LEVEL_16,22.3,,14.9,0,0,0,,0,0,,0,0,0,0,0,0,,,,2433904.898315792,4575760.7324
70,29.01624,41.10456,-123.5,-15.0,-4.449999999999999,-126.75,-132.25,,,,-18.2,-23.25,,,,68.0,13.0,40.0,,,,,142.1,17428.48,15571.99,8.6,9.0,9 (QPSK OR 16QAM OR 64QAM / Low SE -QPSK),115.0,16QAM,Rank1,8.6,LEVEL_16,22.4,,14.2,0,0,0,,0,0,,0,0,0,0,0,0,,,,2433906.9465661175,4575759.6192
71,29.01625,41.10455,-124.15,-15.4,-5.5,-129.05,-128.9,,,,-20.0,-20.05,,,,68.0,13.0,40.0,,,,,142.2,15850.7,15970.09,9.2,13.0,9 (QPSK OR 16QAM OR 64QAM / Low SE -QPSK),114.0,16QAM,Rank1,9.2,LEVEL_16,22.4,,11.5,0,0,0,,0,0,,0,0,0,0,0,0,,,,2433908.1560082277,4575758.506
72,29.01626,41.10454,-126.0,-16.9,-8.0,-129.2,-128.6,,,,-20.1,-19.8,,,,68.0,13.0,40.0,,,,,145.2,16404.48,14646.21,8.6,4.0,9 (QPSK OR 16QAM OR 64QAM / Low SE -QPSK),113.0,16QAM,Rank1,8.6,LEVEL_16,22.4,,13.5,0,0,0,,0,0,,0,0,0,0,0,0,,,,2433909.3654505196,4575757.3928
73,29.01626,41.10674,-119.1,-17.05,-3.7,-117.4,-116.80000000000001,-119.8,,,-16.5,-15.5,-18.1,,,40.0,68.0,76.0,76.0,,,,138.1,98325.12,86349.73,9.9,0.0,12 (16QAM OR 64QAM / Low SE -QPSK),121.0,16QAM,Rank2,9.9,LEVEL_4,21.0,,8.4,0,0,0,,0,0,,0,0,0,0,0,0,,,,2433827.82426389,4576002.296800001
74,29.01627,41.10453,-125.2,-16.4,-8.5,-128.1,-128.2,,,,-19.0,-19.4,,,,68.0,13.0,40.0,,,,,,,,,,,,,Rank1,,,,,,0,0,0,,0,0,,0,0,0,0,0,0,,,,2433910.574892992,4575756.2796
75,29.01628,41.10451,-125.0,-16.5,-8.7,-125.5,-130.9,,,,-16.9,-22.4,,,,68.0,13.0,40.0,,,,,147.7,17020.66,16850.74,7.0,2.0,7 (QPSK OR 16QAM OR 64QAM / Low SE -QPSK),123.0,16QAM,Rank1,7.0,LEVEL_16,22.4,,12.9,0,0,0,,0,0,,0,0,0,0,0,0,,,,2433912.1549693183,4575754.0532
76,29.01631,41.10677,,,,,,,,,,,,,,,,,,,,,,,,10.1,0.0,14 (16QAM OR 64QAM / Low SE -QPSK),102.0,64QAM,Rank2,10.1,LEVEL_4,,,,0,0,0,,0,0,,0,0,0,0,0,0,,,,2433830.906215294,4576005.636399999
77,29.01632,41.10447,-125.95,-17.0,-8.3,-125.5,-141.4,,,,-16.65,-30.7,,,,68.0,13.0,40.0,,,,,145.5,15871.17,15552.05,8.5,11.0,8 (QPSK OR 16QAM OR 64QAM / Low SE -QPSK),108.0,16QAM,Rank1,8.5,LEVEL_16,22.4,,12.0,0,0,0,,0,0,,0,0,0,0,0,0,,,,2433916.9927419624,4575749.6004
78,29.01634,41.10446,,,,,,,,,,,,,,,,,,,,,,,,,,,,,,,,,,,0.0,0.0,0.0,,0.0,0.0,,0.0,0.0,0.0,0.0,0.0,0.0,,,,2433919.040995379,4575748.4872
79,29.01636,41.10444,-125.85,-17.0,-7.8500000000000005,-125.2,,,,,-16.9,,,,,68.0,13.0,,,,,,144.9,16915.59,15122.23,13.4,2.0,10 (16QAM OR 64QAM / Low SE -QPSK),112.0,16QAM,Rank1,13.4,LEVEL_16,22.3,,10.1,0,0,0,,0,0,,0,0,0,0,0,0,,,,2433921.4598834063,4575746.260799999
80,29.01636,41.10679,-114.55000000000001,-13.5,-1.45,-120.15,-119.2,-119.4,,,-17.950000000000003,-17.35,-17.5,,,40.0,30.0,68.0,76.0,,,,140.8,97832.96,84714.81,8.4,0.0,14 (16QAM OR 64QAM / Low SE -QPSK),104.0,64QAM,Rank2,8.4,LEVEL_4,20.8,,10.2,0,0,0,,0,0,,0,0,0,0,0,0, BCCH-DL_SCH SIB1,,,2433834.3588137953,4576007.862799999
81,29.01638,41.10443,,,,,,,,,,,,,,,,,,,,,,,,,,,,,,,,,,,0.0,0.0,0.0,,0.0,0.0,,0.0,0.0,0.0,0.0,0.0,0.0,,,,2433923.508137878,4575745.1476
82,29.01639,41.10442,-125.05,-17.049999999999997,-7.699999999999999,-123.3,,,,,-15.45,,,,,68.0,13.0,,,,,,143.6,16936.96,16490.42,0.5,30.0,6 (QPSK OR 16QAM OR 64QAM / Low SE -QPSK),124.0,16QAM,Rank1,0.5,LEVEL_16,22.3,,15.1,0,0,0,,0,0,,0,0,0,0,0,0,,,,2433924.7175824735,4575744.034399999
83,29.0164,41.10681,-120.9,-19.0,-9.5,-115.0,-119.9,,,,-13.5,-18.2,,,,40.0,40.0,76.0,,,,17.0,142.7,80569.6,,17.3,4.0,11 (16QAM OR 64QAM / Low SE -QPSK),206.0,QPSK,Rank2,17.3,LEVEL_16,22.1,27.0,9.0,0,0,0,31.0,0,0,,0,0,0,0,0,0, BCCH-DL_SCH SIB1,,,2433836.972629661,4576010.0892
84,29.01644,41.10437,-124.55,-16.799999999999997,-7.55,-125.5,-122.6,,,,-18.4,-15.850000000000001,,,,68.0,3.0,13.0,,,,,143.8,17039.36,15609.57,9.4,0.0,10 (16QAM OR 64QAM / Low SE -QPSK),111.0,16QAM,Rank1,9.4,LEVEL_16,22.3,,9.5,0,0,0,,0,0,,0,0,0,0,0,0,,,,2433930.7648081677,4575738.468400001
85,29.01644,41.10683,-120.4,-17.6,-8.3,-118.5,-117.9,-119.1,,,-16.05,-15.899999999999999,-16.5,,,68.0,40.0,76.0,76.0,,,,138.9,97367.02,86199.02,7.8,6.0,12 (16QAM OR 64QAM / Low SE -QPSK),192.0,64QAM,Rank1,7.8,LEVEL_4,21.9,,9.5,0,0,0,,0,0,,0,0,0,0,0,0,,,,2433839.586443187,4576012.3156
86,29.01646,41.10434,,,,,,,,,,,,,,,,,,,,,,,,,,,,,,,,,,,0.0,0.0,0.0,,0.0,0.0,,0.0,0.0,0.0,0.0,0.0,0.0,,,,2433933.5543344263,4575735.1288
87,29.01648,41.10432,-124.65,-17.5,-7.550000000000001,-124.80000000000001,-123.75,,,,-18.15,-17.1,,,,68.0,3.0,13.0,,,,,142.4,17448.96,16205.14,8.4,6.0,10 (16QAM OR 64QAM / Low SE -QPSK),104.0,16QAM,Rank1,8.4,LEVEL_16,22.3,,13.1,0,0,0,,0,0,,0,0,0,0,0,0,,,,2433935.973226806,4575732.9024
88,29.0165,41.1043,,,,,,,,,,,,,,,,,,,,,,,,,,,,,,,,,,,0.0,0.0,0.0,,0.0,0.0,,0.0,0.0,0.0,0.0,0.0,0.0,,,,2433938.392119911,4575730.676
89,29.01652,41.10427,-123.75,-17.0,-7.85,-122.05000000000001,-139.2,,,,-15.15,-29.75,,,,68.0,13.0,40.0,,,,,143.6,16015.36,16941.06,4.5,7.0,9 (QPSK OR 16QAM OR 64QAM / Low SE -QPSK),99.0,16QAM,Rank1,4.5,LEVEL_16,22.3,,13.7,0,0,0,,0,0,,0,0,0,0,0,0,,,,2433941.1816486996,4575727.3364
90,29.01653,41.10687,-121.3,-18.3,-9.0,-120.2,-118.0,-120.3,,,-16.3,-15.2,-17.1,,,68.0,30.0,40.0,76.0,,,,142.1,84475.57,95222.22,22.2,0.0,10 (16QAM OR 64QAM / Low SE -QPSK),232.0,QPSK,Rank2,22.2,LEVEL_4,22.1,,10.6,0,0,0,,0,0,,0,0,0,0,0,0,,,,2433845.6528422358,4576016.7684
91,29.01657,41.10689,-120.1,-16.6,-8.0,-118.9,-118.4,-121.3,,,-16.1,-15.4,-17.9,,,68.0,30.0,40.0,76.0,,,,,,,15.8,8.0,8 (QPSK OR 16QAM OR 64QAM / Low SE -QPSK),242.0,QPSK,Rank2,15.8,LEVEL_4,,,,0,0,0,,0,0,,0,0,0,0,0,0,,,,2433848.266648485,4576018.9948
92,29.01658,41.10422,-124.65,-18.15,-8.45,-123.69999999999999,-120.8,-125.3,,,-18.15,-14.95,-19.0,,,68.0,3.0,13.0,59.0,,,,146.7,16958.14,15425.07,5.2,2.0,9 (QPSK OR 16QAM OR 64QAM / Low SE -QPSK),98.0,16QAM,Rank1,5.2,LEVEL_16,22.3,,9.5,0,0,0,,0,0,,0,0,0,0,0,0,,,,2433948.0676995846,4575721.7704
93,29.0166,41.10419,,,,,,,,,,,,,,,,,,,,,,,,,,,,,,,,,,,0.0,0.0,0.0,,0.0,0.0,,0.0,0.0,0.0,0.0,0.0,0.0,,,,2433950.857231703,4575718.4308
94,29.01661,41.10691,-120.3,-16.8,-7.5,-121.0,-117.9,-119.9,,,-18.2,-15.5,-16.5,,,68.0,30.0,40.0,76.0,,,,140.8,97899.53,96069.62,9.4,5.0,7 (QPSK OR 16QAM OR 64QAM / Low SE -QPSK),208.0,16QAM,Rank2,9.4,LEVEL_4,21.8,,14.4,0,0,0,,0,0,,0,0,0,0,0,0,,,,2433850.8804523936,4576021.2212
95,29.01662,41.10416,-123.6,-17.9,-7.35,-125.95,-119.6,-127.8,,,-21.0,-14.85,-21.950000000000003,,,68.0,3.0,13.0,59.0,,,,140.4,19989.52,17076.75,4.6,4.0,11 (16QAM OR 64QAM / Low SE -QPSK),75.0,16QAM,Rank1,4.6,LEVEL_16,22.2,,13.1,0,0,0,,0,0,,0,0,0,0,0,0,,,,2433953.6467646873,4575715.0912
96,29.01666,41.10693,-121.2,-18.8,-7.5,-119.2,-119.2,-120.6,,,-16.3,-16.4,-17.5,,,68.0,30.0,40.0,76.0,,,,,,,8.4,0.0,8 (QPSK OR 16QAM OR 64QAM / Low SE -QPSK),205.0,16QAM,Rank2,8.4,LEVEL_4,,,,0,0,0,,0,0,,0,0,0,0,0,0,,,,2433854.333032214,4576023.4476
97,29.01667,41.1041,-124.75,-20.5,-6.449999999999999,-122.7,-116.3,-128.0,-138.5,,-19.200000000000003,-14.15,-22.85,-30.1,,68.0,3.0,13.0,40.0,59.0,,,136.3,30782.08,18150.3,11.4,0.0,14 (16QAM OR 64QAM / Low SE -QPSK),81.0,64QAM,Rank1,11.4,LEVEL_16,22.1,,9.0,0,0,0,,0,0,,0,0,0,0,0,0,,,,2433960.064647652,4575708.4120000005
98,29.0167,41.10404,,,,,,,,,,,,,,,,,,,,,,,,,,,,,,,,,,,0.0,0.0,0.0,,0.0,0.0,,0.0,0.0,0.0,0.0,0.0,0.0,,,,2433964.8049052786,4575701.732799999
99,29.01671,41.10695,-118.7,-16.6,-8.9,-118.2,-117.7,-120.2,,,-16.2,-16.0,-17.6,,,68.0,30.0,40.0,76.0,,,,143.2,98590.72,95195.89,9.3,0.0,11 (16QAM OR 64QAM / Low SE -QPSK),201.0,64QAM,Rank2,9.3,LEVEL_4,21.6,,8.3,0,0,0,,0,0,,0,0,0,0,0,0,,,,2433857.785609182,4576025.674
100,29.01673,41.10399,-120.3,-17.549999999999997,-7.35,-120.1,-114.8,,,,-17.45,-13.2,,,,68.0,13.0,13.0,,,,,138.9,25987.76,25019.96,10.1,0.0,14 (16QAM OR 64QAM / Low SE -QPSK),87.0,64QAM,Rank1,10.1,LEVEL_4,22.2,,10.9,0,0,0,,0,0,,0,0,0,0,0,0,,,,2433969.1745293434,4575696.166800001
101,29.01675,41.10697,,,,,,,,,,,,,,,,,,,,,,,,,,,,,,,,,,,0.0,0.0,0.0,,0.0,0.0,,0.0,0.0,0.0,0.0,0.0,0.0,,,,2433860.3994055586,4576027.9004
102,29.01679,41.10393,-119.8,-16.45,-4.7,-127.25,-116.0,,,,-21.9,-13.25,,,,68.0,3.0,13.0,,,,,135.7,44955.96,27434.13,11.4,0.0,15 (16QAM OR 64QAM OR 256QAM / Low SE -16QAM),94.0,64QAM,Rank1,11.4,LEVEL_16,22.1,,8.0,0,0,0,,0,0,,0,0,0,0,0,0,,,,2433976.431240605,4575689.4876
103,29.01679,41.10699,-119.05000000000001,-17.05,-5.8,-118.44999999999999,-117.2,-116.55,,,-16.3,-16.3,-15.450000000000001,,,68.0,30.0,40.0,76.0,,,,137.8,98039.17,95038.73,8.4,0.0,9 (QPSK OR 16QAM OR 64QAM / Low SE -QPSK),163.0,16QAM,Rank2,8.4,LEVEL_4,21.4,,10.5,0,0,0,,0,0,,0,0,0,0,0,0,,,,2433863.013199595,4576030.126800001
104,29.01681,41.1039,,,,,,,,,,,,,,,,,,,,,,,,,,,,,,,,,,,0.0,0.0,0.0,,0.0,0.0,,0.0,0.0,0.0,0.0,0.0,0.0,,,,2433979.2207817286,4575686.148
105,29.01683,41.10388,-118.7,-16.700000000000003,-4.050000000000001,-118.0,-116.1,,,,-15.25,-13.5,,,,68.0,13.0,13.0,,,,,135.9,59225.05,34873.06,8.9,2.0,13 (16QAM OR 64QAM / Low SE -QPSK),125.0,64QAM,Rank2,8.9,LEVEL_16,22.2,,9.0,0,0,0,,0,0,,0,0,0,0,0,0,,,,2433981.6396877654,4575683.9216
106,29.01684,41.10701,-118.5,-16.3,-5.9,-120.1,-117.2,-116.6,,,-18.1,-15.9,-14.8,,,68.0,30.0,40.0,76.0,,,,,,,10.1,0.0,10 (16QAM OR 64QAM / Low SE -QPSK),142.0,16QAM,Rank2,10.1,LEVEL_4,,,,0,0,0,,0,0,,0,0,0,0,0,0,,,,2433866.4657685207,4576032.353200001
107,29.01687,41.10383,-118.25,-15.45,-3.8,-121.5,-115.80000000000001,,,,-19.05,-13.399999999999999,,,,68.0,3.0,13.0,,,,,135.4,81244.16,54637.52,9.7,0.0,10 (16QAM OR 64QAM / Low SE -QPSK),111.0,16QAM,Rank2,9.7,LEVEL_4,22.0,,9.5,0,0,0,,0,0,,0,0,0,0,0,0,,,,2433986.848138182,4575678.3556
108,29.01689,41.1038,,,,,,,,,,,,,,,,,,,,,,,,,,,,,,,,,,,0.0,0.0,0.0,,0.0,0.0,,0.0,0.0,0.0,0.0,0.0,0.0,,,,2433989.6376827015,4575675.016
109,29.01689,41.10702,-117.5,-15.4,-3.7,-119.3,-120.8,-118.0,,,-17.0,-19.3,-16.0,,,68.0,30.0,40.0,76.0,,,,135.0,98570.24,95465.25,8.4,0.0,10 (16QAM OR 64QAM / Low SE -QPSK),142.0,16QAM,Rank2,8.4,LEVEL_4,21.7,,11.2,0,0,0,,0,0,,0,0,0,0,0,0,,,,2433870.288994668,4576033.4664
110,29.01691,41.10377,-117.95,-15.7,-3.05,-115.6,,,,,-13.9,,,,,68.0,13.0,,,,,,134.6,87572.48,71248.45,8.7,1.0,11 (16QAM OR 64QAM / Low SE -QPSK),103.0,16QAM,Rank2,8.7,LEVEL_16,22.0,,9.0,0,0,0,,0,0,,0,0,0,0,0,0,,,,2433992.427228086,4575671.676399999
111,29.01693,41.10374,,,,,,,,,,,,,,,,,,,,,,,,,,,,,,,,,,,0.0,0.0,0.0,,0.0,0.0,,0.0,0.0,0.0,0.0,0.0,0.0,,,,2433995.216774337,4575668.336800001
112,29.01695,41.10371,-116.75,-14.55,-0.6499999999999999,-115.5,,,,,-14.100000000000001,,,,,68.0,13.0,,,,,,132.5,98508.8,78302.99,12.2,0.0,11 (16QAM OR 64QAM / Low SE -QPSK),147.0,16QAM,Rank2,12.2,LEVEL_4,21.9,,10.0,0,0,0,,0,0,,0,0,0,0,0,0,,,,2433998.0063214535,4575664.9972
113,29.01698,41.10705,-116.5,-16.05,-4.25,-121.25,-118.85,-116.19999999999999,,,-19.35,-17.200000000000003,-15.4,,,68.0,30.0,40.0,76.0,,,,135.0,98590.72,,10.8,0.0,9 (QPSK OR 16QAM OR 64QAM / Low SE -QPSK),167.0,16QAM,Rank2,10.8,LEVEL_4,21.4,,9.7,0,0,0,,0,0,,0,0,0,0,0,0,,,,2433876.7260046904,4576036.806
114,29.01699,41.10366,-116.3,-14.649999999999999,-1.55,-113.9,,,,,-13.35,,,,,68.0,13.0,,,,,,131.5,98365.44,93119.3,13.1,0.0,14 (16QAM OR 64QAM / Low SE -QPSK),116.0,64QAM,Rank2,13.1,LEVEL_4,21.7,,10.5,0,0,0,,0,0,,0,0,0,0,0,0,,,,2434003.2147819167,4575659.4311999995
115,29.017,41.10365,,,,,,,,,,,,,,,,,,,,,,,,,,,,,,,,,,,0.0,0.0,0.0,,0.0,0.0,,0.0,0.0,0.0,0.0,0.0,0.0,,,,2434004.4242384294,4575658.318
116,29.01702,41.10363,-112.56666666666666,-14.5,0.5,-114.2,-113.1,,,,-15.566666666666668,-14.899999999999999,,,,13.0,3.0,68.0,,,,11.0,132.0,0.0,83517.77,14.0,5.0,15 (16QAM OR 64QAM OR 256QAM / Low SE -16QAM),128.0,64QAM,Rank2,14.0,LEVEL_16,21.2,20.0,11.3,0,0,0,33.0,0,0,,0,0,0,0,0,0, BCCH-DL_SCH SIB1,,,2434006.8431519996,4575656.0916
117,29.01703,41.10362,,,,,,,,,,,,,,,,,,,,,,,,,,,,,,,,,,,0.0,0.0,0.0,,0.0,0.0,,0.0,0.0,0.0,0.0,0.0,0.0,,,,2434008.0526090567,4575654.9784
118,29.01703,41.10706,,,,,,,,,,,,,,,,,,,,,,,96368.53,8.0,0.0,9 (QPSK OR 16QAM OR 64QAM / Low SE -QPSK),170.0,16QAM,Rank2,8.0,LEVEL_4,,,,0,0,0,,0,0,,0,0,0,0,0,0,,,,2433880.5492261983,4576037.919199999
119,29.01704,41.1036,-110.2,-12.9,6.4,-113.7,,,,,-15.9,,,,,13.0,68.0,,,,,,129.8,98467.84,89947.7,8.6,0.0,19 (64QAM OR 256QAM / Low SE -16QAM),70.0,64QAM,Rank2,8.6,LEVEL_1,20.8,,9.0,0,0,0,,0,0,,0,0,0,0,0,0,,,,2434009.6327029285,4575652.752
120,29.01704,41.10361,-109.15,-12.0,5.0,-135.8,-112.9,,,,-30.450000000000003,-14.55,,,,13.0,3.0,68.0,,,,,128.7,98366.27,108183.48,10.1,0.0,19 (64QAM OR 256QAM / Low SE -16QAM),70.0,64QAM,Rank2,10.1,LEVEL_1,20.7,,9.0,0,0,0,,0,0,,0,0,0,0,0,0,,,,2434009.262066295,4575653.865200001
121,29.01705,41.10358,-109.65,-11.95,4.35,-116.6,-113.85,,,,-18.65,-15.2,,,,13.0,3.0,68.0,,,,,132.7,97986.62,100953.2,7.5,0.0,19 (64QAM OR 256QAM / Low SE -16QAM),70.0,64QAM,Rank2,7.5,LEVEL_1,20.7,,8.5,0,0,0,,0,0,,0,0,0,0,0,0,,,,2434011.212797013,4575650.5256
122,29.01706,41.10357,-108.55000000000001,-12.15,4.6,-112.2,,,,,-15.75,,,,,13.0,68.0,,,,,,128.3,98467.84,91188.7,9.4,0.0,20 (64QAM OR 256QAM / Low SE -16QAM),67.0,64QAM,Rank2,9.4,LEVEL_1,20.7,,9.5,0,0,0,,0,0,,0,0,0,0,0,0,,,,2434012.4222547216,4575649.4124
123,29.01708,41.10355,-109.44999999999999,-13.05,4.25,-111.05,,,,,-13.8,,,,,13.0,68.0,,,,,,131.3,98339.85,98413.01,9.6,0.0,19 (64QAM OR 256QAM / Low SE -16QAM),73.0,64QAM,Rank2,9.6,LEVEL_1,20.6,,8.5,0,0,0,,0,0,,0,0,0,0,0,0,,,,2434014.8411706816,4575647.186
124,29.01708,41.10708,-118.6,-16.85,-5.65,-118.05,-117.1,-116.3,,,-16.75,-15.8,-15.1,,,68.0,30.0,40.0,76.0,,,,137.7,98611.2,95195.3,7.8,0.0,9 (QPSK OR 16QAM OR 64QAM / Low SE -QPSK),155.0,16QAM,Rank2,7.8,LEVEL_4,21.4,,11.3,0,0,0,,0,0,,0,0,0,0,0,0,,,,2433884.0017834827,4576040.1456
125,29.01709,41.10354,-109.7,-14.15,1.65,-108.5,,,,,-12.55,,,,,13.0,68.0,,,,,,129.1,98448.2,96623.66,9.6,0.0,19 (64QAM OR 256QAM / Low SE -16QAM),75.0,64QAM,Rank2,9.6,LEVEL_1,20.8,,9.1,0,0,0,,0,0,,0,0,0,0,0,0,,,,2434016.0506289336,4575646.0728
126,29.01711,41.10353,-111.5,-14.4,2.75,-109.25,,,,,-13.1,,,,,13.0,68.0,,,,,,129.9,98396.17,94733.48,10.8,0.0,19 (64QAM OR 256QAM / Low SE -16QAM),74.0,64QAM,Rank2,10.8,LEVEL_1,20.8,,8.5,0,0,0,,0,0,,0,0,0,0,0,0,,,,2434018.098909048,4575644.9596
127,29.01713,41.10349,-110.05,-13.65,3.55,-111.5,,,,,-14.95,,,,,13.0,68.0,,,,,,128.7,98493.44,94869.55,8.0,0.0,19 (64QAM OR 256QAM / Low SE -16QAM),73.0,64QAM,Rank2,8.0,LEVEL_1,20.7,,8.9,0,0,0,,0,0,,0,0,0,0,0,0,,,,2434021.259100722,4575640.5068
128,29.01716,41.10346,,,,,,,,,,,,,,,,,,,,,,,,,,,,,,,,,,,0.0,0.0,0.0,,0.0,0.0,,0.0,0.0,0.0,0.0,0.0,0.0,,,,2434024.887478903,4575637.1672
129,29.01717,41.1071,-120.5,-17.450000000000003,-7.4,-119.6,-119.4,-117.7,,,-17.3,-16.9,-15.65,,,68.0,30.0,40.0,76.0,,,,139.7,99696.64,,9.0,0.0,9 (QPSK OR 16QAM OR 64QAM / Low SE -QPSK),173.0,16QAM,Rank2,9.0,LEVEL_4,21.6,,10.9,0,0,0,,0,0,,0,0,0,0,0,0,,,,2433890.809442235,4576042.372
130,29.01718,41.10343,-108.65,-13.55,3.05,-109.1,,,,,-13.55,,,,,13.0,68.0,,,,,,129.4,98508.8,95648.09,10.6,0.0,19 (64QAM OR 256QAM / Low SE -16QAM),73.0,64QAM,Rank2,10.6,LEVEL_1,20.6,,8.0,0,0,0,,0,0,,0,0,0,0,0,0,,,,2434027.6770357573,4575633.8276
131,29.01722,41.1034,-108.19999999999999,-13.2,2.6,-109.5,,,,,-13.8,,,,,13.0,68.0,,,,,,128.3,98426.88,95593.97,9.6,0.0,20 (64QAM OR 256QAM / Low SE -16QAM),63.0,64QAM,Rank2,9.6,LEVEL_1,20.4,,7.4,0,0,0,,0,0,,0,0,0,0,0,0,,,,2434032.1442401595,4575630.488
132,29.01722,41.10712,,,,,,,,,,,,,,,,,,,,,,,97319.72,7.4,0.0,7 (QPSK OR 16QAM OR 64QAM / Low SE -QPSK),211.0,16QAM,Rank2,7.4,LEVEL_4,,,,0,0,0,,0,0,,0,0,0,0,0,0,,,,2433894.261992796,4576044.5984000005
133,29.01723,41.10338,,,,,,,,,,,,,,,,,,,,,,,,,,,,,,,,,,,0.0,0.0,0.0,,0.0,0.0,,0.0,0.0,0.0,0.0,0.0,0.0,,,,2434033.7243384323,4575628.2616
134,29.01725,41.10336,-108.35,-13.75,2.3499999999999996,-106.85,,,,,-12.9,,,,,13.0,68.0,,,,,,127.7,97208.23,95839.81,7.9,0.0,18 (64QAM OR 256QAM / Low SE -16QAM),156.0,64QAM,Rank2,7.9,LEVEL_1,20.7,,9.2,0,0,0,,0,0,,0,0,0,0,0,0,,,,2434036.1432607714,4575626.0352
135,29.01726,41.10713,-121.5,-18.6,-7.6,-119.25,-119.69999999999999,-119.19999999999999,,,-16.700000000000003,-16.8,-16.700000000000003,,,68.0,30.0,40.0,76.0,,,,143.7,98959.36,,14.7,0.0,8 (QPSK OR 16QAM OR 64QAM / Low SE -QPSK),253.0,QPSK,Rank2,14.7,LEVEL_4,21.9,,13.7,0,0,0,,0,0,,0,0,0,0,0,0,,,,2433897.246430551,4576045.7116
136,29.01727,41.10334,,,,,,,,,,,,,,,,,,,,,,,,,,,,,,,,,,,0.0,0.0,0.0,,0.0,0.0,,0.0,0.0,0.0,0.0,0.0,0.0,,,,2434038.562183836,4575623.808800001
137,29.01729,41.10331,-109.45,-14.4,1.1,-107.85,,,,,-13.1,,,,,13.0,68.0,,,,,,128.7,97448.91,94083.98,8.2,0.0,18 (64QAM OR 256QAM / Low SE -16QAM),155.0,64QAM,Rank2,8.2,LEVEL_1,20.7,,10.1,0,0,0,,0,0,,0,0,0,0,0,0,,,,2434041.3517453014,4575620.4692
138,29.01732,41.10325,-111.3,-14.850000000000001,1.6500000000000001,-115.45,-109.1,,,,-17.85,-12.6,,,,13.0,3.0,68.0,,,,,131.0,97095.68,93795.57,8.5,0.0,18 (64QAM OR 256QAM / Low SE -16QAM),161.0,64QAM,Rank2,8.5,LEVEL_2,20.9,,8.0,0,0,0,,0,0,,0,0,0,0,0,0,,,,2434046.092045572,4575613.79
139,29.01734,41.10322,,,,,,,,,,,,,,,,,,,,,,,,,,,,,,,,,,,0.0,0.0,0.0,,0.0,0.0,,0.0,0.0,0.0,0.0,0.0,0.0,,,,2434048.881609251,4575610.4504
140,29.01735,41.10715,-120.9,-18.200000000000003,-8.149999999999999,-119.7,-120.85,-120.75,-119.3,,-17.5,-18.0,-18.049999999999997,-16.7,,68.0,30.0,40.0,76.0,76.0,,,144.3,98575.36,94147.59,14.2,0.0,8 (QPSK OR 16QAM OR 64QAM / Low SE -QPSK),255.0,QPSK,Rank2,14.2,LEVEL_4,21.8,,9.2,0,0,0,,0,0,,0,0,0,0,0,0,,,,2433904.0540782153,4576047.938
141,29.01736,41.10319,-111.1,-13.9,1.8499999999999999,-109.8,,,,,-13.2,,,,,13.0,68.0,,,,,,131.0,96988.24,93814.8,10.1,0.0,16 (16QAM OR 64QAM OR 256QAM / Low SE -16QAM),174.0,64QAM,Rank2,10.1,LEVEL_2,21.0,,8.4,0,0,0,,0,0,,0,0,0,0,0,0,,,,2434051.671173795,4575607.1108
142,29.01738,41.10316,,,,,,,,,,,,,,,,,,,,,,,,,,,,,,,,,,,0.0,0.0,0.0,,0.0,0.0,,0.0,0.0,0.0,0.0,0.0,0.0,,,,2434054.4607392047,4575603.7712
143,29.0174,41.10314,-113.4,-14.5,1.05,-111.75,,,,,-12.75,,,,,13.0,68.0,,,,,,132.4,97587.84,93924.09,9.6,0.0,15 (16QAM OR 64QAM OR 256QAM / Low SE -16QAM),172.0,64QAM,Rank2,9.6,LEVEL_2,21.3,,13.2,0,0,0,,0,0,,0,0,0,0,0,0,,,,2434056.879667733,4575601.5448
144,29.01743,41.10308,-115.19999999999999,-14.2,1.1,-115.4,,,,,-14.05,,,,,13.0,68.0,,,,,,133.7,96834.47,94281.68,9.2,0.0,15 (16QAM OR 64QAM OR 256QAM / Low SE -16QAM),170.0,64QAM,Rank2,9.2,LEVEL_2,21.2,,10.9,0,0,0,,0,0,,0,0,0,0,0,0,,,,2434061.6199753853,4575594.8656
145,29.01744,41.10718,-119.5,-17.200000000000003,-7.55,-122.7,-119.2,-119.69999999999999,-119.05,,-19.6,-16.8,-17.25,-16.45,,68.0,23.0,30.0,40.0,76.0,,,152.1,98693.12,96160.13,12.6,0.0,10 (16QAM OR 64QAM / Low SE -QPSK),244.0,16QAM,Rank1,12.6,LEVEL_4,21.8,,9.7,0,0,0,,0,0,,0,0,0,0,0,0,,,,2433910.491052773,4576051.2776
146,29.01747,41.10303,-114.75,-13.55,1.5,-116.45,,,,,-15.0,,,,,13.0,68.0,,,,,,135.1,95805.44,93994.81,8.6,0.0,15 (16QAM OR 64QAM OR 256QAM / Low SE -16QAM),164.0,64QAM,Rank2,8.6,LEVEL_2,21.2,,13.4,0,0,0,,0,0,,0,0,0,0,0,0,,,,2434066.828475336,4575589.2996
147,29.01749,41.103,,,,,,,,,,,,,,,,,,,,,,,,,,,,,,,,,,,0.0,0.0,0.0,,0.0,0.0,,0.0,0.0,0.0,0.0,0.0,0.0,,,,2434069.6180454893,4575585.96
148,29.01749,41.10719,,,,,,,,,,,,,,,,,,,,,,,95289.62,8.2,0.0,10 (16QAM OR 64QAM / Low SE -QPSK),256.0,16QAM,Rank1,8.2,LEVEL_16,,,,0,0,0,,0,0,,0,0,0,0,0,0,,,,2433914.314259137,4576052.3908
149,29.0175,41.10298,-114.65,-13.149999999999999,3.0,-117.0,,,,,-16.3,,,,,13.0,68.0,,,,,,133.0,97321.6,93994.64,9.4,0.0,16 (16QAM OR 64QAM OR 256QAM / Low SE -16QAM),175.0,64QAM,Rank2,9.4,LEVEL_2,21.2,,13.1,0,0,0,,0,0,,0,0,0,0,0,0,,,,2434071.1981498366,4575583.7336
150,29.01752,41.10295,,,,,,,,,,,,,,,,,,,,,,,,,,,,,,,,,,,0.0,0.0,0.0,,0.0,0.0,,0.0,0.0,0.0,0.0,0.0,0.0,,,,2434073.987721305,4575580.394
151,29.01753,41.10292,-113.4,-12.8,3.4,-116.85,,,,,-16.0,,,,,13.0,68.0,,,,,,133.7,97494.98,94191.65,8.1,0.0,16 (16QAM OR 64QAM OR 256QAM / Low SE -16QAM),171.0,64QAM,Rank2,8.1,LEVEL_2,21.3,,12.0,0,0,0,,0,0,,0,0,0,0,0,0,,,,2434075.9384641657,4575577.0544
152,29.01754,41.1072,-118.35,-16.25,-9.1,-118.25,-118.75,-119.65,-118.0,,-16.5,-17.15,-17.6,-16.6,,68.0,30.0,40.0,76.0,76.0,,,151.2,96158.6,,9.2,0.0,12 (16QAM OR 64QAM / Low SE -QPSK),244.0,16QAM,Rank2,9.2,LEVEL_4,21.9,,7.1,0,0,0,,0,0,,0,0,0,0,0,0,,,,2433918.137464151,4576053.504
153,29.01755,41.10286,-115.75,-13.05,2.25,-118.9,,,,,-16.2,,,,,13.0,68.0,,,,,,136.5,97710.08,80358.01,9.6,0.0,14 (16QAM OR 64QAM / Low SE -QPSK),174.0,64QAM,Rank2,9.6,LEVEL_4,21.7,,13.6,0,0,0,,0,0,,0,0,0,0,0,0,,,,2434079.8399501834,4575570.3752
154,29.01757,41.10283,,,,,,,,,,,,,,,,,,,,,,,,,,,,,,,,,,,0.0,0.0,0.0,,0.0,0.0,,0.0,0.0,0.0,0.0,0.0,0.0,,,,2434082.6295239637,4575567.0356
155,29.01759,41.1028,-115.0,-13.15,2.75,-118.95,,,,,-17.1,,,,,13.0,68.0,,,,,,134.4,96972.8,108540.33,9.9,0.0,15 (16QAM OR 64QAM OR 256QAM / Low SE -16QAM),175.0,64QAM,Rank2,9.9,LEVEL_4,21.8,,8.1,0,0,0,,0,0,,0,0,0,0,0,0,,,,2434085.4190986087,4575563.696
156,29.0176,41.10274,-118.55,-14.05,0.35,-122.69999999999999,,,,,-17.35,,,,,13.0,68.0,,,,,,140.2,73113.6,93828.59,9.7,3.0,11 (16QAM OR 64QAM / Low SE -QPSK),201.0,16QAM,Rank2,9.7,LEVEL_4,22.2,,8.6,0,0,0,,0,0,,0,0,0,0,0,0,,,,2434088.481755181,4575557.016799999
157,29.0176,41.10721,-118.1,-15.5,-6.5,-117.4,-121.4,-119.6,,,-15.6,-19.4,-17.2,,,68.0,23.0,40.0,76.0,,,,,,89473.29,13.7,4.0,15 (16QAM OR 64QAM OR 256QAM / Low SE -16QAM),212.0,64QAM,Rank1,13.7,LEVEL_4,,,,0,0,0,,0,0,,0,0,0,0,0,0,,,,2433922.799442486,4576054.6172
158,29.01762,41.10271,,,,,,,,,,,,,,,,,,,,,,,,,,,,,,,,,,,0.0,0.0,0.0,,0.0,0.0,,0.0,0.0,0.0,0.0,0.0,0.0,,,,2434091.271331273,4575553.6772
159,29.01763,41.10269,-122.45,-15.35,-1.8499999999999999,-132.45,-125.05000000000001,,,,-24.549999999999997,-18.0,,,,13.0,59.0,68.0,,,,,143.7,22323.2,80993.77,9.3,0.0,8 (QPSK OR 16QAM OR 64QAM / Low SE -QPSK),70.0,16QAM,Rank2,9.3,LEVEL_4,22.3,,10.4,0,0,0,,0,0,,0,0,0,0,0,0,,,,2434092.8514383454,4575551.450800001
160,29.01766,41.10721,-121.8,-18.1,-8.5,-125.0,-118.7,-122.5,-120.1,,-21.3,-15.7,-19.2,-17.0,,68.0,13.0,23.0,40.0,76.0,,,140.1,98626.55,,7.8,0.0,14 (16QAM OR 64QAM / Low SE -QPSK),181.0,64QAM,Rank1,7.8,LEVEL_4,22.2,,10.2,0,0,0,,0,0,,0,0,0,0,0,0,,,,2433927.832090533,4576054.6172
161,29.01768,41.10263,-122.85,-15.45,-4.199999999999999,-132.9,-125.2,,,,-24.65,-17.9,,,,13.0,59.0,68.0,,,,,145.0,8110.08,24738.44,21.6,5.0,10 (16QAM OR 64QAM / Low SE -QPSK),81.0,16QAM,Rank2,21.6,LEVEL_16,22.4,,11.1,0,0,0,,0,0,,0,0,0,0,0,0,,,,2434099.269427201,4575544.7716
162,29.0177,41.10259,,,,,,,,,,,,,,,,,,,,,,,,,,,,,,,,,,,0.0,0.0,0.0,,0.0,0.0,,0.0,0.0,0.0,0.0,0.0,0.0,,,,2434102.429644296,4575540.3188
163,29.01772,41.10255,-123.9,-16.8,-3.8499999999999996,-123.75,,,,,-17.15,,,,,13.0,68.0,,,,,,147.1,14622.72,10681.74,3.1,0.0,8 (QPSK OR 16QAM OR 64QAM / Low SE -QPSK),97.0,16QAM,Rank1,3.1,LEVEL_16,22.3,,10.0,0,0,0,,0,0,,0,0,0,0,0,0,,,,2434105.589862248,4575535.866
164,29.01775,41.10251,,,,,,,,,,,,,,,,,,,,,,,,,,,,,,,,,,,0.0,0.0,0.0,,0.0,0.0,,0.0,0.0,0.0,0.0,0.0,0.0,,,,2434109.5889157667,4575531.4132
165,29.01778,41.10247,-121.94999999999999,-15.55,-4.95,-125.15,-123.3,,,,-18.35,-16.5,,,,13.0,40.0,68.0,,,,,145.7,8356.54,12288.83,8.1,3.0,10 (16QAM OR 64QAM / Low SE -QPSK),79.0,16QAM,Rank1,8.1,LEVEL_16,22.4,,11.4,0,0,0,,0,0,,0,0,0,0,0,0,,,,2434113.5879711644,4575526.960399999
166,29.01779,41.10724,-119.8,-15.1,-6.3,-128.10000000000002,-119.9,-123.5,-121.5,,-22.1,-15.85,-18.5,-17.3,,68.0,13.0,23.0,40.0,76.0,,,140.4,81100.8,81706.57,6.8,1.0,7 (QPSK OR 16QAM OR 64QAM / Low SE -QPSK),202.0,16QAM,Rank2,6.8,LEVEL_16,22.1,,10.0,0,0,0,,0,0,,0,0,0,0,0,0,,,,2433937.624142144,4576057.9568
167,29.01782,41.1024,-127.0,-19.3,-7.8500000000000005,-123.25,-124.9,,,,-16.700000000000003,-17.75,,,,13.0,40.0,68.0,,,,,146.9,13578.24,9678.82,8.4,0.0,8 (QPSK OR 16QAM OR 64QAM / Low SE -QPSK),117.0,16QAM,Rank1,8.4,LEVEL_16,22.4,,10.6,0,0,0,,0,0,,0,0,0,0,0,0,,,,2434119.53777749,4575519.1680000005
168,29.01784,41.10237,,,,,,,,,,,,,,,,,,,,,,,,,,,,,,,,,,,0.0,0.0,0.0,,0.0,0.0,,0.0,0.0,0.0,0.0,0.0,0.0,,,,2434122.327363134,4575515.8284
169,29.01785,41.10725,,,,,,,,,,,,,,,,,,,,,,80929.34,95268.45,6.4,25.0,6 (QPSK OR 16QAM OR 64QAM / Low SE -QPSK),265.0,QPSK,Rank2,6.4,LEVEL_16,,,,0,0,0,,0,0,,0,0,0,0,0,0,,,,2433942.2861139234,4576059.07
170,29.01786,41.10233,-124.85,-18.0,-9.600000000000001,-124.55,-130.4,-124.5,,,-17.75,-22.05,-17.3,,,13.0,40.0,59.0,68.0,,,,147.6,11058.62,12843.97,5.9,4.0,8 (QPSK OR 16QAM OR 64QAM / Low SE -QPSK),101.0,16QAM,Rank1,5.9,LEVEL_16,22.4,,12.1,0,0,0,,0,0,,0,0,0,0,0,0,,,,2434125.4875873346,4575511.3756
171,29.01788,41.1023,,,,,,,,,,,,,,,,,,,,,,,,,,,,,,,,,,,0.0,0.0,0.0,,0.0,0.0,,0.0,0.0,0.0,0.0,0.0,0.0,,,,2434128.277174743,4575508.036
172,29.0179,41.10227,-126.2,-19.6,-10.15,-124.35,-125.1,-123.8,,,-18.4,-18.75,-17.4,,,13.0,59.0,68.0,68.0,,,,156.1,11632.64,9739.86,4.3,8.0,8 (QPSK OR 16QAM OR 64QAM / Low SE -QPSK),102.0,16QAM,Rank1,4.3,LEVEL_16,22.3,,10.4,0,0,0,,0,0,,0,0,0,0,0,0,,,,2434131.0667630164,4575504.6964
173,29.01792,41.10727,-129.46666666666667,-22.8,-11.9,-120.83333333333333,-121.03333333333335,-121.9,,,-15.833333333333334,-16.266666666666666,-16.5,,,68.0,68.0,76.0,76.0,,,35.0,152.2,98636.8,,11.5,4.0,8 (QPSK OR 16QAM OR 64QAM / Low SE -QPSK),247.0,QPSK,Rank2,11.5,LEVEL_4,22.0,30.0,11.6,0,0,0,30.0,0,0,,0,0,0,0,0,0, BCCH-DL_SCH SIB1,,,2433947.416183123,4576061.2964
174,29.01794,41.10221,-124.0,-17.8,-8.05,-124.94999999999999,,,,,-18.35,,,,,13.0,68.0,,,,,,147.2,12616.34,12098.78,18.5,4.0,10 (16QAM OR 64QAM / Low SE -QPSK),112.0,16QAM,Rank1,18.5,LEVEL_16,22.4,,11.6,0,0,0,,0,0,,0,0,0,0,0,0,,,,2434136.64594216,4575498.0172
175,29.01797,41.10218,,,,,,,,,,,,,,,,,,,,,,,,,,,,,Rank1,,,,,,0,0,0,,0,0,,0,0,0,0,0,0,,,,2434140.274371955,4575494.6776
176,29.01799,41.10214,-126.15,-19.15,-7.45,-124.3,-122.5,,,,-18.25,-16.6,,,,13.0,23.0,68.0,,,,,148.6,10485.76,11048.42,16.1,1.0,9 (QPSK OR 16QAM OR 64QAM / Low SE -QPSK),125.0,16QAM,Rank1,16.1,LEVEL_16,22.3,,11.2,0,0,0,,0,0,,0,0,0,0,0,0,,,,2434143.434602015,4575490.2248
177,29.01799,41.10728,,,,,,,,,,,,,,,,,,,,,,97807.4,95538.59,,,,,,,,,,,,0.0,0.0,0.0,,0.0,0.0,,0.0,0.0,0.0,0.0,0.0,0.0,,,,2433952.9169245013,4576062.4096
178,29.01805,41.10207,-123.15,-17.6,-6.0,-125.4,-123.25,-121.6,,,-19.85,-17.700000000000003,-16.7,,,13.0,40.0,59.0,68.0,,,,145.9,12473.62,11260.31,11.1,6.0,8 (QPSK OR 16QAM OR 64QAM / Low SE -QPSK),119.0,16QAM,Rank1,11.1,LEVEL_16,22.3,,13.4,0,0,0,,0,0,,0,0,0,0,0,0,,,,2434151.0621075067,4575482.432399999
179,29.01806,41.10729,-118.95,-15.95,-3.9000000000000004,-123.85,-120.0,-119.80000000000001,-118.6,,-20.4,-16.55,-16.95,-16.2,,40.0,23.0,30.0,68.0,76.0,,,141.1,98452.48,,10.9,0.0,13 (16QAM OR 64QAM / Low SE -QPSK),116.0,64QAM,Rank2,10.9,LEVEL_4,21.0,,10.6,0,0,0,,0,0,,0,0,0,0,0,0,,,,2433958.4176640166,4576063.522799999
180,29.01811,41.10199,-123.25,-18.35,-5.6,-122.05000000000001,-123.35,-127.25,-122.1,,-17.55,-18.9,-22.1,-17.9,,13.0,23.0,40.0,59.0,68.0,,,146.5,12288.0,11974.6,14.9,11.0,8 (QPSK OR 16QAM OR 64QAM / Low SE -QPSK),115.0,16QAM,Rank2,14.9,LEVEL_16,22.4,,14.6,0,0,0,,0,0,,0,0,0,0,0,0,,,,2434159.0602584565,4575473.5268
181,29.01815,41.10194,,,,,,,,,,,,,,,,,,,,,,,,,,,,,,,,,,,0.0,0.0,0.0,,0.0,0.0,,0.0,0.0,0.0,0.0,0.0,0.0,,,,2434164.2688171137,4575467.9608
182,29.01818,41.1019,-120.6,-16.5,-3.6999999999999997,-124.4,-123.0,-123.15,,,-19.0,-17.799999999999997,-18.35,,,13.0,40.0,59.0,68.0,,,,141.8,10895.93,11556.42,8.9,1.0,7 (QPSK OR 16QAM OR 64QAM / Low SE -QPSK),104.0,16QAM,Rank1,8.9,LEVEL_16,22.3,,13.0,0,0,0,,0,0,,0,0,0,0,0,0,,,,2434168.267897884,4575463.508
183,29.01819,41.10731,-120.55000000000001,-17.4,-6.1,-124.05000000000001,-120.85,-121.80000000000001,-119.0,,-19.4,-16.9,-18.4,-16.25,,40.0,13.0,23.0,68.0,76.0,,,142.8,98508.8,94864.8,9.6,0.0,11 (16QAM OR 64QAM / Low SE -QPSK),132.0,16QAM,Rank2,9.6,LEVEL_4,20.7,,9.9,0,0,0,,0,0,,0,0,0,0,0,0,,,,2433968.580364064,4576065.7491999995
184,29.01825,41.10181,-124.5,-18.7,-8.45,-124.55,-123.35,-123.4,,,-19.0,-17.5,-17.1,,,13.0,23.0,59.0,68.0,,,,152.0,10997.76,10868.12,12.3,4.0,6 (QPSK OR 16QAM OR 64QAM / Low SE -QPSK),209.0,QPSK,Rank1,12.3,LEVEL_16,22.4,,12.4,0,0,0,,0,0,,0,0,0,0,0,0,,,,2434177.4755473984,4575453.4892
185,29.01826,41.10731,,,,,,,,,,,,,,,,,,,,,,98283.52,95798.27,8.9,0.0,11 (16QAM OR 64QAM / Low SE -QPSK),125.0,16QAM,Rank2,8.9,LEVEL_4,,,,0,0,0,,0,0,,0,0,0,0,0,0,,,,2433974.4517778433,4576065.7491999995
186,29.01833,41.10173,-132.1,-23.9,-10.0,-126.35,-125.6,-124.7,,,-19.05,-17.799999999999997,-17.3,,,68.0,59.0,68.0,68.0,,,36.0,156.9,8551.25,10721.42,11.9,27.0,6 (QPSK OR 16QAM OR 64QAM / Low SE -QPSK),204.0,QPSK,Rank1,11.9,LEVEL_16,22.4,,25.2,0,0,0,34.0,0,0,,0,0,0,0,0,0, BCCH-DL_SCH SIB1,,,2434187.1514126314,4575444.5836000005
187,29.01833,41.10731,-118.9,-15.7,-4.6,-121.35,-121.7,-120.3,-120.5,,-17.4,-17.4,-17.35,-18.2,,40.0,13.0,23.0,68.0,76.0,,,143.1,98570.24,,8.8,0.0,13 (16QAM OR 64QAM / Low SE -QPSK),108.0,64QAM,Rank2,8.8,LEVEL_4,20.8,,8.5,0,0,0,,0,0,,0,0,0,0,0,0,,,,2433980.3231916227,4576065.7491999995
188,29.01836,41.10169,,,,,,,,,,,,,,,,,,,,,,,,,,,,,,,,,,,0.0,0.0,0.0,,0.0,0.0,,0.0,0.0,0.0,0.0,0.0,0.0,,,,2434191.150504416,4575440.130799999
189,29.01838,41.10732,,,,,,,,,,,,,,,,,,,,,,98687.99,95936.7,8.5,0.0,13 (16QAM OR 64QAM / Low SE -QPSK),111.0,64QAM,Rank2,8.5,LEVEL_4,,,,0,0,0,,0,0,,0,0,0,0,0,0,,,,2433984.1463773516,4576066.8624
190,29.01841,41.10166,-123.9,-16.55,-6.8,-131.55,-127.1,-125.2,,,-23.450000000000003,-19.75,-17.9,,,68.0,23.0,59.0,59.0,,,,141.5,13578.24,9381.09,11.7,4.0,7 (QPSK OR 16QAM OR 64QAM / Low SE -QPSK),137.0,16QAM,Rank1,11.7,LEVEL_16,22.4,,11.4,0,0,0,,0,0,,0,0,0,0,0,0,,,,2434196.456649794,4575436.7912
191,29.01843,41.10733,-120.3,-16.15,-2.95,-134.5,-123.6,-122.9,-121.45,,-27.45,-19.0,-18.45,-17.549999999999997,,40.0,13.0,23.0,68.0,76.0,,,139.6,98181.12,,9.8,0.0,13 (16QAM OR 64QAM / Low SE -QPSK),109.0,64QAM,Rank2,9.8,LEVEL_4,20.2,,10.9,0,0,0,,0,0,,0,0,0,0,0,0,,,,2433987.969561729,4576067.9756
192,29.01845,41.10162,,,,,,,,,,,,,,,,,,,,,,,,,,,,,,,,,,,0.0,0.0,0.0,,0.0,0.0,,0.0,0.0,0.0,0.0,0.0,0.0,,,,2434201.2945923493,4575432.3384
193,29.01849,41.10733,,,,,,,,,,,,,,,,,,,,,,98365.44,24296.74,,,,,,,,,,,,0.0,0.0,0.0,,0.0,0.0,,0.0,0.0,0.0,0.0,0.0,0.0,,,,2433993.002200579,4576067.9756
194,29.0185,41.10159,-123.5,-16.0,-7.0,-125.94999999999999,-126.7,,,,-17.95,-18.3,,,,68.0,23.0,59.0,,,,,144.6,14254.08,12050.82,28.0,3.0,11 (16QAM OR 64QAM / Low SE -QPSK),163.0,16QAM,Rank1,28.0,LEVEL_16,22.4,,10.0,0,0,0,,0,0,,0,0,0,0,0,0,,,,2434206.6007440886,4575428.9988
195,29.01855,41.10155,,,,,,,,,,,,,,,,,,,,,,,,,,,,,,,,,,,0.0,0.0,0.0,,0.0,0.0,,0.0,0.0,0.0,0.0,0.0,0.0,,,,2434212.2775397133,4575424.546
196,29.01855,41.10734,-123.9,-18.3,-6.3,-124.1,-123.1,-123.3,-122.0,,-17.8,-17.4,-17.4,-16.4,,40.0,13.0,23.0,68.0,76.0,,,145.6,63020.94,,10.3,4.0,10 (16QAM OR 64QAM / Low SE -QPSK),146.0,16QAM,Rank2,10.3,LEVEL_8,20.9,,8.9,0,0,0,,0,0,,0,0,0,0,0,0, BCCH-DL_SCH SIB1,,,2433997.6641558516,4576069.0888
197,29.0186,41.10151,-124.55,-16.35,-7.6,-131.55,-127.5,,,,-22.7,-19.5,,,,68.0,59.0,59.0,,,,,144.3,12984.32,10503.61,21.9,3.0,10 (16QAM OR 64QAM / Low SE -QPSK),135.0,16QAM,Rank1,21.9,LEVEL_16,22.4,,12.9,0,0,0,,0,0,,0,0,0,0,0,0,,,,2434217.9543392602,4575420.0932
198,29.0186,41.10735,-128.5,-21.25,-16.15,-121.0,-123.6,-129.55,-122.7,-123.5,-15.3,-17.9,-22.4,-16.9,-16.9,40.0,13.0,23.0,30.0,68.0,76.0,13.0,,13271.73,7180.74,11.1,49.0,5 (QPSK OR 16QAM / Low SE -QPSK),222.0,QPSK,Rank1,11.1,LEVEL_16,,,,0,0,0,29.0,0,0,,0,0,0,0,0,0, BCCH-DL_SCH SIB1,,,2434001.487336632,4576070.202
199,29.01864,41.10736,-127.89999999999999,-20.0,-13.75,-124.2,-124.35,-124.5,,,-17.0,-17.3,-17.549999999999997,,,30.0,40.0,68.0,76.0,,,,155.7,11898.88,,0.0,9.0,1 (QPSK),256.0,QPSK,Rank1,0.0,LEVEL_16,22.4,,20.5,0,0,0,,0,0,,0,0,0,0,0,0,,,,2434004.4717433015,4576071.3152
200,29.0187,41.10144,-123.5,-15.9,-5.85,-129.15,-125.25,,,,-21.65,-17.9,,,,68.0,23.0,59.0,,,,,142.2,13004.8,11503.69,21.3,2.0,12 (16QAM OR 64QAM / Low SE -QPSK),97.0,16QAM,Rank1,21.3,LEVEL_16,22.4,,10.5,0,0,0,,0,0,,0,0,0,0,0,0,,,,2434228.937308376,4575412.300799999
201,29.01874,41.10736,-128.5,-20.6,-11.75,-125.0,-123.1,-123.5,,,-17.4,-15.45,-16.45,,,30.0,40.0,68.0,76.0,,,,152.3,7249.54,16047.61,14.0,15.0,7 (QPSK OR 16QAM OR 64QAM / Low SE -QPSK),163.0,QPSK,Rank1,14.0,LEVEL_16,22.4,,12.9,0,0,0,,0,0,,0,0,0,0,0,0,,,,2434012.8594708852,4576071.3152
202,29.01875,41.1014,,,,,,,,,,,,,,,,,,,,,,,,,,,,,,,,,,,0.0,0.0,0.0,,0.0,0.0,,0.0,0.0,0.0,0.0,0.0,0.0,,,,2434234.614119349,4575407.848
203,29.01878,41.10737,,,,,,,,,,,,,,,,,,,,,,,49109.28,,,,,,,,,,,,0.0,0.0,0.0,,0.0,0.0,,0.0,0.0,0.0,0.0,0.0,0.0,,,,2434015.8438751823,4576072.428400001
204,29.0188,41.10137,-122.80000000000001,-15.5,-5.9,-131.65,-125.2,,,,-23.549999999999997,-17.8,,,,68.0,59.0,59.0,,,,,140.6,10855.04,12139.85,0.3,22.0,5 (QPSK OR 16QAM / Low SE -QPSK),124.0,16QAM,Rank1,0.3,LEVEL_16,22.3,,16.0,0,0,0,,0,0,,0,0,0,0,0,0,,,,2434239.9202917395,4575404.508400001
205,29.01881,41.10737,-123.3,-16.5,-8.5,-124.2,-127.5,-125.1,,,-17.3,-20.0,-18.5,,,30.0,40.0,68.0,76.0,,,,146.6,34693.82,,14.2,3.0,10 (16QAM OR 64QAM / Low SE -QPSK),154.0,16QAM,Rank1,14.2,LEVEL_16,22.3,,9.5,0,0,0,,0,0,,0,0,0,0,0,0,,,,2434018.360193074,4576072.428400001
206,29.01884,41.10135,,,,,,,,,,,,,,,,,,,,,,,,,,,,,,,,,,,0.0,0.0,0.0,,0.0,0.0,,0.0,0.0,0.0,0.0,0.0,0.0,,,,2434244.016974776,4575402.282
207,29.01887,41.10739,-124.5,-17.25,-8.6,-124.4,-127.85,-125.7,,,-17.1,-20.200000000000003,-18.0,,,30.0,40.0,68.0,76.0,,,,146.4,57364.48,15807.06,9.6,7.0,9 (QPSK OR 16QAM OR 64QAM / Low SE -QPSK),157.0,16QAM,Rank1,9.6,LEVEL_16,22.2,,13.4,0,0,0,,0,0,,0,0,0,0,0,0,,,,2434022.651452862,4576074.654800001
208,29.01889,41.10134,-120.55,-14.75,-3.45,-131.7,-125.2,-121.65,,,-24.75,-19.200000000000003,-15.85,,,68.0,23.0,40.0,59.0,,,,138.0,13619.2,11276.08,22.5,13.0,14 (16QAM OR 64QAM / Low SE -QPSK),76.0,16QAM,Rank2,22.5,LEVEL_16,22.3,,10.6,0,0,0,,0,0,,0,0,0,0,0,0,,,,2434248.581865909,4575401.1688
209,29.01889,41.10739,-123.63333333333333,-18.3,-10.299999999999999,-123.13333333333333,-123.60000000000001,-121.0,,,-16.166666666666668,-17.066666666666666,-17.0,,,30.0,30.0,40.0,68.0,,,20.0,145.8,7168.37,52223.41,3.5,20.0,5 (QPSK OR 16QAM / Low SE -QPSK),145.0,16QAM,Rank1,3.5,LEVEL_16,22.4,,15.4,0,0,0,28.0,0,0,,0,0,0,0,0,0, BCCH-DL_SCH SIB1,,,2434024.3289976125,4576074.654800001
210,29.01892,41.1074,-114.4,-14.45,-2.7,-118.6,-116.4,,,,-16.95,-14.8,,,,76.0,40.0,68.0,,,,,132.8,98652.16,95453.61,10.1,0.0,12 (16QAM OR 64QAM / Low SE -QPSK),126.0,16QAM,Rank2,10.1,LEVEL_4,21.5,,14.9,0,0,0,,0,0,,0,0,0,0,0,0,,,,2434026.4746259907,4576075.768
211,29.01895,41.10742,-111.5,-13.3,-1.2,-116.0,,,,,-15.799999999999999,,,,,76.0,40.0,,,,,,131.0,98426.88,95591.79,8.6,0.0,11 (16QAM OR 64QAM / Low SE -QPSK),124.0,16QAM,Rank2,8.6,LEVEL_4,21.0,,10.9,0,0,0,,0,0,,0,0,0,0,0,0,,,,2434028.2495642486,4576077.9944
212,29.01897,41.10129,-119.25,-14.05,-2.55,-129.85,-124.2,-124.3,,,-23.15,-18.75,-18.6,,,68.0,23.0,59.0,59.0,,,,136.6,15196.16,12743.4,15.9,1.0,10 (16QAM OR 64QAM / Low SE -QPSK),95.0,16QAM,Rank2,15.9,LEVEL_16,22.3,,9.0,0,0,0,,0,0,,0,0,0,0,0,0,,,,2434257.145884658,4575395.6027999995
213,29.01897,41.10742,-111.65,-13.350000000000001,-0.15000000000000002,-116.55,-118.1,,,,-17.45,-18.1,,,,76.0,40.0,68.0,,,,,126.9,99287.04,95480.36,11.5,0.0,15 (16QAM OR 64QAM OR 256QAM / Low SE -16QAM),102.0,64QAM,Rank2,11.5,LEVEL_2,20.8,,9.2,0,0,0,,0,0,,0,0,0,0,0,0,,,,2434029.9271082324,4576077.9944
214,29.01899,41.10744,-111.95,-14.4,0.95,-117.9,-115.7,-115.8,,,-18.15,-17.1,-16.8,,,76.0,40.0,68.0,40.0,,,,125.3,98508.8,95299.47,8.8,0.0,15 (16QAM OR 64QAM OR 256QAM / Low SE -16QAM),91.0,64QAM,Rank2,8.8,LEVEL_2,20.6,,9.7,0,0,0,,0,0,,0,0,0,0,0,0,,,,2434030.8632724136,4576080.220799999
215,29.019,41.10746,-113.2,-14.3,-3.9,-120.4,-117.0,-115.3,-119.1,,-18.8,-16.3,-15.9,-19.9,,76.0,23.0,30.0,40.0,68.0,,,130.1,98387.27,110746.15,11.9,0.0,10 (16QAM OR 64QAM / Low SE -QPSK),154.0,16QAM,Rank2,11.9,LEVEL_4,21.0,,8.9,0,0,0,,0,0,,0,0,0,0,0,0,,,,2434030.9606637945,4576082.4472
216,29.01901,41.10128,,,,,,,,,,,,,,,,,,,,,,,,,,,,,,,,,,,0.0,0.0,0.0,,0.0,0.0,,0.0,0.0,0.0,0.0,0.0,0.0,,,,2434260.8719304185,4575394.4896
217,29.01903,41.10748,-108.4,-13.1,-0.8,-118.4,-113.6,-116.7,,,-19.7,-16.3,-18.9,,,76.0,23.0,40.0,68.0,,,,,98897.92,71496.22,8.0,0.0,13 (16QAM OR 64QAM / Low SE -QPSK),110.0,64QAM,Rank2,8.0,LEVEL_4,,,,0,0,0,,0,0,,0,0,0,0,0,0,,,,2434032.73559682,4576084.6736
218,29.01905,41.10127,-119.4,-14.6,-2.25,-125.55,-122.2,,,,-20.0,-16.85,,,,68.0,23.0,59.0,,,,,137.9,19435.52,15393.14,7.0,2.0,7 (QPSK OR 16QAM OR 64QAM / Low SE -QPSK),114.0,16QAM,Rank2,7.0,LEVEL_16,22.2,,9.0,0,0,0,,0,0,,0,0,0,0,0,0,,,,2434264.597977127,4575393.3763999995
219,29.01906,41.10749,-113.6,-14.05,-0.8500000000000001,-118.3,-119.75,-114.3,-118.6,,-19.05,-19.450000000000003,-16.35,-19.8,,76.0,23.0,30.0,40.0,68.0,,,125.5,98058.24,,4.1,0.0,12 (16QAM OR 64QAM / Low SE -QPSK),107.0,64QAM,Rank2,4.1,LEVEL_4,20.4,,8.8,0,0,0,,0,0,,0,0,0,0,0,0,,,,2434034.881219293,4576085.7868
220,29.01909,41.10126,-119.0,-14.35,-4.1,-123.7,-120.0,,,,-17.95,-15.4,,,,68.0,23.0,59.0,,,,,137.9,19906.56,19221.57,13.3,0.0,10 (16QAM OR 64QAM / Low SE -QPSK),104.0,16QAM,Rank2,13.3,LEVEL_16,22.3,,10.0,0,0,0,,0,0,,0,0,0,0,0,0,,,,2434268.3240247834,4575392.2632
221,29.01911,41.10751,-122.2,-18.2,-2.8,-120.3,,,,,-16.8,,,,,76.0,30.0,,,,,,132.9,99778.62,12772.25,15.7,4.0,9 (QPSK OR 16QAM OR 64QAM / Low SE -QPSK),207.0,QPSK,Rank2,15.7,LEVEL_4,21.2,,11.2,0,0,0,,0,0,,0,0,0,0,0,0,,,,2434038.3336908747,4576088.0132
222,29.01913,41.10126,-120.4,-15.2,-4.45,-127.0,-121.45,,,,-20.9,-16.200000000000003,,,,68.0,23.0,59.0,,,,,139.9,21607.52,18566.21,10.3,3.0,7 (QPSK OR 16QAM OR 64QAM / Low SE -QPSK),102.0,QPSK,Rank2,10.3,LEVEL_16,22.3,,10.0,0,0,0,,0,0,,0,0,0,0,0,0,,,,2434271.679427484,4575392.2632
223,29.01915,41.10753,-123.95,-20.65,-11.55,-125.15,-120.05,-118.4,-119.5,-116.8,-22.15,-17.15,-16.1,-17.6,-15.8,76.0,23.0,30.0,40.0,68.0,76.0,25.0,148.7,12349.47,9382.1,19.5,6.0,7 (QPSK OR 16QAM OR 64QAM / Low SE -QPSK),220.0,QPSK,Rank2,19.5,LEVEL_16,22.0,,34.2,0,0,0,27.0,0,0,,0,0,0,0,0,0, BCCH-DL_SCH SIB1,,,2434040.947389019,4576090.2396
224,29.01916,41.10124,-119.65,-15.0,-5.1,-124.85,-121.65,,,,-19.4,-16.65,,,,68.0,23.0,59.0,,,,,141.4,16137.4,18557.34,6.3,5.0,5 (QPSK OR 16QAM / Low SE -QPSK),97.0,QPSK,Rank2,6.3,LEVEL_16,22.3,,10.5,0,0,0,,0,0,,0,0,0,0,0,0,,,,2434274.937272008,4575390.0368
225,29.01918,41.10124,-119.25,-14.75,-5.05,-121.75,-121.1,,,,-17.7,-16.950000000000003,,,,68.0,23.0,59.0,,,,,138.0,17940.48,16545.42,8.8,0.0,8 (QPSK OR 16QAM OR 64QAM / Low SE -QPSK),66.0,16QAM,Rank2,8.8,LEVEL_16,22.3,,8.5,0,0,0,,0,0,,0,0,0,0,0,0,,,,2434276.614973869,4575390.0368
226,29.01918,41.10753,-118.93333333333332,-17.73333333333333,-8.700000000000001,-122.86666666666667,-117.26666666666667,-115.8,,,-20.6,-16.266666666666666,-15.7,,,23.0,13.0,40.0,76.0,,,,139.9,12820.48,8509.98,10.5,13.0,10 (16QAM OR 64QAM / Low SE -QPSK),86.0,16QAM,Rank2,10.5,LEVEL_16,22.3,,24.1,0,0,0,,0,0,,0,0,0,0,0,0,,,,2434043.4637007792,4576090.2396
227,29.01919,41.10123,,,,,,,,,,,,,,,,,,,,,,,,,,,,,,,,,,,0.0,0.0,0.0,,0.0,0.0,,0.0,0.0,0.0,0.0,0.0,0.0,,,,2434277.8244713205,4575388.9236
228,29.0192,41.10754,,,,,,,,,,,,,,,,,,,,,,,48579.69,,,,,,,,,,,,0.0,0.0,0.0,,0.0,0.0,,0.0,0.0,0.0,0.0,0.0,0.0,,,,2434044.770548591,4576091.3528
229,29.01921,41.10123,-118.95,-15.1,-4.699999999999999,-121.25,-121.65,,,,-17.35,-17.65,,,,68.0,23.0,59.0,,,,,137.5,18943.02,18296.59,10.4,0.0,8 (QPSK OR 16QAM OR 64QAM / Low SE -QPSK),68.0,16QAM,Rank2,10.4,LEVEL_4,22.3,,9.5,0,0,0,,0,0,,0,0,0,0,0,0,,,,2434279.5021734373,4575388.9236
230,29.01922,41.10755,-115.44999999999999,-14.850000000000001,-2.6,-119.25,-117.19999999999999,,,,-18.450000000000003,-16.799999999999997,,,,23.0,30.0,40.0,,,,,139.3,20541.44,,13.1,109.0,10 (16QAM OR 64QAM / Low SE -QPSK),128.0,16QAM,Rank1,13.1,LEVEL_16,22.3,,38.4,0,0,0,,0,0,,0,0,0,0,0,0, BCCH-DL_SCH SIB1,,,2434046.0773958163,4576092.466
231,29.01924,41.10122,,,,,,,,,,,,,,,,,,,,,,,,,,,,,,,,,,,0.0,0.0,0.0,,0.0,0.0,,0.0,0.0,0.0,0.0,0.0,0.0,,,,2434282.3893736983,4575387.8104
232,29.01925,41.10756,-115.8,-15.2,-2.0,-122.8,-119.8,-117.0,,,-21.5,-18.7,-16.0,,,23.0,13.0,30.0,40.0,,,,136.5,63057.92,66213.01,10.3,94.0,11 (16QAM OR 64QAM / Low SE -QPSK),166.0,16QAM,Rank2,10.3,LEVEL_16,22.1,,29.0,0,0,0,,0,0,,0,0,0,0,0,0,,,,2434048.223012661,4576093.5792
233,29.01926,41.10122,-118.55,-15.3,-5.85,-120.3,,,,,-16.8,,,,,68.0,23.0,,,,,,138.3,18432.0,17863.3,8.7,7.0,7 (QPSK OR 16QAM OR 64QAM / Low SE -QPSK),72.0,16QAM,Rank2,8.7,LEVEL_4,22.3,,12.0,0,0,0,,0,0,,0,0,0,0,0,0,,,,2434284.0670760707,4575387.8104
234,29.01928,41.10757,-123.3,-21.433333333333337,-10.200000000000001,-116.39999999999999,-117.56666666666668,-118.2,-117.3,,-15.933333333333332,-17.033333333333335,-17.2,-16.7,,23.0,23.0,30.0,40.0,76.0,,13.0,144.3,79138.83,98389.09,11.0,1.0,13 (16QAM OR 64QAM / Low SE -QPSK),217.0,16QAM,Rank2,11.0,LEVEL_4,20.9,27.0,11.7,0,0,0,26.0,0,0,,0,0,0,0,0,0, BCCH-DL_SCH SIB1,,,2434050.3686286644,4576094.6924
235,29.0193,41.10757,-115.75,-16.2,-6.25,-114.05,-116.7,-118.5,,,-14.45,-17.0,-18.2,,,13.0,23.0,40.0,76.0,,,,145.7,95748.98,93232.91,11.3,1.0,14 (16QAM OR 64QAM / Low SE -QPSK),174.0,16QAM,Rank2,11.3,LEVEL_4,20.4,,9.5,0,0,0,,0,0,,0,0,0,0,0,0,,,,2434052.0461688167,4576094.6924
236,29.01931,41.10121,-119.25,-15.3,-6.0,-119.55000000000001,-121.5,,,,-16.15,-17.25,,,,68.0,23.0,59.0,,,,,138.4,21544.96,17267.97,7.4,9.0,6 (QPSK OR 16QAM OR 64QAM / Low SE -QPSK),98.0,16QAM,Rank2,7.4,LEVEL_16,22.2,,13.5,0,0,0,,0,0,,0,0,0,0,0,0,,,,2434288.6319799065,4575386.6972
237,29.01934,41.1012,,,,,,,,,,,,,,,,,,,,,,,,,,,,,,,,,,,0.0,0.0,0.0,,0.0,0.0,,0.0,0.0,0.0,0.0,0.0,0.0,,,,2434291.5191820627,4575385.584
238,29.01934,41.10758,-111.15,-15.2,-3.9000000000000004,-109.25,-128.75,-120.0,-122.4,,-13.15,-26.9,-22.3,-23.5,,13.0,23.0,76.0,68.0,76.0,,,139.0,98626.55,101380.48,11.8,0.0,15 (16QAM OR 64QAM OR 256QAM / Low SE -16QAM),104.0,64QAM,Rank2,11.8,LEVEL_4,20.6,,6.3,0,0,0,,0,0,,0,0,0,0,0,0,,,,2434055.0305536725,4576095.8056
239,29.01936,41.10119,-118.69999999999999,-15.45,-5.4,-120.35,-121.15,,,,-16.75,-17.5,,,,68.0,23.0,59.0,,,,,137.7,18697.27,19662.12,22.3,0.0,10 (16QAM OR 64QAM / Low SE -QPSK),86.0,16QAM,Rank2,22.3,LEVEL_16,22.3,,10.0,0,0,0,,0,0,,0,0,0,0,0,0,,,,2434293.567533341,4575384.4708
240,29.01936,41.1076,,,,,,,,,,,,,,,,,,,,,,,91901.41,,,,,,,,,,,,0.0,0.0,0.0,,0.0,0.0,,0.0,0.0,0.0,0.0,0.0,0.0,,,,2434055.96670194,4576098.032
241,29.01938,41.10119,,,,,,,,,,,,,,,,,,,,,,,,,,,,,,,,,,,0.0,0.0,0.0,,0.0,0.0,,0.0,0.0,0.0,0.0,0.0,0.0,,,,2434295.2452364797,4575384.4708
242,29.01938,41.10761,-110.2,-14.55,-2.4,-110.7,-115.19999999999999,-115.0,,,-14.600000000000001,-18.6,-16.7,,,13.0,23.0,40.0,68.0,,,,130.1,98938.88,,12.1,0.0,15 (16QAM OR 64QAM OR 256QAM / Low SE -16QAM),98.0,64QAM,Rank2,12.1,LEVEL_2,20.2,,6.8,0,0,0,,0,0,,0,0,0,0,0,0, BCCH-DL_SCH SIB1,,,2434057.2735451446,4576099.1452
243,29.0194,41.10119,-117.85,-15.149999999999999,-3.95,-119.5,-120.30000000000001,,,,-16.700000000000003,-17.15,,,,68.0,23.0,59.0,,,,,136.2,19701.76,20114.47,21.7,6.0,8 (QPSK OR 16QAM OR 64QAM / Low SE -QPSK),185.0,QPSK,Rank2,21.7,LEVEL_16,22.2,,10.7,0,0,0,,0,0,,0,0,0,0,0,0,,,,2434296.922939618,4575384.4708
244,29.01944,41.10118,-117.8,-15.2,-3.5999999999999996,-119.6,-119.55,,,,-17.15,-16.75,,,,68.0,23.0,59.0,,,,,135.4,43357.44,21679.68,22.2,5.0,9 (QPSK OR 16QAM OR 64QAM / Low SE -QPSK),220.0,QPSK,Rank2,22.2,LEVEL_8,22.2,,10.9,0,0,0,,0,0,,0,0,0,0,0,0,,,,2434300.648995239,4575383.3576
245,29.01944,41.10761,-109.3,-15.2,-2.9,-108.8,-117.8,,,,-13.5,-21.1,,,,13.0,23.0,40.0,,,,,134.5,102697.91,85304.67,11.4,2.0,15 (16QAM OR 64QAM OR 256QAM / Low SE -16QAM),145.0,64QAM,Rank2,11.4,LEVEL_2,19.5,,12.9,0,0,0,,0,0,,0,0,0,0,0,0,,,,2434062.306162534,4576099.1452
246,29.01947,41.10117,-117.30000000000001,-14.85,-2.55,-117.4,-120.1,,,,-15.700000000000001,-17.200000000000003,,,,68.0,23.0,59.0,,,,,134.5,37070.73,31718.94,22.5,1.0,10 (16QAM OR 64QAM / Low SE -QPSK),234.0,QPSK,Rank2,22.5,LEVEL_16,22.2,,10.1,0,0,0,,0,0,,0,0,0,0,0,0,,,,2434303.5361999823,4575382.2444
247,29.01949,41.10116,,,,,,,,,,,,,,,,,,,,,,,,,,,,,,,,,,,0.0,0.0,0.0,,0.0,0.0,,0.0,0.0,0.0,0.0,0.0,0.0,,,,2434305.5845534652,4575381.1312
248,29.01951,41.10115,-116.2,-14.4,-2.5,-118.30000000000001,-118.65,,,,-16.6,-16.55,,,,68.0,23.0,59.0,,,,,133.1,52183.04,36951.72,5.4,4.0,5 (QPSK OR 16QAM / Low SE -QPSK),268.0,QPSK,Rank2,5.4,LEVEL_8,22.1,,9.9,0,0,0,,0,0,,0,0,0,0,0,0,,,,2434307.6329073855,4575380.017999999
249,29.01952,41.10764,-116.10000000000001,-19.6,-0.30000000000000004,-110.43333333333334,-109.06666666666666,,,,-15.4,-14.066666666666668,,,,13.0,13.0,23.0,,,,16.0,150.1,93866.64,93618.1,10.9,1.0,10 (16QAM OR 64QAM / Low SE -QPSK),242.0,16QAM,Rank2,10.9,LEVEL_16,20.4,22.0,8.1,0,0,0,25.0,0,0,,0,0,0,0,0,0, BCCH-DL_SCH SIB1,,,2434067.9042247003,4576102.484800001
250,29.01956,41.10765,,,,,,,,,,,,,,,,,,,,,,,94434.78,,,,,,,,,,,,0.0,0.0,0.0,,0.0,0.0,,0.0,0.0,0.0,0.0,0.0,0.0,,,,2434070.88860265,4576103.598
251,29.01957,41.10115,-116.25,-14.899999999999999,-2.0,-117.6,-118.65,,,,-16.7,-17.05,,,,68.0,23.0,59.0,,,,,132.9,27798.65,44846.89,0.1,1.0,6 (QPSK OR 16QAM OR 64QAM / Low SE -QPSK),265.0,QPSK,Rank2,0.1,LEVEL_16,22.0,,12.9,0,0,0,,0,0,,0,0,0,0,0,0,,,,2434312.6660198662,4575380.017999999
252,29.01961,41.10766,-116.35,-17.9,-5.0,-118.75,-113.94999999999999,-111.5,,,-19.25,-15.8,-13.5,,,40.0,13.0,23.0,23.0,,,,147.9,96686.08,,9.3,0.0,9 (QPSK OR 16QAM OR 64QAM / Low SE -QPSK),216.0,16QAM,Rank2,9.3,LEVEL_4,20.7,,8.5,0,0,0,,0,0,,0,0,0,0,0,0,,,,2434074.71174843,4576104.711200001
253,29.01963,41.10113,-116.3,-15.3,-1.4,-117.7,-121.7,,,,-16.6,-19.8,,,,68.0,23.0,59.0,,,,,133.2,4836.42,,0.0,8.0,9 (QPSK OR 16QAM OR 64QAM / Low SE -QPSK),261.0,QPSK,Rank2,0.0,LEVEL_16,22.2,,10.0,0,0,0,,0,0,,0,0,0,0,0,0,,,,2434318.4404352205,4575377.7916
254,29.01965,41.10767,,,,,,,,,,,,,,,,,,,,,,,93919.48,,,,,,,,,,,,0.0,0.0,0.0,,0.0,0.0,,0.0,0.0,0.0,0.0,0.0,0.0,,,,2434077.69612406,4576105.8244
255,29.01966,41.10113,-116.8,-15.2,-1.8,-117.3,-120.7,,,,-16.6,-18.3,,,,68.0,23.0,59.0,,,,,133.4,6389.79,16401.7,0.0,10.0,11 (16QAM OR 64QAM / Low SE -QPSK),259.0,QPSK,Rank2,0.0,LEVEL_16,22.2,,10.4,0,0,0,,0,0,,0,0,0,0,0,0,,,,2434320.956992227,4575377.7916
256,29.01969,41.10112,-116.3,-14.9,-1.6,-115.0,-120.4,,,,-14.8,-17.7,,,,68.0,23.0,59.0,,,,,132.1,3710.75,,0.0,8.0,8 (QPSK OR 16QAM OR 64QAM / Low SE -QPSK),260.0,QPSK,Rank2,0.0,LEVEL_16,22.2,,7.9,0,0,0,,0,0,,0,0,0,0,0,0,,,,2434323.844201326,4575376.678400001
257,29.0197,41.10769,-117.0,-17.45,-4.65,-114.30000000000001,-114.19999999999999,-117.5,,,-15.85,-15.3,-19.0,,,40.0,13.0,23.0,76.0,,,,137.9,97131.55,,9.2,0.0,7 (QPSK OR 16QAM OR 64QAM / Low SE -QPSK),240.0,16QAM,Rank2,9.2,LEVEL_4,20.9,,9.7,0,0,0,,0,0,,0,0,0,0,0,0,,,,2434081.1485664025,4576108.050799999
258,29.01972,41.10111,-116.0,-15.3,-1.5,-118.5,-118.2,,,,-17.0,-16.2,,,,68.0,23.0,59.0,,,,,132.0,14929.98,5007.17,0.0,10.0,7 (QPSK OR 16QAM OR 64QAM / Low SE -QPSK),263.0,QPSK,Rank2,0.0,LEVEL_16,22.0,,10.4,0,0,0,,0,0,,0,0,0,0,0,0,,,,2434326.7314111157,4575375.5652
259,29.01974,41.1077,,,,,,,,,,,,,,,,,,,,,,,94225.79,,,,,,,,,,,,0.0,0.0,0.0,,0.0,0.0,,0.0,0.0,0.0,0.0,0.0,0.0,,,,2434084.1329391273,4576109.164
260,29.01975,41.1011,-115.05000000000001,-14.25,-0.4,-118.19999999999999,-118.65,,,,-16.950000000000003,-17.5,,,,68.0,23.0,59.0,,,,,132.6,21811.3,15529.44,0.0,10.0,4 (QPSK OR 16QAM / Low SE -QPSK),268.0,QPSK,Rank2,0.0,LEVEL_4,21.9,,12.2,0,0,0,,0,0,,0,0,0,0,0,0,,,,2434329.6186215985,4575374.4520000005
261,29.01979,41.10771,-116.75,-14.75,-0.7,-118.5,-117.55,-122.0,-120.6,,-17.35,-16.35,-19.65,-19.1,,40.0,13.0,23.0,76.0,76.0,,,135.9,96890.88,,8.6,7.0,8 (QPSK OR 16QAM OR 64QAM / Low SE -QPSK),214.0,16QAM,Rank2,8.6,LEVEL_4,21.0,,13.3,0,0,0,,0,0,,0,0,0,0,0,0,,,,2434087.9560790444,4576110.277199999
262,29.0198,41.10109,-114.2,-14.1,-0.9,-117.0,-119.8,,,,-15.8,-19.3,,,,68.0,23.0,59.0,,,,,131.5,22920.58,,0.0,3.0,5 (QPSK OR 16QAM / Low SE -QPSK),267.0,QPSK,Rank2,0.0,LEVEL_4,21.9,,8.5,0,0,0,,0,0,,0,0,0,0,0,0,,,,2434334.183538467,4575373.3388
263,29.01982,41.10507,-98.0,-14.65,-2.4499999999999997,-93.7,,,,,-11.55,,,,,13.0,23.0,,,,,,117.8,95801.38,92819.16,12.5,0.0,15 (16QAM OR 64QAM OR 256QAM / Low SE -16QAM),155.0,64QAM,Rank3,12.5,LEVEL_2,19.3,,10.3,0,0,0,,0,0,,0,0,0,0,0,0,,,,2434188.3352811295,4575816.392399999
264,29.01982,41.10512,-96.46666666666668,-13.9,-1.7000000000000002,-98.06666666666666,,,,,-16.333333333333332,,,,,23.0,13.0,,,,,3.0,113.8,73294.1,80831.38,5.6,6.0,16 (16QAM OR 64QAM OR 256QAM / Low SE -16QAM),89.0,64QAM,Rank3,5.6,LEVEL_16,17.6,14.0,3.0,0,0,0,5.0,0,0,,0,0,0,0,0,0, BCCH-DL_SCH SIB2,,,2434186.4818651783,4575821.9584
265,29.01983,41.10108,-114.0,-13.8,0.1,-122.1,,,,,-20.3,,,,,68.0,23.0,,,,,,131.4,13917.25,19396.26,0.0,7.0,5 (QPSK OR 16QAM / Low SE -QPSK),266.0,QPSK,Rank2,0.0,LEVEL_4,21.9,,16.0,0,0,0,,0,0,,0,0,0,0,0,0,,,,2434337.07075059,4575372.2256000005
266,29.01983,41.10504,,,,,,,,,,,,,,,,,,,,,,,93259.09,,,,,,,,,,,,0.0,0.0,0.0,,0.0,0.0,,0.0,0.0,0.0,0.0,0.0,0.0,,,,2434190.2861322034,4575813.052800001
267,29.01985,41.10495,-98.69999999999999,-15.35,0.8,-94.8,,,,,-12.0,,,,,13.0,23.0,,,,,,116.9,96762.93,,4.4,0.0,20 (64QAM OR 256QAM / Low SE -16QAM),138.0,64QAM,Rank2,4.4,LEVEL_2,18.3,,8.5,0,0,0,,0,0,,0,0,0,0,0,0,,,,2434195.2998824785,4575803.034
268,29.01985,41.10498,,,,,,,,,,,,,,,,,,,,,,,93357.28,,,,,,,,,,,,0.0,0.0,0.0,,0.0,0.0,,0.0,0.0,0.0,0.0,0.0,0.0,,,,2434194.1878346503,4575806.3736
269,29.01985,41.10501,-98.65,-15.05,-0.35,-94.3,,,,,-11.8,,,,,13.0,23.0,,,,,,117.7,96230.47,,26.9,0.0,23 (64QAM OR 256QAM OR 1024 QAM / Low SE -64QAM),109.0,64QAM,Rank3,26.9,LEVEL_2,18.4,,15.7,0,0,0,,0,0,,0,0,0,0,0,0,,,,2434193.0757861543,4575809.7132
270,29.01985,41.10517,-91.94999999999999,-11.149999999999999,10.55,-101.45,,,,,-19.15,,,,,23.0,13.0,,,,,,109.7,95975.38,,10.1,4.0,19 (64QAM OR 256QAM / Low SE -16QAM),79.0,64QAM,Rank3,10.1,LEVEL_2,17.5,,0.0,0,0,0,,0,0,,0,0,0,0,0,0, UL-DCCH RRCReconfigurationComplete,,,2434187.1448495714,4575827.5244
271,29.01986,41.10108,-115.25,-13.9,0.55,-121.85,-121.15,,,,-19.6,-19.05,,,,68.0,23.0,59.0,,,,,132.0,79196.99,8688.42,4.8,6.0,5 (QPSK OR 16QAM / Low SE -QPSK),259.0,QPSK,Rank2,4.8,LEVEL_16,22.0,,12.5,0,0,0,,0,0,,0,0,0,0,0,0,,,,2434339.587309513,4575372.2256000005
272,29.01987,41.1052,,,,,,,,,,,,,,,,,,,,,,,89289.59,,,,,,,,,,,,0.0,0.0,0.0,,0.0,0.0,,0.0,0.0,0.0,0.0,0.0,0.0,,,,2434187.7103975485,4575830.864
273,29.01989,41.10489,-94.65,-12.25,3.3,-95.15,,,,,-13.65,,,,,13.0,23.0,,,,,,115.7,96215.04,93355.95,6.1,0.0,20 (64QAM OR 256QAM / Low SE -16QAM),144.0,64QAM,Rank2,6.1,LEVEL_2,18.1,,6.9,0,0,0,,0,0,,0,0,0,0,0,0,,,,2434200.8791933716,4575796.3548
274,29.01989,41.10522,-89.44999999999999,-10.7,13.0,-103.25,,,,,-22.75,,,,,23.0,13.0,,,,,,107.9,95344.89,109030.89,5.8,0.0,24 (64QAM OR 256QAM OR 1024 QAM / Low SE -64QAM),86.0,256QAM,Rank3,5.8,LEVEL_1,17.5,,0.0,0,0,0,,0,0,,0,0,0,0,0,0,,,,2434188.646628374,4575833.0904
275,29.01989,41.10774,-116.1,-13.600000000000001,2.6500000000000004,-119.15,,,,,-16.85,,,,,40.0,30.0,,,,,,136.0,97341.44,93577.39,8.4,0.0,11 (16QAM OR 64QAM / Low SE -QPSK),197.0,16QAM,Rank2,8.4,LEVEL_4,21.4,,10.8,0,0,0,,0,0,,0,0,0,0,0,0,,,,2434095.2316511623,4576113.6168
276,29.0199,41.10486,,,,,,,,,,,,,,,,,,,,,,,93477.88,,,,,,,,,,,,0.0,0.0,0.0,,0.0,0.0,,0.0,0.0,0.0,0.0,0.0,0.0,,,,2434202.8300454235,4575793.0152
277,29.01991,41.10483,-91.95,-11.1,7.15,-97.6,,,,,-17.85,,,,,13.0,23.0,,,,,,113.5,96087.12,,3.8,0.0,20 (64QAM OR 256QAM / Low SE -16QAM),140.0,64QAM,Rank2,3.8,LEVEL_2,17.5,,6.3,0,0,0,,0,0,,0,0,0,0,0,0,,,,2434204.7808975745,4575789.6756
278,29.01992,41.10477,-89.69999999999999,-11.05,10.45,,,,,,,,,,,13.0,,,,,,,110.2,96256.83,93812.24,12.3,0.0,22 (64QAM OR 256QAM / Low SE -16QAM),142.0,256QAM,Rank2,12.3,LEVEL_2,17.5,,1.3,0,0,0,,0,0,,0,0,0,0,0,0,,,,2434207.8437963314,4575782.9964000005
279,29.01992,41.10528,-88.1,-10.6,14.75,-116.8,,,,,-30.45,,,,,23.0,13.0,,,,,,107.1,95723.52,92849.67,11.0,0.0,26 (64QAM OR 256QAM OR 1024 QAM / Low SE -64QAM),81.0,256QAM,Rank3,11.0,LEVEL_1,17.5,,0.0,0,0,0,,0,0,,0,0,0,0,0,0,,,,2434188.938914955,4575839.7696
280,29.01993,41.10106,-115.4,-13.5,0.9,-122.9,-122.3,,,,-20.3,-19.7,,,,68.0,23.0,59.0,,,,,132.0,92405.76,,8.4,0.0,6 (QPSK OR 16QAM OR 64QAM / Low SE -QPSK),269.0,QPSK,Rank2,8.4,LEVEL_4,22.0,,10.4,0,0,0,,0,0,,0,0,0,0,0,0,,,,2434346.2005898305,4575369.9991999995
281,29.01993,41.10471,-86.85,-10.850000000000001,18.200000000000003,-118.6,,,,,-30.2,,,,,13.0,3.0,,,,,,105.9,97710.08,,12.2,0.0,22 (64QAM OR 256QAM / Low SE -16QAM),47.0,256QAM,Rank3,12.2,LEVEL_2,17.5,,0.0,0,0,0,,0,0,,0,0,0,0,0,0,,,,2434210.9066939517,4575776.3171999995
282,29.01993,41.10474,,,,,,,,,,,,,,,,,,,,,,,106531.4,,,,,,,,,,,,0.0,0.0,0.0,,0.0,0.0,,0.0,0.0,0.0,0.0,0.0,0.0,,,,2434209.7946483963,4575779.6568
283,29.01993,41.10775,,,,,,,,,,,,,,,,,,,,,,,96167.92,,,,,,,,,,,,0.0,0.0,0.0,,0.0,0.0,,0.0,0.0,0.0,0.0,0.0,0.0,,,,2434098.2160185347,4576114.73
284,29.01994,41.10459,-78.7,-10.55,19.75,-98.55,,,,,-21.65,,,,,13.0,3.0,,,,,,99.8,97776.64,93280.84,7.6,0.0,25 (64QAM OR 256QAM OR 1024 QAM / Low SE -64QAM),35.0,256QAM,Rank3,7.6,LEVEL_1,17.5,,0.0,0,0,0,,0,0,,0,0,0,0,0,0,,,,2434216.193677641,4575762.9588
285,29.01994,41.10465,-84.75,-10.8,17.700000000000003,-106.75,,,,,-25.450000000000003,,,,,13.0,3.0,,,,,,104.8,97623.88,,8.8,0.0,22 (64QAM OR 256QAM / Low SE -16QAM),37.0,256QAM,Rank4,8.8,LEVEL_1,17.5,,0.0,0,0,0,,0,0,,0,0,0,0,0,0,,,,2434213.9695904353,4575769.638
286,29.01994,41.10468,,,,,,,,,,,,,,,,,,,,,,,82999.23,,,,,,,,,,,,0.0,0.0,0.0,,0.0,0.0,,0.0,0.0,0.0,0.0,0.0,0.0,,,,2434212.8575458317,4575772.9776
287,29.01995,41.10456,,,,,,,,,,,,,,,,,,,,,,,94053.83,,,,,,,,,,,,0.0,0.0,0.0,,0.0,0.0,,0.0,0.0,0.0,0.0,0.0,0.0,,,,2434218.1445287676,4575759.6192
288,29.01995,41.10533,-86.5,-10.45,17.35,,,,,,,,,,,23.0,,,,,,,104.6,95083.66,,9.0,0.0,26 (64QAM OR 256QAM OR 1024 QAM / Low SE -64QAM),77.0,256QAM,Rank3,9.0,LEVEL_1,17.5,,0.0,0,0,0,,0,0,,0,0,0,0,0,0,,,,2434189.6018808987,4575845.3356
289,29.01996,41.10453,-73.55000000000001,-10.4,23.35,-90.30000000000001,,,,,-22.3,,,,,13.0,3.0,,,,,,95.2,94801.92,,5.5,0.0,27 (64QAM OR 256QAM / Low SE -64QAM),26.0,256QAM,Rank4,5.5,LEVEL_1,17.5,,0.0,0,0,0,,0,0,,0,0,0,0,0,0,,,,2434220.0953799933,4575756.2796
290,29.01997,41.10105,-115.0,-13.4,1.1,-120.4,,,,,-19.0,,,,,68.0,59.0,,,,,,131.1,80281.6,78513.62,9.9,0.0,7 (QPSK OR 16QAM OR 64QAM / Low SE -QPSK),237.0,QPSK,Rank2,9.9,LEVEL_4,22.0,,10.0,0,0,0,,0,0,,0,0,0,0,0,0,,,,2434349.926657898,4575368.886
291,29.01997,41.10451,,,,,,,,,,,,,,,,,,,,,,,94379.08,,,,,,,,,,,,0.0,0.0,0.0,,0.0,0.0,,0.0,0.0,0.0,0.0,0.0,0.0,,,,2434221.6755505865,4575754.0532
292,29.01998,41.10448,-75.7,-10.6,20.6,-92.1,,,,,-21.9,,,,,13.0,3.0,,,,,,92.1,97402.88,,2.8,0.0,27 (64QAM OR 256QAM / Low SE -64QAM),25.0,256QAM,Rank4,2.8,LEVEL_1,17.5,,0.0,0,0,0,,0,0,,0,0,0,0,0,0,,,,2434223.6264021043,4575750.7136
293,29.01998,41.10538,-86.9,-10.649999999999999,17.05,,,,,,,,,,,23.0,,,,,,,104.9,95784.96,93118.27,10.4,0.0,26 (64QAM OR 256QAM OR 1024 QAM / Low SE -64QAM),80.0,256QAM,Rank3,10.4,LEVEL_1,17.5,,0.0,0,0,0,,0,0,,0,0,0,0,0,0,,,,2434190.2648411565,4575850.9015999995
294,29.01998,41.10776,-114.25,-13.100000000000001,0.7999999999999999,-117.6,,,,,-15.350000000000001,,,,,40.0,30.0,,,,,,135.5,97362.32,,11.1,9.0,11 (16QAM OR 64QAM / Low SE -QPSK),147.0,16QAM,Rank2,11.1,LEVEL_4,20.9,,16.2,0,0,0,,0,0,,0,0,0,0,0,0, UL-DCCH RRCReconfigurationComplete,,,2434102.0391524597,4576115.8432
295,29.01999,41.10444,-73.85,-10.55,15.649999999999999,-94.55,,,,,-23.3,,,,,13.0,3.0,,,,,,95.3,97648.64,85775.47,8.1,0.0,26 (64QAM OR 256QAM OR 1024 QAM / Low SE -64QAM),28.0,256QAM,Rank4,8.1,LEVEL_1,17.5,,0.0,0,0,0,,0,0,,0,0,0,0,0,0,,,,2434225.947934264,4575746.260799999
296,29.02,41.1044,-68.95,-10.600000000000001,16.8,-85.7,,,,,-21.1,,,,,13.0,3.0,,,,,,91.4,83972.4,,1.5,0.0,27 (64QAM OR 256QAM / Low SE -64QAM),23.0,256QAM,Rank4,1.5,LEVEL_1,17.5,,0.0,0,0,0,,0,0,,0,0,0,0,0,0,,,,2434228.2694662586,4575741.808
297,29.02,41.10442,,,,,,,,,,,,,,,,,,,,,,,91052.72,,,,,,Rank4,,,,,,0,0,0,,0,0,,0,0,0,0,0,0,,,,2434227.5281054387,4575744.034399999
298,29.02,41.1054,,,,,,,,,,,,,,,,,,,,,,,,,,,,,,,,,,,0.0,0.0,0.0,,0.0,0.0,,0.0,0.0,0.0,0.0,0.0,0.0,,,,2434191.201061903,4575853.1280000005
299,29.02001,41.10104,-115.5,-13.75,-0.05,-121.30000000000001,-118.1,,,,-18.35,-16.05,,,,68.0,23.0,59.0,,,,,134.4,79728.64,84400.55,9.2,8.0,6 (QPSK OR 16QAM OR 64QAM / Low SE -QPSK),258.0,QPSK,Rank2,9.2,LEVEL_4,22.1,,11.0,0,0,0,,0,0,,0,0,0,0,0,0,,,,2434353.6527269133,4575367.772799999
300,29.02001,41.10439,,,,,,,,,,,,,,,,,,,,,,,92177.94,,,,,,Rank4,,,,,,0,0,0,,0,0,,0,0,0,0,0,0,,,,2434229.4789572535,4575740.694800001
301,29.02002,41.10438,-73.1,-10.55,22.25,-89.15,,,,,-22.95,,,,,13.0,3.0,,,,,,88.3,95585.17,,3.0,0.0,27 (64QAM OR 256QAM / Low SE -64QAM),56.0,256QAM,Rank4,3.0,LEVEL_1,17.5,,0.0,0,0,0,,0,0,,0,0,0,0,0,0,,,,2434230.68844843,4575739.5816
302,29.02002,41.10543,-84.6,-10.5,21.65,,,,,,,,,,,23.0,,,,,,,102.5,95728.54,92535.02,1.7,0.0,27 (64QAM OR 256QAM / Low SE -64QAM),72.0,256QAM,Rank3,1.7,LEVEL_1,17.5,,0.0,0,0,0,,0,0,,0,0,0,0,0,0,,,,2434191.7665931396,4575856.4676
303,29.02003,41.10437,-76.3,-10.6,12.55,-86.15,,,,,-19.6,,,,,13.0,3.0,,,,,,94.8,95498.24,92301.99,0.3,0.0,27 (64QAM OR 256QAM / Low SE -64QAM),53.0,256QAM,Rank4,0.3,LEVEL_1,17.5,,0.0,0,0,0,,0,0,,0,0,0,0,0,0,,,,2434231.8979397877,4575738.468400001
304,29.02004,41.10436,-74.25,-10.649999999999999,15.7,-90.85,,,,,-22.75,,,,,13.0,3.0,,,,,,95.2,95728.54,92377.04,0.3,0.0,27 (64QAM OR 256QAM / Low SE -64QAM),54.0,256QAM,Rank4,0.3,LEVEL_1,17.5,,0.0,0,0,0,,0,0,,0,0,0,0,0,0,,,,2434233.107431327,4575737.3552
305,29.02005,41.10436,-73.75,-10.7,12.95,-85.1,,,,,-19.45,,,,,13.0,3.0,,,,,,92.3,95400.84,92508.6,0.3,0.0,27 (64QAM OR 256QAM / Low SE -64QAM),55.0,256QAM,Rank4,0.3,LEVEL_1,17.5,,0.0,0,0,0,,0,0,,0,0,0,0,0,0,,,,2434233.946242406,4575737.3552
306,29.02006,41.10436,-74.4,-10.55,12.5,-83.7,,,,,-20.549999999999997,,,,,13.0,3.0,,,,,,90.9,95559.68,92319.07,0.0,0.0,27 (64QAM OR 256QAM / Low SE -64QAM),54.0,256QAM,Rank4,0.0,LEVEL_1,17.5,,0.0,0,0,0,,0,0,,0,0,0,0,0,0,,,,2434234.7850534855,4575737.3552
307,29.02006,41.10548,-82.7,-10.45,23.1,,,,,,,,,,,23.0,,,,,,,101.2,95698.02,92729.79,12.1,0.0,26 (64QAM OR 256QAM OR 1024 QAM / Low SE -64QAM),60.0,256QAM,Rank4,12.1,LEVEL_1,17.5,,0.0,0,0,0,,0,0,,0,0,0,0,0,0,,,,2434193.268338161,4575862.0336
308,29.02007,41.10436,-74.25,-10.75,12.35,-83.35,,,,,-19.25,,,,,13.0,3.0,,,,,,92.4,95728.54,93172.45,0.7,0.0,27 (64QAM OR 256QAM / Low SE -64QAM),55.0,256QAM,Rank4,0.7,LEVEL_1,17.5,,0.0,0,0,0,,0,0,,0,0,0,0,0,0,,,,2434235.6238645646,4575737.3552
309,29.02007,41.10778,-111.75,-12.350000000000001,3.35,-116.35,,,,,-16.2,,,,,40.0,30.0,,,,,,133.0,98585.55,101174.2,9.4,0.0,14 (16QAM OR 64QAM / Low SE -QPSK),109.0,64QAM,Rank2,9.4,LEVEL_4,20.7,,7.9,0,0,0,,0,0,,0,0,0,0,0,0,,,,2434108.8466488617,4576118.0696
310,29.02009,41.10435,-76.3,-10.8,13.7,-81.80000000000001,,,,,-16.55,,,,,13.0,3.0,,,,,,94.1,96752.59,94838.38,0.0,0.0,27 (64QAM OR 256QAM / Low SE -64QAM),30.0,256QAM,Rank4,0.0,LEVEL_1,17.5,,0.0,0,0,0,,0,0,,0,0,0,0,0,0,,,,2434237.6721678753,4575736.242
311,29.0201,41.10101,-115.8,-14.3,-0.7,-122.0,-117.1,,,,-20.2,-15.3,,,,68.0,23.0,59.0,,,,,134.1,56835.69,,13.7,0.0,7 (QPSK OR 16QAM OR 64QAM / Low SE -QPSK),250.0,QPSK,Rank2,13.7,LEVEL_4,22.1,,9.4,0,0,0,,0,0,,0,0,0,0,0,0,,,,2434362.3143780394,4575364.4332
312,29.0201,41.10551,-81.0,-10.4,24.0,,,,,,,,,,,23.0,,,,,,,99.1,96686.08,92813.36,13.9,0.0,27 (64QAM OR 256QAM / Low SE -64QAM),59.0,256QAM,Rank4,13.9,LEVEL_1,17.5,,0.0,0,0,0,,0,0,,0,0,0,0,0,0,,,,2434195.511456054,4575865.3732
313,29.02012,41.10553,-79.6,-10.4,24.7,,,,,,,,,,,23.0,,,,,,,,,,,,,,,,,,,,,0.0,0.0,0.0,,0.0,0.0,,0.0,0.0,0.0,0.0,0.0,0.0,,,,2434196.4476684863,4575867.5996
314,29.02012,41.10779,,,,,,,,,,,,,,,,,,,,,,,89427.45,,,,,,,,,,,,0.0,0.0,0.0,,0.0,0.0,,0.0,0.0,0.0,0.0,0.0,0.0,,,,2434112.6697788592,4576119.1828000005
315,29.02013,41.10435,-71.0,-10.4,15.6,-81.8,,,,,-16.9,,,,,13.0,3.0,,,,,,94.7,98447.36,100727.85,0.0,0.0,27 (64QAM OR 256QAM / Low SE -64QAM),24.0,256QAM,Rank4,0.0,LEVEL_1,17.5,,0.0,0,0,0,,0,0,,0,0,0,0,0,0,,,,2434241.0274127037,4575736.242
316,29.02014,41.10554,-80.3,-10.350000000000001,23.2,,,,,,,,,,,23.0,,,,,,,99.3,96890.88,92657.98,9.9,0.0,26 (64QAM OR 256QAM OR 1024 QAM / Low SE -64QAM),63.0,256QAM,Rank4,9.9,LEVEL_1,17.5,,0.0,0,0,0,,0,0,,0,0,0,0,0,0,,,,2434197.7545702155,4575868.7128
317,29.02016,41.101,-115.6,-14.1,-1.2,-137.5,-115.7,,,,-30.4,-14.0,,,,68.0,23.0,59.0,,,,,133.3,41201.52,70242.62,7.8,4.0,6 (QPSK OR 16QAM OR 64QAM / Low SE -QPSK),266.0,QPSK,Rank2,7.8,LEVEL_8,22.0,,6.8,0,0,0,,0,0,,0,0,0,0,0,0,,,,2434367.718158454,4575363.32
318,29.02016,41.10436,-73.96666666666665,-10.700000000000001,16.7,-93.60000000000001,,,,,-24.0,,,,,13.0,3.0,,,,,,90.8,98611.2,90814.02,0.0,0.0,27 (64QAM OR 256QAM / Low SE -64QAM),24.0,256QAM,Rank4,0.0,LEVEL_1,17.5,,0.0,0,0,0,,0,0,,0,0,0,0,0,0,,,,2434243.1731642787,4575737.3552
319,29.02017,41.10555,,,,,,,,,,,,,,,,,,,,,,,,,,,,,,,,,,,0.0,0.0,0.0,,0.0,0.0,,0.0,0.0,0.0,0.0,0.0,0.0,,,,2434199.9002672383,4575869.826
320,29.02017,41.1078,-110.15,-13.05,3.0,-112.6,,,,,-14.6,,,,,40.0,30.0,,,,,,131.5,98570.24,,12.5,0.0,19 (64QAM OR 256QAM / Low SE -16QAM),79.0,64QAM,Rank2,12.5,LEVEL_2,20.6,,7.7,0,0,0,,0,0,,0,0,0,0,0,0,,,,2434116.492907506,4576120.296
321,29.02018,41.10436,-74.6,-10.6,16.9,-85.5,,,,,-17.8,,,,,13.0,3.0,,,,,,97.0,98637.48,95177.11,0.0,0.0,27 (64QAM OR 256QAM / Low SE -64QAM),24.0,256QAM,Rank4,0.0,LEVEL_1,17.5,,0.5,0,0,0,,0,0,,0,0,0,0,0,0,,,,2434244.8507864373,4575737.3552
322,29.02019,41.10556,-79.4,-10.4,24.0,,,,,,,,,,,23.0,,,,,,,97.6,96906.28,93009.56,10.0,0.0,26 (64QAM OR 256QAM OR 1024 QAM / Low SE -64QAM),63.0,256QAM,Rank4,10.0,LEVEL_1,17.5,,0.0,0,0,0,,0,0,,0,0,0,0,0,0,,,,2434201.2071676687,4575870.9392
323,29.02021,41.10437,-69.25,-10.45,17.85,-92.55,,,,,-24.25,,,,,13.0,3.0,,,,,,92.0,98616.37,99010.12,0.0,0.0,27 (64QAM OR 256QAM / Low SE -64QAM),24.0,256QAM,Rank4,0.0,LEVEL_1,17.5,,0.0,0,0,0,,0,0,,0,0,0,0,0,0,,,,2434246.996536916,4575738.468400001
324,29.02022,41.10099,-115.6,-14.2,-0.15,-116.35,,,,,-14.45,,,,,68.0,59.0,,,,,,131.6,32626.43,43101.89,0.0,14.0,6 (QPSK OR 16QAM OR 64QAM / Low SE -QPSK),268.0,QPSK,Rank1,0.0,LEVEL_8,21.8,,9.2,0,0,0,,0,0,,0,0,0,0,0,0,,,,2434373.121940327,4575362.206800001
325,29.02022,41.10437,-66.8,-10.4,17.8,-84.6,,,,,-22.4,,,,,13.0,3.0,,,,,,,,92460.22,,,,,,,,,,,,0.0,0.0,0.0,,0.0,0.0,,0.0,0.0,0.0,0.0,0.0,0.0,,,,2434247.835347868,4575738.468400001
326,29.02022,41.10781,,,,,,,,,,,,,,,,,,,,,,,95475.11,,,,,,,,,,,,0.0,0.0,0.0,,0.0,0.0,,0.0,0.0,0.0,0.0,0.0,0.0,,,,2434120.316034801,4576121.4092
327,29.02023,41.10558,,,,,,,,,,,,,,,,,,,,,,,,,,,,,,,,,,,0.0,0.0,0.0,,0.0,0.0,,0.0,0.0,0.0,0.0,0.0,0.0,,,,2434203.8209667746,4575873.1656
328,29.02024,41.10438,-66.9,-10.4,15.9,-91.2,,,,,-26.9,,,,,13.0,3.0,,,,,,92.3,98616.37,,0.7,0.0,27 (64QAM OR 256QAM / Low SE -64QAM),24.0,256QAM,Rank4,0.7,LEVEL_1,17.5,,0.0,0,0,0,,0,0,,0,0,0,0,0,0,,,,2434249.142286555,4575739.5816
329,29.02026,41.10559,-79.3,-10.4,24.85,,,,,,,,,,,23.0,,,,,,,97.0,96404.41,94401.74,9.5,0.0,27 (64QAM OR 256QAM / Low SE -64QAM),58.0,256QAM,Rank4,9.5,LEVEL_1,17.5,,0.5,0,0,0,,0,0,,0,0,0,0,0,0,,,,2434205.9666608176,4575874.2787999995
330,29.02026,41.10782,-110.6,-13.25,3.1,-111.80000000000001,,,,,-14.85,,,,,40.0,30.0,,,,,,130.4,97710.08,,5.9,0.0,22 (64QAM OR 256QAM / Low SE -16QAM),58.0,256QAM,Rank3,5.9,LEVEL_2,20.4,,10.7,0,0,0,,0,0,,0,0,0,0,0,0,,,,2434123.300393862,4576122.522399999
331,29.0203,41.10439,-69.3,-10.55,16.299999999999997,-87.30000000000001,,,,,-21.55,,,,,13.0,3.0,,,,,,90.8,98590.72,101923.98,0.1,0.0,27 (64QAM OR 256QAM / Low SE -64QAM),24.0,256QAM,Rank4,0.1,LEVEL_1,17.5,,0.5,0,0,0,,0,0,,0,0,0,0,0,0,,,,2434253.804467441,4575740.694800001
332,29.02033,41.10439,-68.5,-10.5,15.7,-84.1,,,,,-18.7,,,,,13.0,3.0,,,,,,,,88203.03,,,,,,,,,,,,0.0,0.0,0.0,,0.0,0.0,,0.0,0.0,0.0,0.0,0.0,0.0,,,,2434256.3208995294,4575740.694800001
333,29.02034,41.10562,-77.19999999999999,-10.4,23.200000000000003,,,,,,,,,,,23.0,,,,,,,95.9,97387.51,94426.41,6.7,0.0,27 (64QAM OR 256QAM / Low SE -64QAM),61.0,256QAM,Rank4,6.7,LEVEL_1,17.5,,0.0,0,0,0,,0,0,,0,0,0,0,0,0,,,,2434211.5649429196,4575877.6184
334,29.02035,41.10783,-109.4,-12.75,3.6999999999999997,-111.35,,,,,-14.7,,,,,40.0,30.0,,,,,,130.8,98580.42,95971.47,8.9,0.0,15 (16QAM OR 64QAM OR 256QAM / Low SE -16QAM),77.0,64QAM,Rank3,8.9,LEVEL_4,20.4,,9.1,0,0,0,,0,0,,0,0,0,0,0,0,,,,2434130.4785856,4576123.6356
335,29.02036,41.10439,-69.6,-10.5,15.9,-91.4,,,,,-24.4,,,,,13.0,3.0,,,,,,87.0,97832.96,,0.1,0.0,27 (64QAM OR 256QAM / Low SE -64QAM),24.0,256QAM,Rank4,0.1,LEVEL_1,17.5,,0.0,0,0,0,,0,0,,0,0,0,0,0,0,,,,2434258.8373316177,4575740.694800001
336,29.02037,41.10095,-115.2,-13.8,-0.2,-116.0,,,,,-14.1,,,,,68.0,59.0,,,,,,132.0,39463.61,,4.6,6.0,6 (QPSK OR 16QAM OR 64QAM / Low SE -QPSK),268.0,QPSK,Rank2,4.6,LEVEL_16,21.9,,11.5,0,0,0,,0,0,,0,0,0,0,0,0,,,,2434387.187390694,4575357.754
337,29.02037,41.10564,,,,,,,,,,,,,,,,,,,,,,,,,,,,,,,,,,,0.0,0.0,0.0,,0.0,0.0,,0.0,0.0,0.0,0.0,0.0,0.0,,,,2434213.339939508,4575879.8448
338,29.02038,41.10783,,,,,,,,,,,,,,,,,,,,,,,95438.55,,,,,,,,,,,,0.0,0.0,0.0,,0.0,0.0,,0.0,0.0,0.0,0.0,0.0,0.0,,,,2434132.9948858633,4576123.6356
339,29.02041,41.10565,-77.30000000000001,-10.4,25.5,,,,,,,,,,,23.0,,,,,,,93.6,96890.88,87333.12,6.8,0.0,27 (64QAM OR 256QAM / Low SE -64QAM),61.0,256QAM,Rank4,6.8,LEVEL_1,17.5,,0.0,0,0,0,,0,0,,0,0,0,0,0,0,,,,2434216.3244236205,4575880.958
340,29.02042,41.10441,-72.1,-10.95,13.6,-79.75,,,,,-18.25,,,,,13.0,3.0,,,,,,93.2,97469.42,94318.35,0.3,0.0,27 (64QAM OR 256QAM / Low SE -64QAM),24.0,256QAM,Rank4,0.3,LEVEL_1,17.5,,0.0,0,0,0,,0,0,,0,0,0,0,0,0,,,,2434263.1288243933,4575742.9212
341,29.02042,41.10783,-107.15,-12.5,4.1,-109.4,,,,,-14.3,,,,,40.0,30.0,,,,,,128.7,98728.91,,9.4,0.0,14 (16QAM OR 64QAM / Low SE -QPSK),74.0,64QAM,Rank3,9.4,LEVEL_2,20.1,,8.2,0,0,0,,0,0,,0,0,0,0,0,0,,,,2434136.3499528817,4576123.6356
342,29.02045,41.10092,-115.4,-13.8,0.6,-116.7,,,,,-14.7,,,,,68.0,59.0,,,,,,131.8,19313.38,35636.46,2.7,4.0,5 (QPSK OR 16QAM / Low SE -QPSK),266.0,QPSK,Rank2,2.7,LEVEL_8,21.9,,11.5,0,0,0,,0,0,,0,0,0,0,0,0,,,,2434395.0102089397,4575354.4144
343,29.02047,41.10784,-107.0,-12.7,6.300000000000001,-108.85,,,,,-14.7,,,,,40.0,30.0,,,,,,126.3,99389.44,95515.9,10.6,0.0,16 (16QAM OR 64QAM OR 256QAM / Low SE -16QAM),68.0,64QAM,Rank3,10.6,LEVEL_2,19.6,,11.6,0,0,0,,0,0,,0,0,0,0,0,0,,,,2434140.1730748443,4576124.7488
344,29.02048,41.10567,-74.05000000000001,-10.4,27.0,,,,,,,,,,,23.0,,,,,,,91.4,96871.04,101224.15,8.5,0.0,25 (64QAM OR 256QAM OR 1024 QAM / Low SE -64QAM),66.0,256QAM,Rank4,8.5,LEVEL_1,17.5,,0.0,0,0,0,,0,0,,0,0,0,0,0,0,,,,2434221.454594211,4575883.184400001
345,29.0205,41.10442,-68.5,-10.55,13.55,-77.7,,,,,-17.8,,,,,13.0,3.0,,,,,,89.9,97387.51,94548.38,0.1,0.0,27 (64QAM OR 256QAM / Low SE -64QAM),24.0,256QAM,Rank4,0.1,LEVEL_1,17.5,,0.0,0,0,0,,0,0,,0,0,0,0,0,0,,,,2434269.468621085,4575744.034399999
346,29.02052,41.10089,-116.2,-14.1,1.0,-117.7,,,,,-14.9,,,,,68.0,59.0,,,,,,132.0,15538.34,,0.0,4.0,5 (QPSK OR 16QAM / Low SE -QPSK),266.0,QPSK,Rank2,0.0,LEVEL_8,21.8,,13.5,0,0,0,,0,0,,0,0,0,0,0,0,,,,2434401.994177248,4575351.0748
347,29.02052,41.10785,-107.6,-12.6,2.75,-110.75,,,,,-15.75,,,,,40.0,30.0,,,,,,127.7,98380.76,95451.66,8.8,0.0,13 (16QAM OR 64QAM / Low SE -QPSK),75.0,64QAM,Rank3,8.8,LEVEL_2,20.2,,10.7,0,0,0,,0,0,,0,0,0,0,0,0,,,,2434143.996195456,4576125.862
348,29.02054,41.10785,,,,,,,,,,,,,,,,,,,,,,,95759.44,,,,,,,,,,,,0.0,0.0,0.0,,0.0,0.0,,0.0,0.0,0.0,0.0,0.0,0.0,,,,2434145.673728454,4576125.862
349,29.02055,41.10443,-68.9,-10.7,15.6,,,,,,,,,,,13.0,,,,,,,,,92254.28,,,,,,,,,,,,0.0,0.0,0.0,,0.0,0.0,,0.0,0.0,0.0,0.0,0.0,0.0,,,,2434273.291985103,4575745.1476
350,29.02055,41.10569,-70.9,-10.4,29.5,,,,,,,,,,,23.0,,,,,,,86.3,95897.88,94693.7,1.3,0.0,25 (64QAM OR 256QAM OR 1024 QAM / Low SE -64QAM),60.0,256QAM,Rank4,1.3,LEVEL_1,17.5,,0.7,0,0,0,,0,0,,0,0,0,0,0,0,,,,2434226.5847609285,4575885.410800001
351,29.02057,41.10786,-107.35,-12.95,3.05,-109.15,,,,,-14.75,,,,,40.0,30.0,,,,,,125.9,98636.85,,7.5,0.0,14 (16QAM OR 64QAM / Low SE -QPSK),73.0,64QAM,Rank3,7.5,LEVEL_2,20.3,,7.4,0,0,0,,0,0,,0,0,0,0,0,0,,,,2434147.819314715,4576126.9752
352,29.02059,41.10443,-64.2,-10.4,20.1,,,,,,,,,,,13.0,,,,,,,87.8,94284.98,,4.4,0.0,27 (64QAM OR 256QAM / Low SE -64QAM),26.0,256QAM,Rank4,4.4,LEVEL_1,17.5,,0.8,0,0,0,,0,0,,0,0,0,0,0,0,,,,2434276.6472258433,4575745.1476
353,29.02059,41.10571,,,,,,,,,,,,,,,,,,,,,,,,,,,,,,,,,,,0.0,0.0,0.0,,0.0,0.0,,0.0,0.0,0.0,0.0,0.0,0.0,,,,2434229.1985422675,4575887.6372
354,29.0206,41.10086,-117.0,-14.0,1.3,-116.7,,,,,-14.1,,,,,68.0,59.0,,,,,,132.7,36556.86,20550.7,0.0,0.0,3 (QPSK OR 16QAM / Low SE -QPSK),270.0,QPSK,Rank2,0.0,LEVEL_4,22.0,,9.6,0,0,0,,0,0,,0,0,0,0,0,0,,,,2434409.817006038,4575347.7352
355,29.02062,41.10572,-65.19999999999999,-10.4,32.85,,,,,,,,,,,23.0,,,,,,,79.6,95114.1,94462.98,2.6,0.0,27 (64QAM OR 256QAM / Low SE -64QAM),55.0,256QAM,Rank4,2.6,LEVEL_1,16.7,,0.0,0,0,0,,0,0,,0,0,0,0,0,0,,,,2434231.344225767,4575888.750399999
356,29.02063,41.10786,-106.4,-13.3,1.75,-106.65,,,,,-13.65,,,,,40.0,30.0,,,,,,127.9,98611.2,96245.73,12.2,0.0,15 (16QAM OR 64QAM OR 256QAM / Low SE -16QAM),76.0,64QAM,Rank3,12.2,LEVEL_2,19.7,,8.9,0,0,0,,0,0,,0,0,0,0,0,0,,,,2434152.851912943,4576126.9752
357,29.02067,41.10083,-116.2,-13.4,0.7000000000000001,-119.05000000000001,,,,,-15.85,,,,,68.0,59.0,,,,,,133.1,54865.98,32521.69,8.7,24.0,5 (QPSK OR 16QAM / Low SE -QPSK),267.0,QPSK,Rank2,8.7,LEVEL_4,21.9,,13.2,0,0,0,,0,0,,0,0,0,0,0,0,,,,2434416.8009841237,4575344.3956
358,29.02067,41.10787,,,,,,,,,,,,,,,,,,,,,,,95084.27,,,,,,,,,,,,0.0,0.0,0.0,,0.0,0.0,,0.0,0.0,0.0,0.0,0.0,0.0,,,,2434155.8362638415,4576128.0884
359,29.02069,41.10445,-61.05,-10.4,24.0,,,,,,,,,,,13.0,,,,,,,82.4,97239.04,94461.74,0.2,0.0,27 (64QAM OR 256QAM / Low SE -64QAM),24.0,256QAM,Rank4,0.2,LEVEL_1,17.5,,0.0,0,0,0,,0,0,,0,0,0,0,0,0,,,,2434284.2939488026,4575747.374
360,29.0207,41.10574,-58.8,-10.4,34.849999999999994,,,,,,,,,,,23.0,,,,,,,74.3,95359.88,92419.95,1.3,0.0,27 (64QAM OR 256QAM / Low SE -64QAM),54.0,256QAM,Rank4,1.3,LEVEL_1,12.4,,0.0,0,0,0,,0,0,,0,0,0,0,0,0,,,,2434237.3131771474,4575890.976799999
361,29.02071,41.10787,-105.05000000000001,-12.350000000000001,2.35,-107.45,,,,,-15.05,,,,,40.0,30.0,,,,,,124.4,98513.92,,7.2,0.0,15 (16QAM OR 64QAM OR 256QAM / Low SE -16QAM),65.0,64QAM,Rank3,7.2,LEVEL_2,19.9,,10.1,0,0,0,,0,0,,0,0,0,0,0,0,,,,2434159.191328816,4576128.0884
362,29.02074,41.10446,-61.1,-10.4,27.3,,,,,,,,,,,13.0,,,,,,,,,94213.23,,,,,,,,,,,,0.0,0.0,0.0,,0.0,0.0,,0.0,0.0,0.0,0.0,0.0,0.0,,,,2434288.1173082558,4575748.4872
363,29.02075,41.10788,,,,,,,,,,,,,,,,,,,,,,,95959.31,,,,,,,,,,,,0.0,0.0,0.0,,0.0,0.0,,0.0,0.0,0.0,0.0,0.0,0.0,,,,2434162.175678107,4576129.2016
364,29.02079,41.10077,-116.4,-14.1,-0.7,-116.9,,,,,-14.0,,,,,68.0,59.0,,,,,,133.6,59023.46,,6.1,0.0,5 (QPSK OR 16QAM / Low SE -QPSK),267.0,QPSK,Rank2,6.1,LEVEL_4,22.0,,10.4,0,0,0,,0,0,,0,0,0,0,0,0,,,,2434429.091240519,4575337.716399999
365,29.02079,41.10446,-60.2,-10.4,28.1,,,,,,,,,,,13.0,,,,,,,83.3,97443.84,,0.0,0.0,27 (64QAM OR 256QAM / Low SE -64QAM),24.0,256QAM,Rank4,0.0,LEVEL_1,17.2,,0.0,0,0,0,,0,0,,0,0,0,0,0,0,,,,2434292.311357266,4575748.4872
366,29.02079,41.10576,-54.4,-10.350000000000001,38.15,,,,,,,,,,,23.0,,,,,,,74.9,96215.68,93134.09,0.9,0.0,27 (64QAM OR 256QAM / Low SE -64QAM),39.0,256QAM,Rank4,0.9,LEVEL_1,11.9,,0.0,0,0,0,,0,0,,0,0,0,0,0,0,,,,2434244.12091734,4575893.203199999
367,29.02079,41.10789,-105.95,-13.0,3.05,-107.2,,,,,-14.100000000000001,,,,,40.0,30.0,,,,,,126.8,98959.36,,7.7,0.0,19 (64QAM OR 256QAM / Low SE -16QAM),50.0,64QAM,Rank3,7.7,LEVEL_2,19.4,,10.9,0,0,0,,0,0,,0,0,0,0,0,0,,,,2434165.160026302,4576130.3148
368,29.02083,41.10447,,,,,,,,,,,,,,,,,,,,,,,90402.38,,,,,,,,,,,,0.0,0.0,0.0,,0.0,0.0,,0.0,0.0,0.0,0.0,0.0,0.0,,,,2434295.2959050536,4575749.6004
369,29.02083,41.10577,,,,,,,,,,,,,,,,,,,,,,,,,,,,,,,,,,,0.0,0.0,0.0,,0.0,0.0,,0.0,0.0,0.0,0.0,0.0,0.0,,,,2434247.1053890665,4575894.3164
370,29.02084,41.10075,-117.4,-14.4,-1.0,-117.2,,,,,-14.1,,,,,68.0,59.0,,,,,,135.0,59985.95,54242.79,7.9,0.0,5 (QPSK OR 16QAM / Low SE -QPSK),268.0,QPSK,Rank2,7.9,LEVEL_4,21.9,,10.8,0,0,0,,0,0,,0,0,0,0,0,0,,,,2434434.0268533337,4575335.49
371,29.02087,41.10578,-51.75,-10.350000000000001,38.55,,,,,,,,,,,23.0,,,,,,,76.7,94914.94,92321.03,3.8,0.0,27 (64QAM OR 256QAM / Low SE -64QAM),53.0,256QAM,Rank4,3.8,LEVEL_1,14.9,,0.0,0,0,0,,0,0,,0,0,0,0,0,0,,,,2434250.0898596966,4575895.4296
372,29.02087,41.1079,-104.9,-13.0,2.7,-105.9,,,,,-13.8,,,,,40.0,30.0,,,,,,125.6,98467.84,86258.63,9.4,0.0,19 (64QAM OR 256QAM / Low SE -16QAM),49.0,64QAM,Rank3,9.4,LEVEL_2,18.8,,9.6,0,0,0,,0,0,,0,0,0,0,0,0,,,,2434171.4994368423,4576131.428
373,29.02088,41.10448,-62.65,-10.5,25.45,,,,,,,,,,,13.0,,,,,,,84.4,96194.56,,0.0,0.0,27 (64QAM OR 256QAM / Low SE -64QAM),24.0,256QAM,Rank4,0.0,LEVEL_1,17.5,,0.0,0,0,0,,0,0,,0,0,0,0,0,0,,,,2434299.119261292,4575750.7136
374,29.02089,41.10073,-115.9,-13.6,0.1,-117.0,,,,,-14.7,,,,,68.0,59.0,,,,,,133.2,57159.74,,3.8,1.0,6 (QPSK OR 16QAM OR 64QAM / Low SE -QPSK),267.0,QPSK,Rank2,3.8,LEVEL_4,21.9,,10.3,0,0,0,,0,0,,0,0,0,0,0,0,,,,2434438.962468406,4575333.2636
375,29.02093,41.10071,-116.5,-13.4,1.2,-118.6,,,,,-15.3,,,,,68.0,59.0,,,,,,133.5,61624.38,55900.14,6.9,0.0,5 (QPSK OR 16QAM / Low SE -QPSK),269.0,QPSK,Rank2,6.9,LEVEL_4,22.1,,8.5,0,0,0,,0,0,,0,0,0,0,0,0,,,,2434443.059228036,4575331.0372
376,29.02095,41.10793,-105.56666666666666,-13.5,-0.1333333333333334,-104.83333333333333,,,,,-13.266666666666666,,,,,40.0,30.0,,,,,,125.2,85301.76,16174.74,0.0,1.0,5 (QPSK OR 16QAM / Low SE -QPSK),185.0,QPSK,Rank2,0.0,LEVEL_4,18.4,,5.4,0,0,0,,0,0,,0,0,0,0,0,0,,,,2434177.097408121,4576134.7676
377,29.02096,41.10449,-61.7,-10.4,25.25,-83.5,,,,,-26.1,,,,,13.0,3.0,,,,,,83.7,89697.7,79835.63,0.0,0.0,27 (64QAM OR 256QAM / Low SE -64QAM),24.0,256QAM,Rank4,0.0,LEVEL_1,17.5,,0.0,0,0,0,,0,0,,0,0,0,0,0,0,,,,2434305.459044436,4575751.8268
378,29.02097,41.1058,-58.3,-10.4,35.8,,,,,,,,,,,23.0,,,,,,,80.2,74219.52,93171.46,1.7,0.0,27 (64QAM OR 256QAM / Low SE -64QAM),21.0,256QAM,Rank4,1.7,LEVEL_1,16.4,,0.0,0,0,0,,0,0,,0,0,0,0,0,0,,,,2434257.73638304,4575897.656
379,29.02098,41.10069,-115.7,-12.9,-0.3,-117.9,,,,,-14.9,,,,,68.0,59.0,,,,,,133.5,47882.34,,8.0,0.0,5 (QPSK OR 16QAM / Low SE -QPSK),267.0,QPSK,Rank2,8.0,LEVEL_4,22.0,,10.9,0,0,0,,0,0,,0,0,0,0,0,0,,,,2434447.994847369,4575328.8108
380,29.02099,41.10794,,,,,,,,,,,,,,,,,,,,,,,16999.74,,,,,,,,,,,,0.0,0.0,0.0,,0.0,0.0,,0.0,0.0,0.0,0.0,0.0,0.0,,,,2434180.0817508358,4576135.880799999
381,29.02101,41.10067,-116.3,-13.4,0.6,-119.2,,,,,-15.7,,,,,68.0,59.0,,,,,,134.7,,59718.05,10.4,0.0,5 (QPSK OR 16QAM / Low SE -QPSK),266.0,QPSK,Rank2,10.4,LEVEL_4,22.0,,12.2,0,0,0,,0,0,,0,0,0,0,0,0,,,,2434451.252752538,4575326.5844
382,29.02101,41.10581,,,,,,,,,,,,,,,,,,,,,,,,,,,,,,,,,,,0.0,0.0,0.0,,0.0,0.0,,0.0,0.0,0.0,0.0,0.0,0.0,,,,2434260.7208501277,4575898.7692
383,29.02104,41.10795,-106.2,-14.4,-3.05,-104.75,,,,,-13.25,,,,,40.0,30.0,,,,,,126.6,6942.72,,0.0,9.0,8 (QPSK OR 16QAM OR 64QAM / Low SE -QPSK),226.0,QPSK,Rank2,0.0,LEVEL_4,18.6,,15.8,0,0,0,,0,0,,0,0,0,0,0,0,,,,2434183.9048576755,4576136.994
384,29.02105,41.10066,-115.65,-12.8,0.95,-117.85,,,,,-14.5,,,,,68.0,59.0,,,,,,134.3,20828.26,40296.81,5.1,4.0,4 (QPSK OR 16QAM / Low SE -QPSK),265.0,QPSK,Rank2,5.1,LEVEL_4,22.0,,10.7,0,0,0,,0,0,,0,0,0,0,0,0,,,,2434454.9788514324,4575325.4712
385,29.02105,41.1045,-59.35,-10.4,27.65,-81.5,,,,,-23.6,,,,,13.0,3.0,,,,,,83.9,82620.65,78952.05,0.1,0.0,27 (64QAM OR 256QAM / Low SE -64QAM),23.0,256QAM,Rank4,0.1,LEVEL_1,17.5,,0.0,0,0,0,,0,0,,0,0,0,0,0,0,,,,2434312.6376347523,4575752.94
386,29.02106,41.10582,-58.5,-10.350000000000001,36.1,,,,,,,,,,,23.0,,,,,,,81.9,76804.02,86203.05,0.5,0.0,27 (64QAM OR 256QAM / Low SE -64QAM),22.0,256QAM,Rank4,0.5,LEVEL_1,15.9,,0.0,0,0,0,,0,0,,0,0,0,0,0,0,,,,2434264.5441085477,4575899.8824000005
387,29.02108,41.10796,,,,,,,,,,,,,,,,,,,,,,,34922.6,,,,,,,,,,,,0.0,0.0,0.0,,0.0,0.0,,0.0,0.0,0.0,0.0,0.0,0.0,,,,2434186.8891980704,4576138.1071999995
388,29.02109,41.1045,,,,,,,,,,,,,,,,,,,,,,,94037.7,,,,,,,,,,,,0.0,0.0,0.0,,0.0,0.0,,0.0,0.0,0.0,0.0,0.0,0.0,,,,2434315.9928719164,4575752.94
389,29.0211,41.10063,-116.15,-13.0,0.0,-118.65,,,,,-15.3,,,,,68.0,59.0,,,,,,133.2,21340.22,16383.43,5.2,4.0,4 (QPSK OR 16QAM / Low SE -QPSK),266.0,QPSK,Rank2,5.2,LEVEL_4,22.1,,10.8,0,0,0,,0,0,,0,0,0,0,0,0,,,,2434460.285142749,4575322.1316
390,29.02113,41.10063,-116.35,-13.7,-0.25,-117.75,,,,,-14.6,,,,,68.0,59.0,,,,,,134.5,26484.85,27206.02,6.8,0.0,4 (QPSK OR 16QAM / Low SE -QPSK),266.0,QPSK,Rank2,6.8,LEVEL_4,21.7,,13.1,0,0,0,,0,0,,0,0,0,0,0,0,,,,2434462.8017189144,4575322.1316
391,29.02113,41.10797,-105.0,-16.0,-5.05,-101.15,,,,,-11.75,,,,,40.0,30.0,,,,,,127.1,7598.08,,0.0,2.0,10 (16QAM OR 64QAM / Low SE -QPSK),191.0,16QAM,Rank2,0.0,LEVEL_4,18.2,,16.7,0,0,0,,0,0,,0,0,0,0,0,0,,,,2434190.7123023346,4576139.2204
392,29.02114,41.10451,-64.5,-10.5,24.0,-74.25,,,,,-21.45,,,,,13.0,3.0,,,,,,83.2,93777.92,,0.2,0.0,27 (64QAM OR 256QAM / Low SE -64QAM),34.0,256QAM,Rank4,0.2,LEVEL_1,17.5,,0.0,0,0,0,,0,0,,0,0,0,0,0,0,,,,2434319.8162226956,4575754.0532
393,29.02114,41.10584,-59.8,-10.4,34.5,,,,,,,,,,,23.0,,,,,,,84.5,78237.7,72769.45,0.3,0.0,27 (64QAM OR 256QAM / Low SE -64QAM),22.0,256QAM,Rank4,0.3,LEVEL_1,17.4,,1.0,0,0,0,,0,0,,0,0,0,0,0,0,,,,2434270.513036986,4575902.1088000005
394,29.02116,41.10061,-116.4,-13.5,-1.7,-116.3,,,,,-13.8,,,,,68.0,59.0,,,,,,136.2,30883.94,24587.42,6.1,25.0,4 (QPSK OR 16QAM / Low SE -QPSK),267.0,QPSK,Rank2,6.1,LEVEL_16,22.0,,10.6,0,0,0,,0,0,,0,0,0,0,0,0,,,,2434466.059629324,4575319.9052
395,29.02118,41.10798,-102.4,-15.3,-5.2,-99.2,,,,,-11.6,,,,,40.0,30.0,,,,,,129.5,54745.91,95144.83,4.3,5.0,17 (64QAM OR 256QAM / Low SE -16QAM),184.0,64QAM,Rank2,4.3,LEVEL_2,18.6,,20.3,0,0,0,,0,0,,0,0,0,0,0,0,,,,2434194.535405248,4576140.3336
396,29.02119,41.10058,-117.94999999999999,-14.0,-1.0499999999999998,-118.9,,,,,-14.75,,,,,68.0,59.0,,,,,,135.2,26868.46,,7.5,0.0,5 (QPSK OR 16QAM / Low SE -QPSK),266.0,QPSK,Rank2,7.5,LEVEL_4,22.0,,12.7,0,0,0,,0,0,,0,0,0,0,0,0,,,,2434469.688208215,4575316.5656
397,29.02121,41.10057,,,,,,,,,,,,,,,,,,,,,135.8,,30625.18,4.0,17.0,3 (QPSK OR 16QAM / Low SE -QPSK),268.0,QPSK,Rank2,4.0,LEVEL_4,22.1,,8.6,0,0,0,,0,0,,0,0,0,0,0,0,,,,2434471.736594363,4575315.4524
398,29.02121,41.10451,-62.900000000000006,-10.649999999999999,21.55,-72.1,,,,,-19.45,,,,,13.0,3.0,,,,,,83.1,97254.41,94315.41,0.0,0.0,27 (64QAM OR 256QAM / Low SE -64QAM),24.0,256QAM,Rank4,0.0,LEVEL_1,17.5,,0.0,0,0,0,,0,0,,0,0,0,0,0,0,,,,2434325.6878868393,4575754.0532
399,29.02122,41.10586,-65.1,-10.3,35.15,,,,,,,,,,,23.0,,,,,,,82.2,92886.46,74606.44,3.7,0.0,27 (64QAM OR 256QAM / Low SE -64QAM),25.0,256QAM,Rank4,3.7,LEVEL_1,17.4,,0.0,0,0,0,,0,0,,0,0,0,0,0,0,,,,2434276.48196104,4575904.3352
400,29.02123,41.10056,-116.65,-13.05,0.25,-119.1,,,,,-15.3,,,,,68.0,59.0,,,,,,133.6,51525.06,,7.9,12.0,5 (QPSK OR 16QAM / Low SE -QPSK),267.0,QPSK,Rank2,7.9,LEVEL_4,21.9,,12.6,0,0,0,,0,0,,0,0,0,0,0,0,,,,2434473.7849809476,4575314.3392
401,29.02123,41.10798,-102.8,-15.6,-4.3,-97.6,,,,,-11.2,,,,,40.0,30.0,,,,,,128.0,90824.04,,12.1,0.0,18 (64QAM OR 256QAM / Low SE -16QAM),157.0,64QAM,Rank2,12.1,LEVEL_2,18.3,,8.3,0,0,0,,0,0,,0,0,0,0,0,0,,,,2434198.72922944,4576140.3336
402,29.02124,41.10451,,,,,,,,,,,,,,,,,,,,,,,94376.63,,,,,,,,,,,,0.0,0.0,0.0,,0.0,0.0,,0.0,0.0,0.0,0.0,0.0,0.0,,,,2434328.204314329,4575754.0532
403,29.02125,41.10055,-116.8,-12.9,0.8,-119.4,,,,,-16.1,,,,,68.0,59.0,,,,,,133.4,61975.7,31102.96,2.2,20.0,3 (QPSK OR 16QAM / Low SE -QPSK),269.0,QPSK,Rank2,2.2,LEVEL_16,22.1,,15.2,0,0,0,,0,0,,0,0,0,0,0,0,,,,2434475.8333679684,4575313.226
404,29.02127,41.10054,-116.3,-12.8,1.3,-119.2,,,,,-16.2,,,,,68.0,59.0,,,,,,132.6,43927.32,55838.7,11.5,10.0,6 (QPSK OR 16QAM OR 64QAM / Low SE -QPSK),254.0,QPSK,Rank2,11.5,LEVEL_16,22.2,,13.0,0,0,0,,0,0,,0,0,0,0,0,0,,,,2434477.881755427,4575312.1128
405,29.02128,41.10452,-61.5,-10.6,18.049999999999997,-71.8,,,,,-17.0,,,,,13.0,3.0,,,,,,83.3,97254.41,,0.0,0.0,27 (64QAM OR 256QAM / Low SE -64QAM),24.0,256QAM,Rank4,0.0,LEVEL_1,17.5,,0.0,0,0,0,,0,0,,0,0,0,0,0,0,,,,2434331.1888534436,4575755.1664
406,29.02128,41.10589,-62.35,-10.4,32.6,,,,,,,,,,,23.0,,,,,,,90.1,97576.95,84656.9,0.1,0.0,27 (64QAM OR 256QAM / Low SE -64QAM),24.0,256QAM,Rank4,0.1,LEVEL_1,17.5,,0.0,0,0,0,,0,0,,0,0,0,0,0,0,,,,2434280.402589684,4575907.6748
407,29.02131,41.10051,-117.25,-13.05,0.9,-120.0,,,,,-15.5,,,,,68.0,59.0,,,,,,135.3,52019.27,,6.0,11.0,4 (QPSK OR 16QAM / Low SE -QPSK),268.0,QPSK,Rank2,6.0,LEVEL_16,22.2,,13.0,0,0,0,,0,0,,0,0,0,0,0,0,,,,2434482.3491999125,4575308.7732
408,29.02132,41.1059,,,,,,,,,,,,,,,,,,,,,,,,,,,,,,,,,,,0.0,0.0,0.0,,0.0,0.0,,0.0,0.0,0.0,0.0,0.0,0.0,,,,2434283.387047545,4575908.788
409,29.02133,41.1005,,,,,,,,,,,,,,,,,,,,,136.8,,43223.15,8.2,45.0,5 (QPSK OR 16QAM / Low SE -QPSK),267.0,QPSK,Rank2,8.2,LEVEL_16,22.2,,17.5,0,0,0,,0,0,,0,0,0,0,0,0,,,,2434484.397588862,4575307.659999999
410,29.02133,41.10452,-61.9,-10.6,21.549999999999997,-88.4,,,,,-24.0,,,,,13.0,3.0,,,,,,84.8,97213.46,94331.73,0.1,0.0,27 (64QAM OR 256QAM / Low SE -64QAM),24.0,256QAM,Rank4,0.1,LEVEL_1,17.1,,0.0,0,0,0,,0,0,,0,0,0,0,0,0,,,,2434335.3828986213,4575755.1664
411,29.02133,41.108,-98.6,-13.3,-1.2,-98.6,,,,,-12.149999999999999,,,,,40.0,30.0,,,,,,124.7,97730.56,89246.66,4.4,1.0,20 (64QAM OR 256QAM / Low SE -16QAM),161.0,64QAM,Rank2,4.4,LEVEL_2,18.4,,15.1,0,0,0,,0,0,,0,0,0,0,0,0,,,,2434206.375429934,4576142.56
412,29.02135,41.10049,-117.8,-13.25,2.25,-120.55000000000001,,,,,-15.5,,,,,68.0,59.0,,,,,,135.6,35963.52,58854.81,10.2,1.0,5 (QPSK OR 16QAM / Low SE -QPSK),255.0,QPSK,Rank2,10.2,LEVEL_16,22.3,,8.0,0,0,0,,0,0,,0,0,0,0,0,0,,,,2434486.445978248,4575306.5468
413,29.02135,41.10592,-63.1,-10.350000000000001,28.85,,,,,,,,,,,23.0,,,,,,,90.6,97116.8,90630.64,1.0,0.0,27 (64QAM OR 256QAM / Low SE -64QAM),24.0,256QAM,Rank4,1.0,LEVEL_1,17.5,,0.0,0,0,0,,0,0,,0,0,0,0,0,0,,,,2434285.1620042156,4575911.0144
414,29.02138,41.10453,-59.95,-10.5,21.65,-72.7,,,,,-19.75,,,,,13.0,3.0,,,,,,81.8,97592.31,94907.87,0.4,0.0,27 (64QAM OR 256QAM / Low SE -64QAM),25.0,256QAM,Rank4,0.4,LEVEL_1,17.0,,0.0,0,0,0,,0,0,,0,0,0,0,0,0,,,,2434339.2062449097,4575756.2796
415,29.02138,41.10593,,,,,,,,,,,,,,,,,,,,,,,,,,,,,,,,,,,0.0,0.0,0.0,,0.0,0.0,,0.0,0.0,0.0,0.0,0.0,0.0,,,,2434287.307668402,4575912.1276
416,29.02141,41.10044,-117.5,-12.9,-0.15,-121.25,,,,,-16.3,,,,,68.0,59.0,,,,,,133.5,34385.92,38668.73,15.7,2.0,8 (QPSK OR 16QAM OR 64QAM / Low SE -QPSK),243.0,QPSK,Rank2,15.7,LEVEL_16,22.2,,11.6,0,0,0,,0,0,,0,0,0,0,0,0,,,,2434493.3324871366,4575300.9808
417,29.02141,41.10453,,,,,,,,,,,,,,,,,,,,,,,107642.29,,,,,,,,,,,,0.0,0.0,0.0,,0.0,0.0,,0.0,0.0,0.0,0.0,0.0,0.0,,,,2434341.722671633,4575756.2796
418,29.02141,41.10594,-70.05,-10.4,30.05,,,,,,,,,,,23.0,,,,,,,89.6,97361.92,82909.71,0.4,0.0,27 (64QAM OR 256QAM / Low SE -64QAM),24.0,256QAM,Rank4,0.4,LEVEL_1,17.5,,0.0,0,0,0,,0,0,,0,0,0,0,0,0,,,,2434289.4533317485,4575913.2408
419,29.02142,41.10801,-93.7,-12.0,3.8,-96.0,,,,,-13.2,,,,,40.0,30.0,,,,,,116.6,95063.18,93167.71,13.5,0.0,27 (64QAM OR 256QAM / Low SE -64QAM),106.0,256QAM,Rank2,13.5,LEVEL_1,17.5,,3.2,0,0,0,,0,0,,0,0,0,0,0,0,,,,2434213.553585975,4576143.6732
420,29.02143,41.1003,-118.21,-13.309999999999999,1.3399999999999999,-121.41,,,,,-15.930000000000001,,,,,68.0,59.0,,,,,,134.6,1.09,,0.0,0.0,4 (QPSK OR 16QAM / Low SE -QPSK),16.0,QPSK,Rank2,0.0,LEVEL_16,22.0,,8.0,0,0,0,,0,0,,0,0,0,0,0,0,,,,2434500.199571466,4575285.396
421,29.02143,41.10031,-119.6,-13.600000000000001,-1.6,-121.85,,,,,-15.950000000000001,,,,,68.0,59.0,,,,,,136.0,0.0,,0.0,0.0,4 (QPSK OR 16QAM / Low SE -QPSK),16.0,QPSK,Rank2,0.0,LEVEL_16,21.9,,10.0,0,0,0,,0,0,,0,0,0,0,0,0,,,,2434499.828903232,4575286.5092
422,29.02144,41.10453,-58.35,-10.55,21.6,-75.94999999999999,,,,,-21.85,,,,,13.0,3.0,,,,,,81.6,97423.36,,0.6,0.0,27 (64QAM OR 256QAM / Low SE -64QAM),24.0,256QAM,Rank4,0.6,LEVEL_1,17.2,,0.0,0,0,0,,0,0,,0,0,0,0,0,0, BCCH-DL_SCH SIB1,,,2434344.2390983566,4575756.2796
423,29.02145,41.10029,-118.78333333333335,-13.683333333333332,1.4000000000000001,-120.88333333333334,,,,,-15.716666666666669,,,,,68.0,59.0,,,,,,132.1,0.0,,33.3,0.0,6 (QPSK OR 16QAM OR 64QAM / Low SE -QPSK),16.0,16QAM,Rank2,33.3,LEVEL_16,22.0,,8.0,0,0,0,,0,0,,0,0,0,0,0,0,,,,2434502.247965756,4575284.2828
424,29.02145,41.1004,-118.5,-13.55,-0.44999999999999996,-121.05,,,,,-15.55,,,,,68.0,59.0,,,,,,134.9,23879.74,,7.0,25.0,3 (QPSK OR 16QAM / Low SE -QPSK),267.0,QPSK,Rank2,7.0,LEVEL_16,22.2,,16.0,0,0,0,,0,0,,0,0,0,0,0,0,,,,2434498.170609102,4575296.528
425,29.02146,41.10028,-118.15,-12.649999999999999,3.8,-122.45,,,,,-16.950000000000003,,,,,68.0,59.0,,,,,,134.1,0.0,,0.0,0.0,7 (QPSK OR 16QAM OR 64QAM / Low SE -QPSK),16.0,16QAM,Rank2,0.0,LEVEL_8,22.0,,7.9,0,0,0,,0,0,,0,0,0,0,0,0,,,,2434503.4574972894,4575283.1696
426,29.02147,41.10027,-118.55,-13.15,1.1,-122.25,,,,,-16.25,,,,,68.0,59.0,,,,,,134.0,0.0,,0.0,0.0,6 (QPSK OR 16QAM OR 64QAM / Low SE -QPSK),16.0,16QAM,Rank2,0.0,LEVEL_16,22.0,,8.0,0,0,0,,0,0,,0,0,0,0,0,0,,,,2434504.6670290045,4575282.0564
427,29.02147,41.10038,,,,,,,,,,,,,,,,,,,,,135.0,34979.94,42639.07,4.2,32.0,4 (QPSK OR 16QAM / Low SE -QPSK),267.0,QPSK,Rank1,4.2,LEVEL_16,22.2,,14.4,0,0,0,,0,0,,0,0,0,0,0,0,,,,2434500.589671172,4575294.3016
428,29.02147,41.10598,-66.80000000000001,-10.350000000000001,32.2,,,,,,,,,,,23.0,,,,,,,95.8,84295.68,105813.96,0.6,0.0,27 (64QAM OR 256QAM / Low SE -64QAM),23.0,256QAM,Rank4,0.6,LEVEL_1,17.5,,0.0,0,0,0,,0,0,,0,0,0,0,0,0,,,,2434293.0032344093,4575917.6936
429,29.02148,41.10453,,,,,,,,,,,,,,13.0,,,,,,,,,81428.34,,,,,,,,,,,,0,0,0,,0,0,,0,0,0,0,0,0, UL-DCCH RRCReconfigurationComplete,,,2434347.594333988,4575756.2796
430,29.02149,41.10027,-118.6,-12.8,1.2,-122.7,,,,,-16.1,,,,,68.0,59.0,,,,,,135.9,1.09,,0.0,0.0,5 (QPSK OR 16QAM / Low SE -QPSK),16.0,16QAM,Rank2,0.0,LEVEL_16,22.0,,9.0,0,0,0,,0,0,,0,0,0,0,0,0,,,,2434506.344755644,4575282.0564
431,29.02149,41.10036,-119.75,-13.95,-1.75,-121.25,,,,,-15.75,,,,,68.0,59.0,,,,,,136.5,22609.92,30291.17,10.2,1.0,7 (QPSK OR 16QAM OR 64QAM / Low SE -QPSK),166.0,QPSK,Rank1,10.2,LEVEL_16,22.3,,8.2,0,0,0,,0,0,,0,0,0,0,0,0,,,,2434503.008733968,4575292.0752
432,29.02149,41.10601,,,,,,,,,,,,,,,,,,,,,,,,,,,,,,,,,,,0.0,0.0,0.0,,0.0,0.0,,0.0,0.0,0.0,0.0,0.0,0.0,,,,2434293.568681594,4575921.0331999995
433,29.02149,41.10694,-64.45,-10.350000000000001,37.0,,,,,,,,,,,40.0,,,,,,,87.5,93839.36,98894.52,0.3,0.0,27 (64QAM OR 256QAM / Low SE -64QAM),24.0,256QAM,Rank4,0.3,LEVEL_1,17.5,,0.0,0,0,0,,0,0,,0,0,0,0,0,0,,,,2434259.0922093745,4576024.5608
434,29.0215,41.10692,-70.5,-10.350000000000001,33.7,,,,,,,,,,,40.0,,,,,,,90.4,97172.51,94368.54,2.7,0.0,27 (64QAM OR 256QAM / Low SE -64QAM),58.0,256QAM,Rank4,2.7,LEVEL_1,17.5,,0.5,0,0,0,,0,0,,0,0,0,0,0,0,,,,2434260.672424012,4576022.3344
435,29.0215,41.10693,-68.3,-10.3,35.6,,,,,,,,,,,40.0,,,,,,,81.8,95227.01,88552.08,0.3,0.0,27 (64QAM OR 256QAM / Low SE -64QAM),55.0,256QAM,Rank4,0.3,LEVEL_1,17.4,,0.0,0,0,0,,0,0,,0,0,0,0,0,0,,,,2434260.3017057925,4576023.4476
436,29.0215,41.10695,-70.55000000000001,-10.4,31.9,,,,,,,,,,,40.0,,,,,,,91.5,95181.06,92162.25,9.2,0.0,27 (64QAM OR 256QAM / Low SE -64QAM),53.0,256QAM,Rank4,9.2,LEVEL_1,17.5,,0.0,0,0,0,,0,0,,0,0,0,0,0,0,,,,2434259.5602691304,4576025.674
437,29.0215,41.10696,,,,,,,,,,,,,,,,,,,,,92.1,,,,,,,,,,,17.5,,0.0,0.0,0.0,0.0,,0.0,0.0,,0.0,0.0,0.0,0.0,0.0,0.0,,,,2434259.1895506885,4576026.7872
438,29.02151,41.10026,-118.65,-12.95,1.05,-121.75,,,,,-16.3,,,,,68.0,59.0,,,,,,134.6,0.0,,0.0,0.0,5 (QPSK OR 16QAM / Low SE -QPSK),16.0,16QAM,Rank2,0.0,LEVEL_16,22.0,,8.1,0,0,0,,0,0,,0,0,0,0,0,0,,,,2434508.3931512437,4575280.9432
439,29.02151,41.10454,-60.0,-10.850000000000001,20.35,-69.95,,,,,-16.9,,,,,13.0,3.0,,,,,,79.5,97320.96,,8.4,0.0,26 (64QAM OR 256QAM OR 1024 QAM / Low SE -64QAM),28.0,256QAM,Rank4,8.4,LEVEL_1,16.1,,0.0,0,0,0,,0,0,,0,0,0,0,0,0, BCCH-DL_SCH SIB2,,,2434349.7400600873,4575757.3928
440,29.02151,41.10603,-72.1,-10.4,28.65,,,,,,,,,,,23.0,,,,,,,95.6,96763.57,93608.99,1.2,0.0,27 (64QAM OR 256QAM / Low SE -64QAM),25.0,256QAM,Rank4,1.2,LEVEL_1,17.5,,0.0,0,0,0,,0,0,,0,0,0,0,0,0,,,,2434294.5048383274,4575923.2595999995
441,29.02151,41.10679,-78.45,-10.4,28.15,,,,,,,,,,,40.0,,,,,,,97.7,97433.63,92496.54,10.5,0.0,25 (64QAM OR 256QAM OR 1024 QAM / Low SE -64QAM),70.0,256QAM,Rank4,10.5,LEVEL_1,17.5,,1.0,0,0,0,,0,0,,0,0,0,0,0,0,,,,2434266.3305341587,4576007.862799999
442,29.02151,41.10684,-75.4,-10.4,32.1,,,,,,,,,,,40.0,,,,,,,96.9,97078.59,94146.92,15.1,0.0,27 (64QAM OR 256QAM / Low SE -64QAM),63.0,256QAM,Rank4,15.1,LEVEL_1,17.5,,0.5,0,0,0,,0,0,,0,0,0,0,0,0,,,,2434264.4769465006,4576013.4288
443,29.02151,41.10686,-76.4,-10.4,29.9,,,,,,,,,,,40.0,,,,,,,93.3,97382.4,,8.6,0.0,26 (64QAM OR 256QAM OR 1024 QAM / Low SE -64QAM),63.0,256QAM,Rank4,8.6,LEVEL_1,17.5,,0.0,0,0,0,,0,0,,0,0,0,0,0,0,,,,2434263.7355109174,4576015.6552
444,29.02151,41.10691,-67.35,-10.3,35.8,,,,,,,,,,,40.0,,,,,,,93.9,96696.52,94416.76,3.7,0.0,27 (64QAM OR 256QAM / Low SE -64QAM),60.0,256QAM,Rank4,3.7,LEVEL_1,17.5,,0.0,0,0,0,,0,0,,0,0,0,0,0,0,,,,2434261.8819206636,4576021.2212
445,29.02151,41.10698,-73.3,-10.3,30.7,,,,,,,,,,,40.0,,,,,,,94.1,95754.18,93136.48,8.3,0.0,27 (64QAM OR 256QAM / Low SE -64QAM),58.0,256QAM,Rank4,8.3,LEVEL_1,17.5,,0.0,0,0,0,,0,0,,0,0,0,0,0,0,,,,2434259.286891194,4576029.0136
446,29.02151,41.10802,-92.35,-11.6,7.449999999999999,-96.35,,,,,-14.45,,,,,40.0,30.0,,,,,,111.2,95667.09,92562.84,6.1,0.0,26 (64QAM OR 256QAM OR 1024 QAM / Low SE -64QAM),100.0,256QAM,Rank2,6.1,LEVEL_1,17.5,,1.1,0,0,0,,0,0,,0,0,0,0,0,0,,,,2434220.7317396416,4576144.786400001
447,29.02152,41.10674,-76.8,-10.4,31.05,,,,,,,,,,,40.0,,,,,,,97.9,95477.76,93196.09,8.5,0.0,24 (64QAM OR 256QAM OR 1024 QAM / Low SE -64QAM),65.0,256QAM,Rank4,8.5,LEVEL_1,17.5,,0.5,0,0,0,,0,0,,0,0,0,0,0,0,,,,2434269.0229006414,4576002.296800001
448,29.02152,41.10688,-71.15,-10.4,32.5,,,,,,,,,,,40.0,,,,,,,89.4,97443.84,93955.94,7.6,0.0,24 (64QAM OR 256QAM OR 1024 QAM / Low SE -64QAM),68.0,256QAM,Rank4,7.6,LEVEL_1,17.5,,0.0,0,0,0,,0,0,,0,0,0,0,0,0,,,,2434263.8328539287,4576017.8816
449,29.02152,41.10689,,,,,,,,,,,,,,,,,,,,,87.4,,,,,,,,,,,17.5,,0.5,0.0,0.0,0.0,,0.0,0.0,,0.0,0.0,0.0,0.0,0.0,0.0,,,,2434263.46213575,4576018.9948
450,29.02152,41.10691,-67.0,-10.4,36.1,,,,,,,,,,,40.0,,,,,,,91.4,97310.76,93779.16,5.8,0.0,26 (64QAM OR 256QAM OR 1024 QAM / Low SE -64QAM),63.0,256QAM,Rank4,5.8,LEVEL_1,17.5,,0.0,0,0,0,,0,0,,0,0,0,0,0,0,,,,2434262.72069917,4576021.2212
451,29.02152,41.10699,-74.9,-10.3,29.7,,,,,,,,,,,40.0,,,,,,,,95580.16,,7.6,0.0,25 (64QAM OR 256QAM OR 1024 QAM / Low SE -64QAM),61.0,256QAM,Rank4,7.6,LEVEL_1,,,,0,0,0,,0,0,,0,0,0,0,0,0,,,,2434259.754949886,4576030.126800001
452,29.02153,41.10025,-118.95,-13.3,0.5,-121.35,,,,,-15.65,,,,,68.0,59.0,,,,,,135.8,0.0,,33.3,0.0,13 (16QAM OR 64QAM / Low SE -QPSK),21.0,16QAM,Rank2,33.3,LEVEL_16,22.0,,9.6,0,0,0,,0,0,,0,0,0,0,0,0,,,,2434510.4415472792,4575279.83
453,29.02153,41.10605,,,,,,,,,,,,,,,,,,,,,,,,,,,,,,,,,,,0.0,0.0,0.0,,0.0,0.0,,0.0,0.0,0.0,0.0,0.0,0.0,,,,2434295.4409937416,4575925.4860000005
454,29.02153,41.1067,-80.4,-10.4,27.2,,,,,,,,,,,40.0,,,,,,,100.5,94986.24,92108.59,6.0,0.0,23 (64QAM OR 256QAM OR 1024 QAM / Low SE -64QAM),69.0,256QAM,Rank4,6.0,LEVEL_1,17.5,,0.0,0,0,0,,0,0,,0,0,0,0,0,0,,,,2434271.344549651,4575997.844
455,29.02153,41.10672,,,,,,,,,,,,,,,,,,,,,99.3,,,,,,,,,,,17.5,,0.0,0.0,0.0,0.0,,0.0,0.0,,0.0,0.0,0.0,0.0,0.0,0.0,,,,2434270.603115633,4576000.070400001
456,29.02153,41.10701,-75.69999999999999,-10.350000000000001,30.95,,,,,,,,,,,40.0,,,,,,,95.3,95847.04,93256.77,7.4,0.0,25 (64QAM OR 256QAM OR 1024 QAM / Low SE -64QAM),62.0,256QAM,Rank4,7.4,LEVEL_1,17.5,,0.0,0,0,0,,0,0,,0,0,0,0,0,0,,,,2434259.852289053,4576032.353200001
457,29.02154,41.10033,-119.1,-13.6,-1.6,-121.6,,,,,-16.1,,,,,68.0,59.0,,,,,,137.1,17592.32,,12.6,7.0,8 (QPSK OR 16QAM OR 64QAM / Low SE -QPSK),136.0,16QAM,Rank1,12.6,LEVEL_16,22.3,,10.7,0,0,0,,0,0,,0,0,0,0,0,0,,,,2434508.3150546285,4575288.7356
458,29.02154,41.10667,-78.7,-10.4,23.7,,,,,,,,,,,40.0,,,,,,,100.0,95595.62,92737.7,12.2,0.0,24 (64QAM OR 256QAM OR 1024 QAM / Low SE -64QAM),69.0,256QAM,Rank4,12.2,LEVEL_1,17.5,,0.0,0,0,0,,0,0,,0,0,0,0,0,0,,,,2434273.295481693,4575994.5044
459,29.02154,41.10669,-80.1,-10.4,25.25,,,,,,,,,,,40.0,,,,,,,99.8,95871.91,,9.5,0.0,23 (64QAM OR 256QAM OR 1024 QAM / Low SE -64QAM),68.0,256QAM,Rank4,9.5,LEVEL_1,17.5,,0.0,0,0,0,,0,0,,0,0,0,0,0,0,,,,2434272.554047865,4575996.7308
460,29.02154,41.10703,,,,,,,,,,,,,,,,,,,,,93.2,,,,,,,,,,,17.5,,0.0,0.0,0.0,0.0,,0.0,0.0,,0.0,0.0,0.0,0.0,0.0,0.0,,,,2434259.9496274125,4576034.5796
461,29.02155,41.10031,-120.2,-14.4,-2.3,-122.1,,,,,-15.9,,,,,68.0,59.0,,,,,,139.0,20848.64,20271.34,9.8,2.0,7 (QPSK OR 16QAM OR 64QAM / Low SE -QPSK),135.0,16QAM,Rank1,9.8,LEVEL_16,22.3,,9.7,0,0,0,,0,0,,0,0,0,0,0,0,,,,2434509.895256939,4575286.5092
462,29.02155,41.10665,-80.9,-10.45,26.55,,,,,,,,,,,40.0,,,,,,,100.4,97034.24,92705.35,7.5,0.0,24 (64QAM OR 256QAM OR 1024 QAM / Low SE -64QAM),75.0,256QAM,Rank4,7.5,LEVEL_1,17.5,,0.0,0,0,0,,0,0,,0,0,0,0,0,0,,,,2434274.8756970516,4575992.278
463,29.02155,41.10705,-76.35,-10.4,30.5,,,,,,,,,,,40.0,,,,,,,93.3,94740.48,92707.44,5.8,0.0,27 (64QAM OR 256QAM / Low SE -64QAM),57.0,256QAM,Rank4,5.8,LEVEL_1,17.5,,0.0,0,0,0,,0,0,,0,0,0,0,0,0,,,,2434260.0469649644,4576036.806
464,29.02155,41.10802,-91.6,-11.5,6.9,-96.9,,,,,-14.2,,,,,40.0,30.0,,,,,,,,92788.98,6.9,0.0,25 (64QAM OR 256QAM OR 1024 QAM / Low SE -64QAM),87.0,256QAM,Rank3,6.9,LEVEL_1,,,,0,0,0,,0,0,,0,0,0,0,0,0,,,,2434224.086796952,4576144.786400001
465,29.02156,41.10024,-119.8,-13.5,-0.09999999999999999,-122.9,,,,,-15.95,,,,,68.0,59.0,,,,,,134.6,0.0,,0.0,0.0,6 (QPSK OR 16QAM OR 64QAM / Low SE -QPSK),16.0,16QAM,Rank1,0.0,LEVEL_16,22.0,,9.5,0,0,0,,0,0,,0,0,0,0,0,0,,,,2434513.328807456,4575278.7168
466,29.02156,41.10608,-73.75,-10.45,25.05,,,,,,,,,,,23.0,,,,,,,100.8,97356.81,89025.32,4.6,0.0,27 (64QAM OR 256QAM / Low SE -64QAM),25.0,256QAM,Rank4,4.6,LEVEL_1,17.5,,0.0,0,0,0,,0,0,,0,0,0,0,0,0,,,,2434296.845224391,4575928.8256
467,29.02156,41.10659,-76.4,-10.4,26.3,,,,,,,,,,,40.0,,,,,,,96.8,94551.2,94584.85,8.1,0.0,25 (64QAM OR 256QAM OR 1024 QAM / Low SE -64QAM),62.0,256QAM,Rank4,8.1,LEVEL_1,17.5,,0.0,0,0,0,,0,0,,0,0,0,0,0,0,,,,2434277.9387792265,4575985.5988
468,29.02156,41.1066,-76.9,-10.4,27.8,,,,,,,,,,,40.0,,,,,,,,,,,,,,,,,,,,,0.0,0.0,0.0,,0.0,0.0,,0.0,0.0,0.0,0.0,0.0,0.0,,,,2434277.5680626873,4575986.712
469,29.02156,41.10662,-75.7,-10.4,26.8,,,,,,,,,,,40.0,,,,,,,98.9,95907.84,94030.85,7.2,0.0,23 (64QAM OR 256QAM OR 1024 QAM / Low SE -64QAM),73.0,256QAM,Rank4,7.2,LEVEL_1,17.5,,0.0,0,0,0,,0,0,,0,0,0,0,0,0,,,,2434276.8266293867,4575988.9384
470,29.02157,41.1003,-120.6,-14.0,-1.1,-125.3,,,,,-18.3,,,,,68.0,59.0,,,,,,137.5,16916.48,,10.2,14.0,7 (QPSK OR 16QAM OR 64QAM / Low SE -QPSK),151.0,16QAM,Rank1,10.2,LEVEL_16,22.2,,12.2,0,0,0,,0,0,,0,0,0,0,0,0,,,,2434511.9436525796,4575285.396
471,29.02157,41.10654,-70.6,-10.4,30.3,,,,,,,,,,,40.0,,,,,,,,,,,,,,,,,,,,,0.0,0.0,0.0,,0.0,0.0,,0.0,0.0,0.0,0.0,0.0,0.0,,,,2434280.631144042,4575980.0328
472,29.02157,41.10655,-72.7,-10.4,27.7,,,,,,,,,,,40.0,,,,,,,96.9,96849.92,94244.25,9.2,0.0,26 (64QAM OR 256QAM OR 1024 QAM / Low SE -64QAM),29.0,256QAM,Rank4,9.2,LEVEL_1,17.5,,0.0,0,0,0,,0,0,,0,0,0,0,0,0,,,,2434280.2604277465,4575981.146
473,29.02158,41.10023,-120.6,-13.7,-0.7,-124.7,,,,,-17.5,,,,,68.0,59.0,,,,,,137.6,,,,,,,,Rank2,,,22.2,,8.5,0,0,0,,0,0,,0,0,0,0,0,0,,,,2434515.377204492,4575277.6036
474,29.02158,41.10455,-70.13333333333334,-16.03333333333333,-3.9,-62.366666666666674,,,,,-11.1,,,,,13.0,13.0,,,,,1.0,89.4,89727.59,94748.8,3.5,1.0,26 (64QAM OR 256QAM OR 1024 QAM / Low SE -64QAM),44.0,256QAM,Rank4,3.5,LEVEL_16,17.5,-28.0,0.9,0,0,0,4.0,0,0,,0,0,0,0,0,0, BCCH-DL_SCH SIB1,,,2434355.2410199544,4575758.506
475,29.02158,41.10652,-68.7,-10.4,32.2,,,,,,,,,,,40.0,,,,,,,91.2,97710.08,94599.69,5.2,0.0,27 (64QAM OR 256QAM / Low SE -64QAM),26.0,256QAM,Rank4,5.2,LEVEL_1,17.5,,0.0,0,0,0,,0,0,,0,0,0,0,0,0,,,,2434282.2113599,4575977.8064
476,29.02158,41.10709,-72.4,-10.350000000000001,33.5,,,,,,,,,,,40.0,,,,,,,93.0,95518.72,92115.2,8.3,0.0,27 (64QAM OR 256QAM / Low SE -64QAM),59.0,256QAM,Rank4,8.3,LEVEL_1,17.5,,0.0,0,0,0,,0,0,,0,0,0,0,0,0,,,,2434261.0804138524,4576041.2588
477,29.02159,41.10613,-79.4,-10.7,15.8,-91.7,,,,,-17.85,,,,,23.0,40.0,,,,,,103.6,97546.24,93873.69,7.9,0.0,25 (64QAM OR 256QAM OR 1024 QAM / Low SE -64QAM),29.0,256QAM,Rank4,7.9,LEVEL_1,17.5,,0.0,0,0,0,,0,0,,0,0,0,0,0,0,,,,2434297.508025274,4575934.3916
478,29.02159,41.10616,,,,,,,,,,,,,,,,,,,,,,,,,,,,,,,,,,,0.0,0.0,0.0,,0.0,0.0,,0.0,0.0,0.0,0.0,0.0,0.0,,,,2434296.395884518,4575937.7312
479,29.02159,41.10648,-74.4,-10.4,29.25,-123.3,,,,,-33.4,,,,,40.0,23.0,,,,,,93.5,97320.96,102715.27,6.9,0.0,27 (64QAM OR 256QAM / Low SE -64QAM),27.0,256QAM,Rank4,6.9,LEVEL_1,17.5,,0.0,0,0,0,,0,0,,0,0,0,0,0,0,,,,2434284.5330082597,4575973.3536
480,29.02159,41.10712,,,,,,,,,,,,,,,,,,,,,,,,,,,,,,,,,,,0.0,0.0,0.0,,0.0,0.0,,0.0,0.0,0.0,0.0,0.0,0.0,,,,2434260.8070279476,4576044.5984000005
481,29.02159,41.10802,-91.5,-12.2,6.5,-93.8,,,,,-13.0,,,,,40.0,30.0,,,,,,110.5,95662.08,,6.1,0.0,24 (64QAM OR 256QAM OR 1024 QAM / Low SE -64QAM),87.0,256QAM,Rank3,6.1,LEVEL_1,17.5,,0.0,0,0,0,,0,0,,0,0,0,0,0,0,,,,2434227.4418542613,4576144.786400001
482,29.0216,41.10022,-121.1,-14.3,-0.6,-122.8,,,,,-15.7,,,,,68.0,59.0,,,,,,137.6,0.0,,0.0,0.0,4 (QPSK OR 16QAM / Low SE -QPSK),16.0,16QAM,Rank2,0.0,LEVEL_16,22.3,,8.6,0,0,0,,0,0,,0,0,0,0,0,0,,,,2434517.4256019667,4575276.4904000005
483,29.0216,41.10619,-82.6,-11.100000000000001,23.9,-95.95,,,,,-20.35,,,,,23.0,40.0,,,,,,104.4,97280.0,94472.46,6.4,0.0,25 (64QAM OR 256QAM OR 1024 QAM / Low SE -64QAM),30.0,256QAM,Rank4,6.4,LEVEL_1,17.5,,0.0,0,0,0,,0,0,,0,0,0,0,0,0,,,,2434296.1225307984,4575941.0708
484,29.0216,41.10644,-79.45,-10.6,23.25,-103.9,,,,,-25.8,,,,,40.0,23.0,,,,,,98.2,97326.05,87099.77,9.6,7.0,26 (64QAM OR 256QAM OR 1024 QAM / Low SE -64QAM),30.0,256QAM,Rank4,9.6,LEVEL_1,17.5,,0.0,0,0,0,,0,0,,0,0,0,0,0,0, BCCH-DL_SCH SIB1,,,2434286.854656455,4575968.9008
485,29.0216,41.10646,,,,,,,,,,,,,,,,,,,,,,,,,,,,,,,,,,,0.0,0.0,0.0,,0.0,0.0,,0.0,0.0,0.0,0.0,0.0,0.0,,,,2434286.1132245054,4575971.1272
486,29.02161,41.10028,-119.7,-13.2,-1.8,-123.9,,,,,-17.0,,,,,68.0,59.0,,,,,,137.0,,18576.89,21.0,12.0,10 (16QAM OR 64QAM / Low SE -QPSK),161.0,16QAM,Rank1,21.0,LEVEL_16,22.3,,10.7,0,0,0,,0,0,,0,0,0,0,0,0,,,,2434516.0404451704,4575283.1696
487,29.02161,41.10455,,,,,,,,,,,,,,,,,,,,,,,94027.96,,,,,,,,,,,,0.0,0.0,0.0,,0.0,0.0,,0.0,0.0,0.0,0.0,0.0,0.0,,,,2434357.757445912,4575758.506
488,29.02161,41.1063,-85.3,-14.25,10.35,-82.75,,,,,-12.149999999999999,,,,,23.0,40.0,,,,,,107.0,97648.64,94331.97,4.6,0.0,26 (64QAM OR 256QAM OR 1024 QAM / Low SE -64QAM),31.0,256QAM,Rank3,4.6,LEVEL_1,17.5,,0.0,0,0,0,,0,0,,0,0,0,0,0,0,,,,2434292.8834580956,4575953.316
489,29.02161,41.10634,,,,,,,,,,,,,,,,,,,,,,,,,,,,,,,,,,,0.0,0.0,0.0,,0.0,0.0,,0.0,0.0,0.0,0.0,0.0,0.0,,,,2434291.400597541,4575957.768800001
490,29.02161,41.10637,-89.45,-17.05,-1.5499999999999998,-78.35,,,,,-10.7,,,,,40.0,40.0,,,,,4.0,106.7,87513.31,94397.74,10.7,5.0,22 (64QAM OR 256QAM / Low SE -16QAM),60.0,256QAM,Rank4,10.7,LEVEL_16,17.6,-12.0,0.7,0,0,0,6.0,0,0,,0,0,0,0,0,0, BCCH-DL_SCH SIB1,,,2434290.2884513475,4575961.1084
491,29.02161,41.1064,-76.0,-10.5,23.0,-93.5,,,,,-21.4,,,,,40.0,23.0,,,,,,,,,,,,,,,,,,,,0.0,0.0,0.0,,0.0,0.0,,0.0,0.0,0.0,0.0,0.0,0.0,,,,2434289.1763044856,4575964.448
492,29.02161,41.10714,-72.75,-10.350000000000001,29.85,,,,,,,,,,,40.0,,,,,,,96.4,95846.4,92734.87,10.1,0.0,25 (64QAM OR 256QAM OR 1024 QAM / Low SE -64QAM),66.0,256QAM,Rank4,10.1,LEVEL_1,17.5,,0.0,0,0,0,,0,0,,0,0,0,0,0,0,,,,2434261.743137306,4576046.8248000005
493,29.02162,41.10624,-82.7,-11.6,13.6,-87.35,,,,,-14.0,,,,,23.0,40.0,,,,,,106.3,97546.24,94629.65,3.4,0.0,26 (64QAM OR 256QAM OR 1024 QAM / Low SE -64QAM),31.0,256QAM,Rank3,3.4,LEVEL_1,17.5,,0.0,0,0,0,,0,0,,0,0,0,0,0,0,,,,2434295.9465337675,4575946.6367999995
494,29.02163,41.10019,-120.1,-13.350000000000001,-0.4,-122.85,,,,,-16.15,,,,,68.0,59.0,,,,,,137.3,0.0,,0.0,0.0,4 (QPSK OR 16QAM / Low SE -QPSK),16.0,16QAM,Rank2,0.0,LEVEL_16,22.4,,12.4,0,0,0,,0,0,,0,0,0,0,0,0,,,,2434521.054203984,4575273.1508
495,29.02164,41.10025,-120.6,-13.649999999999999,-0.85,-123.35,,,,,-16.2,,,,,68.0,59.0,,,,,,135.9,20007.92,16186.86,13.2,12.0,8 (QPSK OR 16QAM OR 64QAM / Low SE -QPSK),151.0,QPSK,Rank1,13.2,LEVEL_16,22.2,,12.3,0,0,0,,0,0,,0,0,0,0,0,0,,,,2434519.6690466073,4575279.83
496,29.02164,41.10455,-69.30000000000001,-12.899999999999999,3.5,-68.75,,,,,-12.95,,,,,3.0,13.0,,,,,,87.9,97402.88,,0.2,0.0,27 (64QAM OR 256QAM / Low SE -64QAM),24.0,256QAM,Rank4,0.2,LEVEL_1,17.5,,0.0,0,0,0,,0,0,,0,0,0,0,0,0,,,,2434360.273871869,4575758.506
497,29.02164,41.10719,-72.5,-10.350000000000001,31.049999999999997,,,,,,,,,,,40.0,,,,,,,96.6,95887.36,92763.3,8.1,0.0,25 (64QAM OR 256QAM OR 1024 QAM / Low SE -64QAM),63.0,256QAM,Rank4,8.1,LEVEL_1,17.5,,0.0,0,0,0,,0,0,,0,0,0,0,0,0,,,,2434262.4058550736,4576052.3908
498,29.02166,41.10721,,,,,,,,,,,,,,,,,,,,,,95518.72,,,,,,,,,,,,,0.0,0.0,0.0,,0.0,0.0,,0.0,0.0,0.0,0.0,0.0,0.0,,,,2434263.341960328,4576054.6172
499,29.02167,41.10018,-120.7,-13.9,-0.8500000000000001,-123.15,,,,,-16.200000000000003,,,,,68.0,59.0,,,,,,137.2,0.0,,0.0,0.0,3 (QPSK OR 16QAM / Low SE -QPSK),16.0,QPSK,Rank2,0.0,LEVEL_16,22.2,,11.0,0,0,0,,0,0,,0,0,0,0,0,0,,,,2434524.780331761,4575272.0376
500,29.02167,41.10455,,,,,,,,,,,,,,,,,,,,,,,94532.54,,,,,,,,,,,,0.0,0.0,0.0,,0.0,0.0,,0.0,0.0,0.0,0.0,0.0,0.0,,,,2434362.7902978263,4575758.506
501,29.02167,41.10723,-77.9,-10.350000000000001,25.9,,,,,,,,,,,40.0,,,,,,,98.6,96215.04,92361.04,8.1,0.0,26 (64QAM OR 256QAM OR 1024 QAM / Low SE -64QAM),61.0,256QAM,Rank4,8.1,LEVEL_1,17.5,,0.0,0,0,0,,0,0,,0,0,0,0,0,0,,,,2434263.4392898455,4576056.8436
502,29.02167,41.10803,-92.30000000000001,-12.25,8.850000000000001,-94.35,,,,,-12.8,,,,,40.0,30.0,,,,,,111.9,95841.41,93420.67,5.1,0.0,23 (64QAM OR 256QAM OR 1024 QAM / Low SE -64QAM),85.0,256QAM,Rank3,5.1,LEVEL_1,17.5,,0.0,0,0,0,,0,0,,0,0,0,0,0,0,,,,2434233.7812403333,4576145.8996
503,29.02169,41.10016,,,,,,,,,,,,,,,,,,,,,,,,,,,,,,,,,,,0.0,0.0,0.0,,0.0,0.0,,0.0,0.0,0.0,0.0,0.0,0.0,,,,2434527.1994018075,4575269.8112
504,29.0217,41.10455,-67.69999999999999,-11.7,6.65,-70.0,,,,,-14.9,,,,,3.0,13.0,,,,,,88.5,97751.04,,0.8,0.0,27 (64QAM OR 256QAM / Low SE -64QAM),24.0,256QAM,Rank4,0.8,LEVEL_1,17.5,,0.0,0,0,0,,0,0,,0,0,0,0,0,0,,,,2434365.3067237833,4575758.506
505,29.02171,41.10015,-121.65,-14.100000000000001,-1.55,-123.95,,,,,-16.450000000000003,,,,,68.0,59.0,,,,,,138.5,0.0,,33.3,0.0,6 (QPSK OR 16QAM OR 64QAM / Low SE -QPSK),64.0,QPSK,Rank1,33.3,LEVEL_16,22.1,,9.0,0,0,0,,0,0,,0,0,0,0,0,0,,,,2434529.247801956,4575268.698
506,29.02172,41.10019,-119.44999999999999,-13.149999999999999,0.3,-123.95,,,,,-16.950000000000003,,,,,68.0,59.0,,,,,,135.7,25948.16,19437.34,10.9,6.0,7 (QPSK OR 16QAM OR 64QAM / Low SE -QPSK),188.0,QPSK,Rank2,10.9,LEVEL_16,22.2,,9.1,0,0,0,,0,0,,0,0,0,0,0,0,,,,2434528.603983058,4575273.1508
507,29.02172,41.10728,-75.0,-10.4,28.85,,,,,,,,,,,40.0,,,,,,,94.2,95518.72,92527.77,10.5,0.0,26 (64QAM OR 256QAM OR 1024 QAM / Low SE -64QAM),63.0,256QAM,Rank4,10.5,LEVEL_1,17.5,,0.0,0,0,0,,0,0,,0,0,0,0,0,0,,,,2434265.779544556,4576062.4096
508,29.02173,41.1073,,,,,,,,,,,,,,,,,,,,,95.2,,,,,,,,Rank4,,,17.5,,0.0,0,0,0,,0,0,,0,0,0,0,0,0,,,,2434265.876870608,4576064.636
509,29.02174,41.10803,-88.6,-11.899999999999999,9.0,-91.15,,,,,-13.0,,,,,40.0,30.0,,,,,,108.3,95769.49,92925.3,8.4,0.0,21 (64QAM OR 256QAM / Low SE -16QAM),99.0,256QAM,Rank3,8.4,LEVEL_1,17.5,,0.0,0,0,0,,0,0,,0,0,0,0,0,0, UL-DCCH RRCReconfigurationComplete,,,2434239.652589732,4576145.8996
510,29.02175,41.10011,-121.55000000000001,-13.9,-0.5,-125.15,,,,,-17.7,,,,,68.0,59.0,,,,,,138.5,0.0,,0.0,0.0,2 (QPSK),16.0,QPSK,Rank1,0.0,LEVEL_16,22.2,,8.0,0,0,0,,0,0,,0,0,0,0,0,0,,,,2434534.085945461,4575264.2452
511,29.02175,41.10733,-74.45,-10.4,26.1,,,,,,,,,,,40.0,,,,,,,97.1,94945.28,92363.06,4.3,0.0,24 (64QAM OR 256QAM OR 1024 QAM / Low SE -64QAM),64.0,256QAM,Rank4,4.3,LEVEL_1,17.5,,0.0,0,0,0,,0,0,,0,0,0,0,0,0,,,,2434266.442244743,4576067.9756
512,29.02177,41.10455,-63.400000000000006,-10.85,12.8,-70.85,,,,,-17.1,,,,,3.0,13.0,,,,,,85.4,97351.72,93505.83,1.2,0.0,27 (64QAM OR 256QAM / Low SE -64QAM),24.0,256QAM,Rank4,1.2,LEVEL_1,17.5,,0.0,0,0,0,,0,0,,0,0,0,0,0,0,,,,2434371.17838435,4575758.506
513,29.02178,41.10009,,,,,,,,,,,,,,,,,,,,,,,,,,,,,,,,,,,0.0,0.0,0.0,,0.0,0.0,,0.0,0.0,0.0,0.0,0.0,0.0,,,,2434537.343883921,4575262.0188
514,29.02178,41.10802,-86.3,-11.1,7.9,-91.6,,,,,-15.2,,,,,40.0,30.0,,,,,,,117938.13,93404.68,7.3,0.0,21 (64QAM OR 256QAM / Low SE -16QAM),51.0,256QAM,Rank3,7.3,LEVEL_1,,,,0,0,0,,0,0,,0,0,0,0,0,0,,,,2434243.3783764835,4576144.786400001
515,29.0218,41.10737,-76.5,-10.4,23.0,,,,,,,,,,,40.0,,,,,,,96.9,95539.2,92519.03,8.2,0.0,24 (64QAM OR 256QAM OR 1024 QAM / Low SE -64QAM),66.0,256QAM,Rank4,8.2,LEVEL_1,17.5,,0.0,0,0,0,,0,0,,0,0,0,0,0,0,,,,2434269.1532096374,4576072.428400001
516,29.02181,41.10007,-119.85,-13.149999999999999,0.30000000000000004,-125.25,,,,,-17.9,,,,,68.0,59.0,,,,,,136.3,0.0,,0.0,0.0,2 (QPSK),16.0,QPSK,Rank2,0.0,LEVEL_16,22.4,,9.0,0,0,0,,0,0,,0,0,0,0,0,0,,,,2434540.601823616,4575259.792400001
517,29.02181,41.10801,-93.6,-14.5,-2.0,-87.6,,,,,-11.1,,,,,40.0,40.0,,,,,4.0,113.3,8559.81,,6.2,11.0,11 (16QAM OR 64QAM / Low SE -QPSK),155.0,16QAM,Rank3,6.2,LEVEL_16,17.6,-2.0,2.6,0,0,0,24.0,0,0,,0,0,0,0,0,0, BCCH-DL_SCH SIB1,,,2434246.2653997284,4576143.6732
518,29.02182,41.10011,-120.44999999999999,-13.6,-0.3,-124.8,,,,,-17.3,,,,,68.0,59.0,,,,,,137.3,28037.12,28146.58,7.7,4.0,10 (16QAM OR 64QAM / Low SE -QPSK),115.0,16QAM,Rank1,7.7,LEVEL_16,22.2,,12.0,0,0,0,,0,0,,0,0,0,0,0,0,,,,2434539.9580030045,4575264.2452
519,29.02182,41.10455,-58.05,-10.6,20.5,-68.1,,,,,-15.6,,,,,3.0,13.0,,,,,,82.5,97484.8,88517.61,2.1,0.0,27 (64QAM OR 256QAM / Low SE -64QAM),25.0,256QAM,Rank4,2.1,LEVEL_1,17.4,,0.0,0,0,0,,0,0,,0,0,0,0,0,0,,,,2434375.372427612,4575758.506
520,29.02182,41.10739,-74.9,-10.4,24.9,,,,,,,,,,,40.0,,,,,,,92.4,95723.52,92584.52,9.5,0.0,25 (64QAM OR 256QAM OR 1024 QAM / Low SE -64QAM),66.0,256QAM,Rank4,9.5,LEVEL_1,17.5,,0.0,0,0,0,,0,0,,0,0,0,0,0,0,,,,2434270.0893035363,4576074.654800001
521,29.02183,41.1074,-73.7,-10.4,27.3,,,,,,,,,,,40.0,,,,,,,,95206.53,,12.0,0.0,25 (64QAM OR 256QAM OR 1024 QAM / Low SE -64QAM),57.0,256QAM,Rank4,12.0,LEVEL_1,,,,0,0,0,,0,0,,0,0,0,0,0,0,,,,2434270.5573499915,4576075.768
522,29.02184,41.10742,-73.0,-10.4,22.75,,,,,,,,,,,40.0,,,,,,,94.6,96399.36,92590.17,8.5,0.0,27 (64QAM OR 256QAM / Low SE -64QAM),28.0,256QAM,Rank4,8.5,LEVEL_1,17.5,,0.0,0,0,0,,0,0,,0,0,0,0,0,0,,,,2434270.654669921,4576077.9944
523,29.02185,41.10455,,,,,,,,,,,,,,,,,,,,,,93187.26,79255.58,4.1,0.0,26 (64QAM OR 256QAM OR 1024 QAM / Low SE -64QAM),26.0,256QAM,Rank4,4.1,LEVEL_1,,,,0,0,0,,0,0,,0,0,0,0,0,0,,,,2434377.8888535695,4575758.506
524,29.02186,41.10744,-74.9,-10.45,26.5,,,,,,,,,,,40.0,,,,,,,90.5,97136.64,91084.38,8.1,0.0,27 (64QAM OR 256QAM / Low SE -64QAM),28.0,256QAM,Rank4,8.1,LEVEL_1,17.5,,0.0,0,0,0,,0,0,,0,0,0,0,0,0,,,,2434271.5907607786,4576080.220799999
525,29.02186,41.10745,-75.35,-10.45,19.45,-86.5,,,,,-18.2,,,,,40.0,30.0,,,,,,98.6,95293.44,94184.41,4.1,0.0,26 (64QAM OR 256QAM OR 1024 QAM / Low SE -64QAM),66.0,256QAM,Rank4,4.1,LEVEL_1,17.5,,0.0,0,0,0,,0,0,,0,0,0,0,0,0,,,,2434271.220034104,4576081.334
526,29.02187,41.10746,-80.25,-10.55,16.9,-88.1,,,,,-15.8,,,,,40.0,30.0,,,,,,99.6,95477.76,93235.89,6.0,0.0,27 (64QAM OR 256QAM / Low SE -64QAM),58.0,256QAM,Rank4,6.0,LEVEL_1,17.5,,0.0,0,0,0,,0,0,,0,0,0,0,0,0,,,,2434271.6880788365,4576082.4472
527,29.02187,41.10801,-91.6,-13.2,-0.35,-88.8,,,,,-11.850000000000001,,,,,30.0,40.0,,,,,,114.8,95416.32,93251.76,16.0,0.0,14 (16QAM OR 64QAM / Low SE -QPSK),137.0,64QAM,Rank4,16.0,LEVEL_1,17.5,,3.5,0,0,0,,0,0,,0,0,0,0,0,0,,,,2434251.29798646,4576143.6732
528,29.02188,41.10001,-120.19999999999999,-13.25,0.6,-126.2,,,,,-18.4,,,,,68.0,59.0,,,,,,135.9,0.0,,0.0,0.0,4 (QPSK OR 16QAM / Low SE -QPSK),16.0,QPSK,Rank2,0.0,LEVEL_16,22.2,,8.0,0,0,0,,0,0,,0,0,0,0,0,0,,,,2434548.697916837,4575253.1132
529,29.02188,41.10456,-58.25,-10.5,21.95,,,,,,,,,,,3.0,,,,,,,79.8,90716.9,,3.7,0.0,27 (64QAM OR 256QAM / Low SE -64QAM),25.0,256QAM,Rank4,3.7,LEVEL_1,16.5,,0.0,0,0,0,,0,0,,0,0,0,0,0,0,,,,2434380.034574027,4575759.6192
530,29.02188,41.10747,-78.07499999999999,-10.475,19.525,-87.4,,,,,-16.275,,,,,40.0,30.0,,,,,,102.2,95703.04,92527.88,0.4,0.0,27 (64QAM OR 256QAM / Low SE -64QAM),66.0,256QAM,Rank3,0.4,LEVEL_1,17.5,,0.0,0,0,0,,0,0,,0,0,0,0,0,0,,,,2434272.1561232395,4576083.5604
531,29.02189,41.10748,-80.925,-10.625,17.175,-87.86666666666667,,,,,-17.133333333333333,,,,,40.0,30.0,,,,,,99.1,95805.44,92610.09,1.7,0.0,27 (64QAM OR 256QAM / Low SE -64QAM),56.0,256QAM,Rank4,1.7,LEVEL_1,17.5,,0.0,0,0,0,,0,0,,0,0,0,0,0,0,,,,2434272.6241673133,4576084.6736
532,29.0219,41.10748,-77.75,-10.5,18.549999999999997,,,,,,,,,,,40.0,,,,,,,97.5,95088.64,92621.8,10.1,0.0,27 (64QAM OR 256QAM / Low SE -64QAM),60.0,256QAM,Rank4,10.1,LEVEL_1,17.5,,0.0,0,0,0,,0,0,,0,0,0,0,0,0,,,,2434273.4629385388,4576084.6736
533,29.0219,41.10801,-90.7,-12.6,2.0,-89.8,,,,,-11.8,,,,,30.0,40.0,,,,,,111.4,95283.48,91837.02,,,,,,Rank4,,,17.5,,0.0,0,0,0,,0,0,,0,0,0,0,0,0,,,,2434253.8142798254,4576143.6732
534,29.02191,41.10748,-79.7,-10.55,15.850000000000001,-88.5,,,,,-14.8,,,,,40.0,30.0,,,,,,99.4,95145.09,92539.97,8.3,0.0,26 (64QAM OR 256QAM OR 1024 QAM / Low SE -64QAM),65.0,256QAM,Rank4,8.3,LEVEL_1,17.5,,0.0,0,0,0,,0,0,,0,0,0,0,0,0,,,,2434274.301709764,4576084.6736
535,29.02192,41.09999,,,,,,,,,,,,,,,,,,,,,,,,,,,,,,,,,,,0.0,0.0,0.0,,0.0,0.0,,0.0,0.0,0.0,0.0,0.0,0.0,,,,2434552.7947278614,4575250.8867999995
536,29.02192,41.1075,-83.1,-10.8,12.75,-89.7,,,,,-17.299999999999997,,,,,40.0,30.0,,,,,,102.5,95042.7,92682.08,10.3,0.0,26 (64QAM OR 256QAM OR 1024 QAM / Low SE -64QAM),67.0,256QAM,Rank4,10.3,LEVEL_1,17.5,,0.0,0,0,0,,0,0,,0,0,0,0,0,0,,,,2434274.399025441,4576086.9
537,29.02193,41.10004,-119.9,-12.9,0.9,-124.6,,,,,-16.9,,,,,68.0,59.0,,,,,,136.3,32481.28,,8.7,4.0,11 (16QAM OR 64QAM / Low SE -QPSK),96.0,16QAM,Rank1,8.7,LEVEL_16,22.2,,10.1,0,0,0,,0,0,,0,0,0,0,0,0,,,,2434551.780232407,4575256.4528
538,29.02193,41.10456,-61.400000000000006,-10.45,24.299999999999997,-111.5,,,,,-30.85,,,,,3.0,13.0,,,,,,81.8,78868.48,73512.7,2.0,0.0,27 (64QAM OR 256QAM / Low SE -64QAM),22.0,256QAM,Rank4,2.0,LEVEL_1,17.0,,0.0,0,0,0,,0,0,,0,0,0,0,0,0,,,,2434384.2286166507,4575759.6192
539,29.02193,41.108,-90.5,-12.9,3.1,-90.5,,,,,-12.9,,,,,30.0,40.0,,,,,,108.9,96691.1,,14.9,0.0,15 (16QAM OR 64QAM OR 256QAM / Low SE -16QAM),128.0,64QAM,Rank4,14.9,LEVEL_1,17.5,,0.5,0,0,0,,0,0,,0,0,0,0,0,0,,,,2434256.7013049116,4576142.56
540,29.02195,41.10752,-82.65,-10.75,12.95,-88.2,,,,,-15.950000000000001,,,,,40.0,30.0,,,,,,101.1,95370.36,92444.23,3.7,0.0,26 (64QAM OR 256QAM OR 1024 QAM / Low SE -64QAM),73.0,256QAM,Rank3,3.7,LEVEL_1,17.5,,0.9,0,0,0,,0,0,,0,0,0,0,0,0,,,,2434276.1738817394,4576089.1264
541,29.02196,41.10457,,,,,,,,,,,,,,,,,,,,,,75694.08,72644.53,1.9,0.0,27 (64QAM OR 256QAM / Low SE -64QAM),22.0,256QAM,Rank4,1.9,LEVEL_1,,,,0,0,0,,0,0,,0,0,0,0,0,0,,,,2434386.3743356294,4575760.7324
542,29.02196,41.108,-89.2,-11.9,2.7,-90.3,,,,,-13.7,,,,,30.0,40.0,,,,,,108.0,95109.12,92814.37,,,,,,Rank4,,,17.5,,0.0,0,0,0,,0,0,,0,0,0,0,0,0,,,,2434259.2175986604,4576142.56
543,29.02197,41.09996,-121.6,-13.85,0.8999999999999999,-125.5,,,,,-17.55,,,,,68.0,59.0,,,,,,137.7,0.0,,25.0,0.0,11 (16QAM OR 64QAM / Low SE -QPSK),16.0,QPSK,Rank2,25.0,LEVEL_16,22.3,,9.1,0,0,0,,0,0,,0,0,0,0,0,0,,,,2434558.1010803943,4575247.5472
544,29.02198,41.1,-119.5,-12.8,0.5,-124.8,,,,,-17.7,,,,,68.0,59.0,,,,,,135.9,,26012.15,16.4,4.0,12 (16QAM OR 64QAM / Low SE -QPSK),132.0,16QAM,Rank1,16.4,LEVEL_16,22.2,,11.1,0,0,0,,0,0,,0,0,0,0,0,0,,,,2434557.4572562776,4575252.0
545,29.02198,41.10755,-81.30000000000001,-10.649999999999999,12.3,-86.65,,,,,-15.850000000000001,,,,,40.0,30.0,,,,,,100.4,95523.73,93242.93,7.5,0.0,26 (64QAM OR 256QAM OR 1024 QAM / Low SE -64QAM),71.0,256QAM,Rank3,7.5,LEVEL_1,17.5,,0.0,0,0,0,,0,0,,0,0,0,0,0,0,,,,2434277.5780072594,4576092.466
546,29.02199,41.10457,-57.150000000000006,-10.4,24.4,-88.4,,,,,-25.75,,,,,3.0,13.0,,,,,,77.7,74997.76,,1.7,0.0,27 (64QAM OR 256QAM / Low SE -64QAM),22.0,256QAM,Rank4,1.7,LEVEL_1,14.6,,0.0,0,0,0,,0,0,,0,0,0,0,0,0,,,,2434388.8907608204,4575760.7324
547,29.022,41.10758,-82.05000000000001,-10.95,9.6,-88.05,,,,,-15.65,,,,,40.0,30.0,,,,,,99.8,95416.96,92612.23,3.9,0.0,26 (64QAM OR 256QAM OR 1024 QAM / Low SE -64QAM),72.0,256QAM,Rank3,3.9,LEVEL_1,17.5,,0.0,0,0,0,,0,0,,0,0,0,0,0,0,,,,2434278.1433598655,4576095.8056
548,29.022,41.108,-90.1,-12.5,3.4,-88.8,,,,,-12.8,,,,,30.0,40.0,,,,,,109.6,96194.56,,8.7,0.0,14 (16QAM OR 64QAM / Low SE -QPSK),125.0,64QAM,Rank4,8.7,LEVEL_1,17.5,,0.5,0,0,0,,0,0,,0,0,0,0,0,0,,,,2434262.5726569924,4576142.56
549,29.02201,41.1076,-82.3,-11.2,12.8,-87.6,,,,,-15.3,,,,,40.0,30.0,,,,,,100.0,95907.84,83808.49,3.6,0.0,26 (64QAM OR 256QAM OR 1024 QAM / Low SE -64QAM),69.0,256QAM,Rank4,3.6,LEVEL_1,17.5,,0.0,0,0,0,,0,0,,0,0,0,0,0,0,,,,2434278.2406704826,4576098.032
550,29.02203,41.10761,-82.7,-11.0,10.9,-88.0,,,,,-16.3,,,,,40.0,30.0,,,,,,,,,1.4,0.0,27 (64QAM OR 256QAM / Low SE -64QAM),72.0,256QAM,Rank3,1.4,LEVEL_1,,,,0,0,0,,0,0,,0,0,0,0,0,0,,,,2434279.547479836,4576099.1452
551,29.02204,41.09996,-119.35,-12.85,1.35,-125.35,,,,,-18.299999999999997,,,,,68.0,59.0,,,,,,135.0,35018.98,28901.9,7.4,2.0,10 (16QAM OR 64QAM / Low SE -QPSK),117.0,16QAM,Rank2,7.4,LEVEL_16,22.2,,9.1,0,0,0,,0,0,,0,0,0,0,0,0,,,,2434563.973151349,4575247.5472
552,29.02204,41.10457,-59.2,-10.4,24.75,-75.7,,,,,-21.2,,,,,3.0,13.0,,,,,,76.8,74301.44,84826.09,1.5,0.0,27 (64QAM OR 256QAM / Low SE -64QAM),22.0,256QAM,Rank4,1.5,LEVEL_1,13.7,,0.0,0,0,0,,0,0,,0,0,0,0,0,0,,,,2434393.084802805,4575760.7324
553,29.02205,41.10762,-83.45,-11.1,8.2,-87.7,,,,,-14.4,,,,,40.0,30.0,,,,,,101.9,96824.36,101985.51,1.8,0.0,27 (64QAM OR 256QAM / Low SE -64QAM),77.0,256QAM,Rank3,1.8,LEVEL_1,17.5,,0.0,0,0,0,,0,0,,0,0,0,0,0,0,,,,2434280.8542886036,4576100.2584
554,29.02206,41.0999,-120.8,-13.1,1.2,-125.4,,,,,-17.65,,,,,68.0,59.0,,,,,,137.2,0.0,,0.0,0.0,4 (QPSK OR 16QAM / Low SE -QPSK),16.0,QPSK,Rank2,0.0,LEVEL_16,22.4,,11.5,0,0,0,,0,0,,0,0,0,0,0,0,,,,2434567.874926908,4575240.868
555,29.02207,41.10457,,,,,,,,,,,,,,,,,,,,,,91340.8,93241.41,,,,,,,,,,,,0.0,0.0,0.0,,0.0,0.0,,0.0,0.0,0.0,0.0,0.0,0.0,,,,2434395.601227996,4575760.7324
556,29.02207,41.10763,-86.1,-12.1,5.75,-87.35,,,,,-12.7,,,,,40.0,30.0,,,,,,107.2,96399.36,92927.95,3.5,0.0,27 (64QAM OR 256QAM / Low SE -64QAM),75.0,256QAM,Rank3,3.5,LEVEL_1,17.5,,0.0,0,0,0,,0,0,,0,0,0,0,0,0,,,,2434282.1610967866,4576101.3716
557,29.02207,41.10799,-89.35,-11.9,3.55,-89.0,,,,,-12.75,,,,,30.0,40.0,,,,,,112.3,95825.92,93495.59,10.6,0.0,14 (16QAM OR 64QAM / Low SE -QPSK),128.0,64QAM,Rank4,10.6,LEVEL_1,17.5,,1.5,0,0,0,,0,0,,0,0,0,0,0,0,,,,2434268.814742508,4576141.4468
558,29.0221,41.10457,-58.4,-10.4,26.1,,,,,,,,,,,3.0,,,,,,,81.0,95436.8,,8.8,0.0,27 (64QAM OR 256QAM / Low SE -64QAM),52.0,256QAM,Rank4,8.8,LEVEL_1,17.1,,0.0,0,0,0,,0,0,,0,0,0,0,0,0,,,,2434398.1176531864,4575760.7324
559,29.0221,41.10765,-87.85,-12.7,1.4,-86.5,,,,,-11.85,,,,,40.0,30.0,,,,,,106.5,96573.56,82527.55,8.4,0.0,26 (64QAM OR 256QAM OR 1024 QAM / Low SE -64QAM),80.0,256QAM,Rank3,8.4,LEVEL_1,17.5,,0.0,0,0,0,,0,0,,0,0,0,0,0,0,,,,2434283.9359423425,4576103.598
560,29.0221,41.10799,-90.2,-12.1,4.2,-90.6,,,,,-12.5,,,,,30.0,40.0,,,,,,111.2,96722.02,92711.47,,,,,,Rank4,,,17.5,,1.0,0,0,0,,0,0,,0,0,0,0,0,0,,,,2434271.33103664,4576141.4468
561,29.02213,41.10766,-87.7,-13.9,-0.8,-84.1,,,,,-11.3,,,,,40.0,30.0,,,,,,106.7,97505.28,105399.65,9.4,0.0,25 (64QAM OR 256QAM OR 1024 QAM / Low SE -64QAM),82.0,256QAM,Rank3,9.4,LEVEL_1,17.5,,0.0,0,0,0,,0,0,,0,0,0,0,0,0,,,,2434286.081517824,4576104.711200001
562,29.02213,41.10798,-88.5,-12.0,3.5,-89.6,,,,,-13.0,,,,,30.0,40.0,,,,,,109.1,95252.48,,12.1,0.0,15 (16QAM OR 64QAM OR 256QAM / Low SE -16QAM),124.0,64QAM,Rank4,12.1,LEVEL_1,17.5,,0.0,0,0,0,,0,0,,0,0,0,0,0,0,,,,2434274.2180649,4576140.3336
563,29.02215,41.09989,-117.9,-12.1,2.3,-129.6,,,,,-22.5,,,,,68.0,59.0,,,,,,134.4,33648.64,,17.1,0.0,11 (16QAM OR 64QAM / Low SE -QPSK),129.0,16QAM,Rank2,17.1,LEVEL_16,22.2,,9.2,0,0,0,,0,0,,0,0,0,0,0,0,,,,2434575.795413707,4575239.7548
564,29.02216,41.09984,-119.35,-12.55,2.7,-123.94999999999999,,,,,-16.1,,,,,68.0,59.0,,,,,,136.4,0.0,,0.0,0.0,5 (QPSK OR 16QAM / Low SE -QPSK),16.0,16QAM,Rank2,0.0,LEVEL_16,22.4,,11.0,0,0,0,,0,0,,0,0,0,0,0,0,,,,2434578.4876533565,4575234.1888
565,29.02216,41.10767,-87.63333333333333,-13.333333333333334,4.066666666666666,-85.46666666666665,,,,,-12.033333333333333,,,,,40.0,30.0,,,,,,108.0,97075.2,94536.8,7.7,0.0,27 (64QAM OR 256QAM / Low SE -64QAM),81.0,256QAM,Rank3,7.7,LEVEL_1,17.5,,0.0,0,0,0,,0,0,,0,0,0,0,0,0,,,,2434288.227092465,4576105.8244
566,29.02217,41.10458,-59.75,-10.4,27.1,,,,,,,,,,,3.0,,,,,,,81.1,96911.36,96616.99,4.8,0.0,26 (64QAM OR 256QAM OR 1024 QAM / Low SE -64QAM),30.0,256QAM,Rank4,4.8,LEVEL_1,15.9,,0.0,0,0,0,,0,0,,0,0,0,0,0,0,,,,2434403.6186026135,4575761.8456
567,29.02218,41.10797,-88.25,-12.2,4.45,-90.44999999999999,,,,,-12.75,,,,,30.0,40.0,,,,,,108.1,96158.6,93195.88,11.1,0.0,15 (16QAM OR 64QAM OR 256QAM / Low SE -16QAM),122.0,64QAM,Rank4,11.1,LEVEL_1,17.5,,0.5,0,0,0,,0,0,,0,0,0,0,0,0,,,,2434278.7826237837,4576139.2204
568,29.0222,41.10459,,,,,,,,,,,,,,,,,,,,,,95026.48,89224.07,,,,,,,,,,,,0.0,0.0,0.0,,0.0,0.0,,0.0,0.0,0.0,0.0,0.0,0.0,,,,2434405.7643176117,4575762.9588
569,29.02221,41.09981,-120.3,-12.8,3.5,,,,,,,,,,,68.0,,,,,,,136.4,,,0.0,0.0,4 (QPSK OR 16QAM / Low SE -QPSK),16.0,16QAM,Rank2,0.0,LEVEL_16,22.2,,7.0,0,0,0,,0,0,,0,0,0,0,0,0,,,,2434583.794021328,4575230.8492
570,29.02221,41.09985,-118.5,-12.4,1.5,-125.1,,,,,-18.4,,,,,68.0,59.0,,,,,,135.2,33955.84,34114.31,9.2,0.0,10 (16QAM OR 64QAM / Low SE -QPSK),122.0,16QAM,Rank1,9.2,LEVEL_16,22.2,,8.8,0,0,0,,0,0,,0,0,0,0,0,0,,,,2434582.3113226304,4575235.302
571,29.02221,41.10768,-84.6,-12.1,8.4,-84.6,,,,,-13.1,,,,,40.0,30.0,,,,,,106.9,96936.84,92899.96,8.7,0.0,27 (64QAM OR 256QAM / Low SE -64QAM),79.0,256QAM,Rank3,8.7,LEVEL_1,17.5,,0.0,0,0,0,,0,0,,0,0,0,0,0,0,,,,2434292.050203606,4576106.9376
572,29.02222,41.10796,-86.2,-11.85,4.75,-90.2,,,,,-13.0,,,,,30.0,40.0,,,,,,111.8,96116.16,93241.68,8.8,0.0,13 (16QAM OR 64QAM / Low SE -QPSK),132.0,64QAM,Rank4,8.8,LEVEL_1,17.5,,0.5,0,0,0,,0,0,,0,0,0,0,0,0,,,,2434282.5084187775,4576138.1071999995
573,29.02224,41.1046,-65.0,-10.4,26.2,,,,,,,,,,,3.0,,,,,,,79.0,95928.32,,3.0,0.0,26 (64QAM OR 256QAM OR 1024 QAM / Low SE -64QAM),57.0,256QAM,Rank4,3.0,LEVEL_1,16.0,,0.0,0,0,0,,0,0,,0,0,0,0,0,0,,,,2434408.7488397835,4575764.072
574,29.02225,41.10795,-89.55,-13.05,0.8,-87.75,,,,,-11.899999999999999,,,,,30.0,40.0,,,,,,111.8,95519.68,93222.31,9.8,0.0,13 (16QAM OR 64QAM / Low SE -QPSK),137.0,64QAM,Rank4,9.8,LEVEL_1,17.5,,0.5,0,0,0,,0,0,,0,0,0,0,0,0,,,,2434285.395449497,4576136.994
575,29.02226,41.10769,-84.9,-11.850000000000001,8.1,-86.85,,,,,-13.7,,,,,40.0,30.0,,,,,,105.5,96783.48,95442.71,9.1,0.0,27 (64QAM OR 256QAM / Low SE -64QAM),79.0,256QAM,Rank3,9.1,LEVEL_1,17.5,,0.0,0,0,0,,0,0,,0,0,0,0,0,0,,,,2434295.8733133962,4576108.050799999
576,29.02227,41.09978,-119.7,-12.6,2.6,,,,,,,,,,,68.0,,,,,,,136.2,0.0,,0.0,0.0,5 (QPSK OR 16QAM / Low SE -QPSK),16.0,16QAM,Rank2,0.0,LEVEL_16,22.3,,10.6,0,0,0,,0,0,,0,0,0,0,0,0,,,,2434589.939262041,4575227.5096
577,29.02227,41.09981,-118.55000000000001,-12.55,2.65,-125.19999999999999,,,,,-18.5,,,,,68.0,59.0,,,,,,134.6,51525.0,33182.24,14.6,0.0,9 (QPSK OR 16QAM OR 64QAM / Low SE -QPSK),100.0,16QAM,Rank2,14.6,LEVEL_16,22.1,,9.1,0,0,0,,0,0,,0,0,0,0,0,0,,,,2434588.827236498,4575230.8492
578,29.02227,41.10794,-88.65,-12.55,0.45,-87.55000000000001,,,,,-11.75,,,,,30.0,40.0,,,,,,108.6,95728.49,93216.26,11.6,0.0,12 (16QAM OR 64QAM / Low SE -QPSK),138.0,16QAM,Rank4,11.6,LEVEL_1,17.5,,1.0,0,0,0,,0,0,,0,0,0,0,0,0,,,,2434287.44371556,4576135.880799999
579,29.02229,41.10769,,,,,,,,,,,,,,,,,,,,,104.4,96839.52,,11.1,0.0,26 (64QAM OR 256QAM OR 1024 QAM / Low SE -64QAM),78.0,256QAM,Rank3,11.1,LEVEL_1,17.5,,0.0,0,0,0,,0,0,,0,0,0,0,0,0,,,,2434298.3896190254,4576108.050799999
580,29.02229,41.10793,-90.4,-13.45,2.35,-88.1,,,,,-12.4,,,,,30.0,40.0,,,,,,109.6,96087.12,93558.47,26.7,0.0,16 (16QAM OR 64QAM OR 256QAM / Low SE -16QAM),142.0,64QAM,Rank4,26.7,LEVEL_1,17.5,,1.0,0,0,0,,0,0,,0,0,0,0,0,0,,,,2434289.491982059,4576134.7676
581,29.0223,41.10792,-86.4,-11.6,1.4000000000000001,-88.7,,,,,-12.45,,,,,30.0,40.0,,,,,,113.1,97136.64,93976.75,20.1,0.0,20 (64QAM OR 256QAM / Low SE -16QAM),95.0,64QAM,Rank4,20.1,LEVEL_1,17.5,,0.5,0,0,0,,0,0,,0,0,0,0,0,0,,,,2434290.7014833903,4576133.6544
582,29.02231,41.10768,-84.65,-11.25,7.6,-87.6,,,,,-13.45,,,,,40.0,30.0,,,,,,105.9,93993.35,93843.29,7.8,0.0,23 (64QAM OR 256QAM OR 1024 QAM / Low SE -64QAM),86.0,256QAM,Rank3,7.8,LEVEL_1,17.5,,0.0,0,0,0,,0,0,,0,0,0,0,0,0,,,,2434300.437890313,4576106.9376
583,29.02232,41.09974,,,,,,,,,,,,,,,,,,,,,,,,,,,,,,,,,,,0.0,0.0,0.0,,0.0,0.0,,0.0,0.0,0.0,0.0,0.0,0.0,,,,2434595.616312172,4575223.056799999
584,29.02232,41.10461,-71.35,-10.6,21.200000000000003,-125.95,-105.4,,,,-34.05,-30.8,,,,3.0,68.0,68.0,,,,,87.4,95849.75,92257.99,5.6,0.0,27 (64QAM OR 256QAM / Low SE -64QAM),48.0,256QAM,Rank4,5.6,LEVEL_1,17.5,,1.1,0,0,0,,0,0,,0,0,0,0,0,0,,,,2434415.088592403,4575765.1852
585,29.02232,41.10791,-86.05,-11.45,6.25,-87.65,,,,,-13.05,,,,,30.0,40.0,,,,,,108.8,97095.68,94253.98,20.3,0.0,21 (64QAM OR 256QAM / Low SE -16QAM),86.0,64QAM,Rank4,20.3,LEVEL_1,17.5,,1.0,0,0,0,,0,0,,0,0,0,0,0,0,,,,2434292.7497506356,4576132.5412
586,29.02234,41.1079,-84.65,-11.75,4.35,-87.0,,,,,-13.1,,,,,30.0,40.0,,,,,,103.7,97269.64,94098.75,33.0,1.0,28 (64QAM / Low SE -64QAM),74.0,256QAM,Rank4,33.0,LEVEL_1,17.5,,0.0,0,0,0,,0,0,,0,0,0,0,0,0,,,,2434294.798018317,4576131.428
587,29.02237,41.10788,-87.5,-13.05,1.7000000000000002,-87.19999999999999,,,,,-12.45,,,,,30.0,40.0,,,,,,106.4,96942.2,94591.05,2.4,0.0,27 (64QAM OR 256QAM / Low SE -64QAM),75.0,256QAM,Rank3,2.4,LEVEL_1,17.5,,0.0,0,0,0,,0,0,,0,0,0,0,0,0,,,,2434298.055788876,4576129.2016
588,29.02238,41.09971,-119.55,-12.5,2.55,-131.0,,,,,-22.1,,,,,68.0,59.0,,,,,,135.5,0.0,,0.0,0.0,6 (QPSK OR 16QAM OR 64QAM / Low SE -QPSK),16.0,16QAM,Rank2,0.0,LEVEL_16,22.2,,9.0,0,0,0,,0,0,,0,0,0,0,0,0,,,,2434601.7615609067,4575219.7172
589,29.02238,41.10766,-87.1,-13.350000000000001,1.9500000000000002,-83.55,,,,,-11.75,,,,,40.0,30.0,,,,,,108.1,95621.12,92775.11,10.5,0.0,23 (64QAM OR 256QAM OR 1024 QAM / Low SE -64QAM),91.0,256QAM,Rank3,10.5,LEVEL_1,17.5,,0.0,0,0,0,,0,0,,0,0,0,0,0,0,,,,2434307.050740978,4576104.711200001
590,29.02239,41.10787,-86.7,-15.1,0.1,-84.2,,,,,-11.4,,,,,30.0,40.0,,,,,,107.6,96906.32,93572.67,,,,,,Rank3,,,17.5,,0.0,0,0,0,,0,0,,0,0,0,0,0,0,,,,2434300.104057741,4576128.0884
591,29.0224,41.09974,-118.3,-12.3,3.0999999999999996,-128.9,,,,,-20.8,,,,,68.0,59.0,,,,,,133.4,88412.16,48221.92,17.0,0.0,9 (QPSK OR 16QAM OR 64QAM / Low SE -QPSK),231.0,QPSK,Rank2,17.0,LEVEL_4,22.0,,7.3,0,0,0,,0,0,,0,0,0,0,0,0,,,,2434602.327272884,4575223.056799999
592,29.02241,41.10463,-72.55,-10.7,18.65,-102.15,-102.15,,,,-27.5,-28.05,,,,3.0,13.0,68.0,,,,,90.6,95272.96,94411.29,2.4,0.0,25 (64QAM OR 256QAM OR 1024 QAM / Low SE -64QAM),61.0,256QAM,Rank4,2.4,LEVEL_1,17.5,,0.0,0,0,0,,0,0,,0,0,0,0,0,0,,,,2434421.896437875,4575767.4116
593,29.02241,41.10765,,,,,,,,,,,,,,,,,,,,,,96195.84,,5.1,0.0,23 (64QAM OR 256QAM OR 1024 QAM / Low SE -64QAM),89.0,256QAM,Rank3,5.1,LEVEL_1,,,,0,0,0,,0,0,,0,0,0,0,0,0,,,,2434309.937783014,4576103.598
594,29.02241,41.10786,-83.2,-12.9,-2.5,-82.6,,,,,-11.8,,,,,30.0,40.0,,,,,,103.7,97223.62,,2.4,0.0,27 (64QAM OR 256QAM / Low SE -64QAM),75.0,256QAM,Rank3,2.4,LEVEL_1,17.5,,0.0,0,0,0,,0,0,,0,0,0,0,0,0,,,,2434302.152327042,4576126.9752
595,29.02244,41.10764,-84.7,-12.7,5.55,-82.5,,,,,-12.600000000000001,,,,,40.0,30.0,,,,,,99.5,95682.56,92937.3,7.9,0.0,25 (64QAM OR 256QAM OR 1024 QAM / Low SE -64QAM),80.0,256QAM,Rank3,7.9,LEVEL_1,17.5,,0.0,0,0,0,,0,0,,0,0,0,0,0,0,,,,2434312.824825742,4576102.484800001
596,29.02245,41.10464,,,,,,,,,,,,,,,,,,,,,,,94248.43,11.1,0.0,27 (64QAM OR 256QAM / Low SE -64QAM),61.0,256QAM,Rank4,11.1,LEVEL_1,,,,0,0,0,,0,0,,0,0,0,0,0,0,,,,2434424.8809550237,4575768.524800001
597,29.02245,41.10784,-84.4,-12.2,2.4,-84.4,,,,,-12.55,,,,,30.0,40.0,,,,,,104.4,96506.81,92548.83,0.7,0.0,27 (64QAM OR 256QAM / Low SE -64QAM),71.0,256QAM,Rank3,0.7,LEVEL_1,17.5,,0.5,0,0,0,,0,0,,0,0,0,0,0,0,,,,2434306.2488669553,4576124.7488
598,29.02247,41.10782,-84.5,-11.8,4.5,-85.8,,,,,-13.5,,,,,30.0,40.0,,,,,,104.5,95605.65,92676.38,,,,,,Rank3,,,17.5,,0.0,0,0,0,,0,0,,0,0,0,0,0,0,,,,2434308.6678748517,4576122.522399999
599,29.02248,41.10763,,,,,,,,,,,,,,,,,,,,,,,,10.6,0.0,24 (64QAM OR 256QAM OR 1024 QAM / Low SE -64QAM),83.0,256QAM,Rank3,10.6,LEVEL_1,,,,0,0,0,,0,0,,0,0,0,0,0,0,,,,2434316.5506384717,4576101.3716
600,29.02249,41.09966,-118.2,-12.2,4.0,-127.75,,,,,-20.45,,,,,68.0,59.0,,,,,,135.7,0.0,,50.0,0.0,18 (64QAM OR 256QAM / Low SE -16QAM),16.0,16QAM,Rank2,50.0,LEVEL_8,22.2,,11.6,0,0,0,,0,0,,0,0,0,0,0,0,,,,2434612.8425219767,4575214.1512
601,29.02249,41.10781,-84.5,-11.4,4.0,-86.2,,,,,-13.5,,,,,30.0,40.0,,,,,,105.3,95698.02,,0.0,0.0,27 (64QAM OR 256QAM / Low SE -64QAM),74.0,256QAM,Rank3,0.0,LEVEL_1,17.5,,0.0,0,0,0,,0,0,,0,0,0,0,0,0,,,,2434310.716146082,4576121.4092
602,29.0225,41.10465,-73.3,-10.7,16.15,-102.15,-90.4,,,,-26.3,-20.049999999999997,,,,3.0,13.0,68.0,,,,,93.1,97372.28,,8.4,0.0,26 (64QAM OR 256QAM OR 1024 QAM / Low SE -64QAM),62.0,256QAM,Rank4,8.4,LEVEL_1,17.5,,0.0,0,0,0,,0,0,,0,0,0,0,0,0,,,,2434428.7042784514,4575769.638
603,29.02251,41.10674,-78.05,-10.4,26.95,,,,,,,,,,,40.0,,,,,,,97.2,96364.09,,9.8,0.0,27 (64QAM OR 256QAM / Low SE -64QAM),28.0,256QAM,Rank4,9.8,LEVEL_1,17.5,,0.0,0,0,0,,0,0,,0,0,0,0,0,0,,,,2434352.0621877867,4576002.296800001
604,29.02251,41.10678,,,,,,,,,,,,,,,,,,,,,,77963.27,94021.02,,,,,,,,,,,,0.0,0.0,0.0,,0.0,0.0,,0.0,0.0,0.0,0.0,0.0,0.0,,,,2434350.5792681957,4576006.7496
605,29.02251,41.10682,-78.75,-10.4,28.25,,,,,,,,,,,40.0,,,,,,,95.9,77615.2,77056.0,9.8,0.0,26 (64QAM OR 256QAM OR 1024 QAM / Low SE -64QAM),26.0,256QAM,Rank4,9.8,LEVEL_1,17.5,,0.0,0,0,0,,0,0,,0,0,0,0,0,0,,,,2434349.096347418,4576011.2024
606,29.02251,41.10689,-74.7,-10.4,30.450000000000003,,,,,,,,,,,40.0,,,,,,,92.2,77201.52,,9.9,0.0,26 (64QAM OR 256QAM OR 1024 QAM / Low SE -64QAM),26.0,256QAM,Rank4,9.9,LEVEL_1,17.5,,0.0,0,0,0,,0,0,,0,0,0,0,0,0,,,,2434346.501233203,4576018.9948
607,29.02251,41.10693,,,,,,,,,,,,,,,,,,,,,,78427.48,74253.65,,,,,,,,,,,,0.0,0.0,0.0,,0.0,0.0,,0.0,0.0,0.0,0.0,0.0,0.0,,,,2434345.018309163,4576023.4476
608,29.02251,41.10697,-72.55,-10.4,29.65,,,,,,,,,,,40.0,,,,,,,92.9,90833.56,76788.16,4.8,0.0,26 (64QAM OR 256QAM OR 1024 QAM / Low SE -64QAM),25.0,256QAM,Rank4,4.8,LEVEL_1,17.5,,0.0,0,0,0,,0,0,,0,0,0,0,0,0,,,,2434343.535383936,4576027.9004
609,29.02251,41.10762,-83.56666666666666,-12.533333333333331,0.3333333333333333,-83.13333333333334,,,,,-12.5,,,,,30.0,30.0,,,,,2.0,109.3,49423.38,92397.39,12.2,0.0,22 (64QAM OR 256QAM / Low SE -16QAM),94.0,256QAM,Rank3,12.2,LEVEL_1,17.5,-7.0,0.0,0,0,0,7.0,0,0,,0,0,0,0,0,0, BCCH-DL_SCH SIB1,,,2434319.437682712,4576100.2584
610,29.02252,41.10667,-78.4,-10.4,25.5,,,,,,,,,,,40.0,,,,,,,98.0,97152.66,66999.29,11.9,0.0,27 (64QAM OR 256QAM / Low SE -64QAM),28.0,256QAM,Rank4,11.9,LEVEL_1,17.5,,0.0,0,0,0,,0,0,,0,0,0,0,0,0,,,,2434355.4960757885,4575994.5044
611,29.02252,41.10705,-74.95,-10.4,27.75,,,,,,,,,,,40.0,,,,,,,95.5,96460.8,,10.2,0.0,26 (64QAM OR 256QAM OR 1024 QAM / Low SE -64QAM),29.0,256QAM,Rank4,10.2,LEVEL_1,17.5,,0.0,0,0,0,,0,0,,0,0,0,0,0,0,,,,2434341.4083066415,4576036.806
612,29.02253,41.09967,-117.1,-11.9,3.5,-128.0,,,,,-20.9,,,,,68.0,59.0,,,,,,133.6,85713.26,,6.0,0.0,7 (QPSK OR 16QAM OR 64QAM / Low SE -QPSK),201.0,16QAM,Rank2,6.0,LEVEL_4,22.1,,10.2,0,0,0,,0,0,,0,0,0,0,0,0,,,,2434615.8273288826,4575215.264400001
613,29.02253,41.10663,,,,,,,,,,,,,,,,,,,,,,62707.3,87672.82,,,,,,,,,,,,0.0,0.0,0.0,,0.0,0.0,,0.0,0.0,0.0,0.0,0.0,0.0,,,,2434357.8177747102,4575990.0516
614,29.02253,41.1071,,,,,,,,,,,,,,,,,,,,,,,84492.28,,,,,,,,,,,,0.0,0.0,0.0,,0.0,0.0,,0.0,0.0,0.0,0.0,0.0,0.0,,,,2434340.393420914,4576042.372
615,29.02254,41.09962,,,,,,,,,,,,,,,,,,,,,,,,,,,,,,,,,,,0.0,0.0,0.0,,0.0,0.0,,0.0,0.0,0.0,0.0,0.0,0.0,,,,2434618.5195874507,4575209.6984
616,29.02254,41.10465,,,,,,,,,,,,,,,,,,,,,,,99041.19,9.3,0.0,27 (64QAM OR 256QAM / Low SE -64QAM),62.0,256QAM,Rank4,9.3,LEVEL_1,,,,0,0,0,,0,0,,0,0,0,0,0,0,,,,2434432.0595079516,4575769.638
617,29.02254,41.10714,-78.35,-10.45,22.9,,,,,,,,,,,40.0,,,,,,,97.1,97182.69,,10.8,0.0,26 (64QAM OR 256QAM OR 1024 QAM / Low SE -64QAM),30.0,256QAM,Rank4,10.8,LEVEL_1,17.5,,0.0,0,0,0,,0,0,,0,0,0,0,0,0,,,,2434339.749265192,4576046.8248000005
618,29.02254,41.10778,-83.65,-11.600000000000001,4.050000000000001,-86.65,,,,,-13.350000000000001,,,,,30.0,40.0,,,,,,106.3,95452.32,93084.77,1.3,0.0,27 (64QAM OR 256QAM / Low SE -64QAM),72.0,256QAM,Rank3,1.3,LEVEL_1,17.5,,0.0,0,0,0,,0,0,,0,0,0,0,0,0,,,,2434316.0221949997,4576118.0696
619,29.02255,41.10655,,,,,,,,,,,,,,,,,,,,,,96189.52,92902.27,,,,,,,,,,,,0.0,0.0,0.0,,0.0,0.0,,0.0,0.0,0.0,0.0,0.0,0.0,,,,2434362.4611720624,4575981.146
620,29.02255,41.10659,-77.15,-10.350000000000001,25.05,,,,,,,,,,,40.0,,,,,,,97.4,79343.68,,12.1,0.0,27 (64QAM OR 256QAM / Low SE -64QAM),24.0,256QAM,Rank4,12.1,LEVEL_1,17.5,,0.0,0,0,0,,0,0,,0,0,0,0,0,0,,,,2434360.978256063,4575985.5988
621,29.02255,41.10718,,,,,,,,,,,,,,,,,,,,,,,99982.33,,,,,,,,,,,,0.0,0.0,0.0,,0.0,0.0,,0.0,0.0,0.0,0.0,0.0,0.0,,,,2434339.1051072613,4576051.2776
622,29.02256,41.10651,-79.5,-10.45,20.95,-154.3,,,,,-42.3,,,,,40.0,23.0,,,,,,98.3,97285.09,,0.6,0.0,27 (64QAM OR 256QAM / Low SE -64QAM),32.0,256QAM,Rank3,0.6,LEVEL_1,17.5,,0.0,0,0,0,,0,0,,0,0,0,0,0,0,,,,2434364.782870491,4575976.6932
623,29.02257,41.10721,-78.25,-10.6,14.0,-85.2,,,,,-19.1,,,,,40.0,30.0,,,,,,99.4,97638.41,83437.73,9.8,0.0,24 (64QAM OR 256QAM OR 1024 QAM / Low SE -64QAM),30.0,256QAM,Rank4,9.8,LEVEL_1,17.5,,0.0,0,0,0,,0,0,,0,0,0,0,0,0,,,,2434339.670455707,4576054.6172
624,29.02257,41.1076,-81.6,-11.5,8.8,-85.6,,,,,-14.2,,,,,30.0,40.0,,,,,,101.6,116680.67,93257.61,13.0,0.0,13 (16QAM OR 64QAM / Low SE -QPSK),169.0,64QAM,Rank3,13.0,LEVEL_1,17.5,,0.6,0,0,0,,0,0,,0,0,0,0,0,0, BCCH-DL_SCH SIB2,,,2434325.211773269,4576098.032
625,29.02258,41.10466,-76.4,-10.8,10.9,-91.6,-92.0,,,,-25.6,-22.0,,,,3.0,13.0,68.0,,,,,94.1,97008.67,,10.4,0.0,26 (64QAM OR 256QAM OR 1024 QAM / Low SE -64QAM),64.0,256QAM,Rank4,10.4,LEVEL_1,17.5,,0.0,0,0,0,,0,0,,0,0,0,0,0,0,,,,2434435.04402227,4575770.751200001
626,29.02258,41.10644,-82.05000000000001,-10.6,17.35,-121.85,,,,,-31.299999999999997,,,,,40.0,23.0,,,,,,99.3,94981.26,91467.23,0.3,0.0,27 (64QAM OR 256QAM / Low SE -64QAM),34.0,256QAM,Rank3,0.3,LEVEL_1,17.5,,0.0,0,0,0,,0,0,,0,0,0,0,0,0,,,,2434369.055538473,4575968.9008
627,29.02258,41.10776,-83.2,-11.45,5.75,-85.7,,,,,-13.0,,,,,30.0,40.0,,,,,,102.7,95779.98,92193.2,0.0,0.0,26 (64QAM OR 256QAM OR 1024 QAM / Low SE -64QAM),75.0,256QAM,Rank3,0.0,LEVEL_1,17.5,,0.0,0,0,0,,0,0,,0,0,0,0,0,0,,,,2434320.1187411365,4576115.8432
628,29.02259,41.09958,-118.95,-12.25,4.0,-129.7,,,,,-22.8,,,,,68.0,59.0,,,,,,133.8,0.7,,0.0,0.0,7 (QPSK OR 16QAM OR 64QAM / Low SE -QPSK),16.0,16QAM,Rank2,0.0,LEVEL_8,22.0,,9.5,0,0,0,,0,0,,0,0,0,0,0,0,,,,2434624.196656847,4575205.2456
629,29.02259,41.10641,,,,,,,,,,,,,,,,,,,,,,95349.88,99993.77,,,,,,,,,,,,0.0,0.0,0.0,,0.0,0.0,,0.0,0.0,0.0,0.0,0.0,0.0,,,,2434371.0065082894,4575965.561199999
630,29.0226,41.09964,-118.5,-12.4,2.7,-125.5,,,,,-18.9,,,,,68.0,59.0,,,,,,134.0,76038.29,88546.9,7.3,5.0,8 (QPSK OR 16QAM OR 64QAM / Low SE -QPSK),146.0,16QAM,Rank2,7.3,LEVEL_4,22.1,,10.6,0,0,0,,0,0,,0,0,0,0,0,0,,,,2434622.811460837,4575211.9248
631,29.0226,41.10637,-82.65,-10.8,13.3,-115.35,,,,,-29.6,,,,,40.0,23.0,,,,,,101.2,95093.62,,1.0,0.0,27 (64QAM OR 256QAM / Low SE -64QAM),72.0,256QAM,Rank3,1.0,LEVEL_1,17.5,,0.0,0,0,0,,0,0,,0,0,0,0,0,0,,,,2434373.328206398,4575961.1084
632,29.0226,41.10728,-81.2,-10.649999999999999,15.1,-88.30000000000001,,,,,-16.55,,,,,40.0,30.0,,,,,,100.7,97587.2,,9.8,0.0,22 (64QAM OR 256QAM / Low SE -16QAM),35.0,256QAM,Rank4,9.8,LEVEL_1,17.5,,0.0,0,0,0,,0,0,,0,0,0,0,0,0,,,,2434339.591637223,4576062.4096
633,29.0226,41.10774,-82.2,-11.0,6.2,-86.4,,,,,-14.6,,,,,30.0,40.0,,,,,,102.5,95723.52,92904.94,,,,,,Rank3,,,17.5,,0.0,0,0,0,,0,0,,0,0,0,0,0,0,,,,2434322.537753211,4576113.6168
634,29.02261,41.10631,-82.9,-11.3,10.2,-94.0,,,,,-19.65,,,,,40.0,23.0,,,,,,101.6,95308.92,86897.59,0.7,0.0,26 (64QAM OR 256QAM OR 1024 QAM / Low SE -64QAM),75.0,256QAM,Rank3,0.7,LEVEL_1,17.5,,0.0,0,0,0,,0,0,,0,0,0,0,0,0,,,,2434376.391360166,4575954.4292
635,29.02262,41.10629,,,,,,,,,,,,,,,,,,,,,,97194.27,94098.91,,,,,,,,,,,,0.0,0.0,0.0,,0.0,0.0,,0.0,0.0,0.0,0.0,0.0,0.0,,,,2434377.9716021204,4575952.2028
636,29.02262,41.10732,,,,,,,,,,,,,,,,,,,,,,97546.24,105508.9,,,,,,,,,,,,0.0,0.0,0.0,,0.0,0.0,,0.0,0.0,0.0,0.0,0.0,0.0,,,,2434339.786243555,4576066.8624
637,29.02263,41.10626,-84.6,-11.55,8.350000000000001,-90.15,,,,,-16.799999999999997,,,,,40.0,23.0,,,,,,102.7,97198.08,,5.2,0.0,25 (64QAM OR 256QAM OR 1024 QAM / Low SE -64QAM),64.0,256QAM,Rank4,5.2,LEVEL_1,17.5,,0.0,0,0,0,,0,0,,0,0,0,0,0,0,,,,2434379.922572049,4575948.8632
638,29.02263,41.10757,-81.4,-10.9,7.2,-87.1,,,,,-13.9,,,,,30.0,40.0,,,,,,102.4,96031.36,92267.95,12.1,3.0,13 (16QAM OR 64QAM / Low SE -QPSK),166.0,64QAM,Rank3,12.1,LEVEL_1,17.5,,0.5,0,0,0,,0,0,,0,0,0,0,0,0, UL-DCCH RRCReconfigurationComplete,,,2434331.3566040695,4576094.6924
639,29.02263,41.10773,-79.4,-10.8,9.5,-84.7,,,,,-15.2,,,,,30.0,40.0,,,,,,102.1,95815.41,,0.0,0.0,27 (64QAM OR 256QAM / Low SE -64QAM),72.0,256QAM,Rank3,0.0,LEVEL_1,17.5,,0.0,0,0,0,,0,0,,0,0,0,0,0,0,,,,2434325.4247955843,4576112.5035999995
640,29.02264,41.10619,-83.95,-11.8,6.35,-88.2,,,,,-14.649999999999999,,,,,40.0,23.0,,,,,,103.1,96912.43,94163.77,6.0,0.0,22 (64QAM OR 256QAM / Low SE -16QAM),87.0,256QAM,Rank3,6.0,LEVEL_1,17.5,,0.0,0,0,0,,0,0,,0,0,0,0,0,0, UL-DCCH RRCReconfigurationComplete,,,2434383.356451996,4575941.0708
641,29.02265,41.10466,-77.75,-10.9,11.0,-87.75,-104.45,,,,-18.8,-25.1,,,,3.0,13.0,68.0,,,,,94.9,98539.43,89205.69,8.6,0.0,26 (64QAM OR 256QAM OR 1024 QAM / Low SE -64QAM),65.0,256QAM,Rank4,8.6,LEVEL_1,17.5,,0.5,0,0,0,,0,0,,0,0,0,0,0,0,,,,2434440.915673001,4575770.751200001
642,29.02265,41.10735,-82.19999999999999,-10.7,14.3,-90.1,,,,,-16.9,,,,,40.0,30.0,,,,,,101.5,98155.48,94815.32,8.0,0.0,21 (64QAM OR 256QAM / Low SE -16QAM),36.0,256QAM,Rank4,8.0,LEVEL_1,17.5,,0.0,0,0,0,,0,0,,0,0,0,0,0,0,,,,2434341.1903555132,4576070.202
643,29.02265,41.10771,,,,,,,,,,,,,,,,,,,,,103.6,96281.94,93299.47,,,,,,,,,17.5,,0.0,0.0,0.0,0.0,,0.0,0.0,,0.0,0.0,0.0,0.0,0.0,0.0,,,,2434327.843809258,4576110.277199999
644,29.02266,41.0996,-118.30000000000001,-12.45,2.4,-124.95,,,,,-18.0,,,,,68.0,59.0,,,,,,134.8,64414.23,79919.01,7.1,10.0,9 (QPSK OR 16QAM OR 64QAM / Low SE -QPSK),111.0,16QAM,Rank2,7.1,LEVEL_4,22.2,,8.6,0,0,0,,0,0,,0,0,0,0,0,0,,,,2434629.327404491,4575207.472
645,29.02266,41.10612,-90.5,-16.0,-0.6,-85.0,,,,,-12.0,,,,,40.0,40.0,,,,,4.0,109.9,83734.02,93988.97,5.9,3.0,21 (64QAM OR 256QAM / Low SE -16QAM),115.0,256QAM,Rank3,5.9,LEVEL_16,17.5,-6.0,0.0,0,0,0,13.0,0,0,,0,0,0,0,0,0, BCCH-DL_SCH SIB1,,,2434387.6291186954,4575933.278399999
646,29.02266,41.10756,-84.3,-11.8,5.3,-85.6,,,,,-13.3,,,,,30.0,40.0,,,,,,,95790.03,,5.3,0.0,14 (16QAM OR 64QAM / Low SE -QPSK),145.0,64QAM,Rank3,5.3,LEVEL_1,,,,0,0,0,,0,0,,0,0,0,0,0,0,,,,2434334.24365208,4576093.5792
647,29.02267,41.10605,-91.30000000000001,-15.899999999999999,0.65,-109.15,-86.65,,,,-23.6,-12.75,,,,23.0,3.0,40.0,,,,,109.0,97116.16,,4.5,0.0,23 (64QAM OR 256QAM OR 1024 QAM / Low SE -64QAM),103.0,256QAM,Rank3,4.5,LEVEL_1,17.5,,0.0,0,0,0,,0,0,,0,0,0,0,0,0,,,,2434391.0629958464,4575925.4860000005
648,29.02267,41.10608,,,,,,,,,,,,,,,,,,,,,,96404.41,93986.02,,,,,,,,,,,,0.0,0.0,0.0,,0.0,0.0,,0.0,0.0,0.0,0.0,0.0,0.0,,,,2434389.950815483,4575928.8256
649,29.02268,41.10755,-85.0,-12.05,6.3,-84.9,,,,,-12.65,,,,,30.0,40.0,,,,,,102.4,96706.56,93694.06,8.1,0.0,15 (16QAM OR 64QAM OR 256QAM / Low SE -16QAM),134.0,64QAM,Rank3,8.1,LEVEL_1,17.5,,0.0,0,0,0,,0,0,,0,0,0,0,0,0,,,,2434336.291930452,4576092.466
650,29.02268,41.10769,-79.55,-11.05,8.25,-84.7,,,,,-14.7,,,,,30.0,40.0,,,,,,98.7,96179.08,,8.0,0.0,27 (64QAM OR 256QAM / Low SE -64QAM),43.0,256QAM,Rank4,8.0,LEVEL_1,17.5,,0.0,0,0,0,,0,0,,0,0,0,0,0,0,,,,2434331.1015922,4576108.050799999
651,29.02269,41.10467,-81.5,-11.2,11.7,-87.9,-94.8,,,,-17.5,-21.0,,,,3.0,13.0,68.0,,,,,,,94207.55,10.7,0.0,25 (64QAM OR 256QAM OR 1024 QAM / Low SE -64QAM),66.0,256QAM,Rank4,10.7,LEVEL_1,,,,0,0,0,,0,0,,0,0,0,0,0,0,,,,2434443.9001853294,4575771.8644
652,29.0227,41.09952,-118.95,-12.1,2.95,-127.35,,,,,-19.6,,,,,68.0,59.0,,,,,,136.1,0.0,,0.0,0.0,5 (QPSK OR 16QAM / Low SE -QPSK),16.0,16QAM,Rank2,0.0,LEVEL_16,22.1,,9.0,0,0,0,,0,0,,0,0,0,0,0,0,,,,2434635.648323442,4575198.5664
653,29.0227,41.10591,-88.9,-14.600000000000001,2.5,-95.9,-89.75,,,,-20.1,-15.2,,,,23.0,3.0,40.0,,,,,108.1,96594.34,,8.9,0.0,21 (64QAM OR 256QAM / Low SE -16QAM),106.0,256QAM,Rank3,8.9,LEVEL_1,17.5,,0.5,0,0,0,,0,0,,0,0,0,0,0,0,,,,2434398.7695358912,4575909.9012
654,29.0227,41.10594,,,,,,,,,,,,,,,,,,,,,,97321.94,93719.52,,,,,,,,,,,,0.0,0.0,0.0,,0.0,0.0,,0.0,0.0,0.0,0.0,0.0,0.0,,,,2434397.6573574934,4575913.2408
655,29.0227,41.10754,,,,,,,,,,,,,,,,,,,,,,,,11.3,0.0,17 (64QAM OR 256QAM / Low SE -16QAM),125.0,64QAM,Rank3,11.3,LEVEL_1,,,,0,0,0,,0,0,,0,0,0,0,0,0,,,,2434338.340209261,4576091.3528
656,29.02271,41.10588,,,,,,,,,,,,,,,,,,,,,,96952.32,93617.9,,,,,,,,,,,,0.0,0.0,0.0,,0.0,0.0,,0.0,0.0,0.0,0.0,0.0,0.0,,,,2434400.7205052865,4575906.5616
657,29.02271,41.10597,-89.6,-15.65,1.65,-107.75,-85.35,,,,-24.0,-12.5,,,,23.0,3.0,40.0,,,,,108.2,97623.04,94068.13,10.3,0.0,22 (64QAM OR 256QAM / Low SE -16QAM),99.0,256QAM,Rank3,10.3,LEVEL_1,17.5,,0.5,0,0,0,,0,0,,0,0,0,0,0,0,,,,2434397.383968942,4575916.5804
658,29.02272,41.10578,-84.85,-13.0,4.4,-96.1,-90.1,,,,-18.3,-15.149999999999999,,,,23.0,3.0,40.0,,,,,104.7,96829.44,,6.2,0.0,20 (64QAM OR 256QAM / Low SE -16QAM),103.0,64QAM,Rank3,6.2,LEVEL_1,17.5,,0.0,0,0,0,,0,0,,0,0,0,0,0,0,,,,2434405.2665537875,4575895.4296
659,29.02272,41.10582,,,,,,,,,,,,,,,,,,,,,,96337.92,100668.51,,,,,,,,,,,,0.0,0.0,0.0,,0.0,0.0,,0.0,0.0,0.0,0.0,0.0,0.0,,,,2434403.7836519424,4575899.8824000005
660,29.02272,41.10585,-90.8,-14.399999999999999,1.6,-95.69999999999999,-90.0,,,,-18.4,-14.5,,,,23.0,3.0,40.0,,,,,108.1,95846.4,,6.9,0.0,21 (64QAM OR 256QAM / Low SE -16QAM),101.0,256QAM,Rank3,6.9,LEVEL_1,17.5,,0.0,0,0,0,,0,0,,0,0,0,0,0,0,,,,2434402.67147478,4575903.222
661,29.02272,41.10753,-84.0,-11.8,6.3,-84.4,,,,,-14.3,,,,,30.0,40.0,,,,,,101.6,95662.08,92907.3,6.9,0.0,17 (64QAM OR 256QAM / Low SE -16QAM),109.0,64QAM,Rank3,6.9,LEVEL_1,17.5,,0.0,0,0,0,,0,0,,0,0,0,0,0,0,,,,2434340.388488506,4576090.2396
662,29.02273,41.10468,-82.8,-11.6,9.4,-87.8,-103.6,,,,-18.6,-24.4,,,,3.0,13.0,68.0,,,,,100.3,97459.08,,8.7,0.0,25 (64QAM OR 256QAM OR 1024 QAM / Low SE -64QAM),66.0,256QAM,Rank4,8.7,LEVEL_1,17.5,,0.0,0,0,0,,0,0,,0,0,0,0,0,0,,,,2434446.8846965614,4575772.9776
663,29.02273,41.10741,-85.25,-11.15,8.45,-90.2,,,,,-14.15,,,,,40.0,30.0,,,,,,105.1,97479.69,,6.6,0.0,24 (64QAM OR 256QAM OR 1024 QAM / Low SE -64QAM),37.0,256QAM,Rank4,6.6,LEVEL_1,17.5,,0.0,0,0,0,,0,0,,0,0,0,0,0,0,,,,2434345.6761147683,4576076.8812
664,29.02273,41.10766,-79.1,-11.3,7.8999999999999995,-83.25,,,,,-14.05,,,,,30.0,40.0,,,,,,97.5,97459.26,94710.07,0.8,0.0,27 (64QAM OR 256QAM / Low SE -64QAM),25.0,256QAM,Rank4,0.8,LEVEL_1,17.5,,0.0,0,0,0,,0,0,,0,0,0,0,0,0,,,,2434336.407653394,4576104.711200001
665,29.02274,41.10572,-79.85,-11.65,5.85,-92.4,-90.80000000000001,,,,-18.9,-20.0,,,,23.0,3.0,40.0,,,,,102.9,94746.52,83242.73,9.2,0.0,22 (64QAM OR 256QAM / Low SE -16QAM),75.0,256QAM,Rank4,9.2,LEVEL_1,17.5,,0.0,0,0,0,,0,0,,0,0,0,0,0,0, UL-DCCH RRCReconfigurationComplete,,,2434409.1684917463,4575888.750399999
666,29.02274,41.10753,-82.1,-11.7,5.2,-84.6,,,,,-12.9,,,,,30.0,40.0,,,,,,101.1,96460.8,,0.0,0.0,22 (64QAM OR 256QAM / Low SE -16QAM),70.0,256QAM,Rank4,0.0,LEVEL_1,17.5,,0.0,0,0,0,,0,0,,0,0,0,0,0,0,,,,2434342.0660296795,4576090.2396
667,29.02275,41.10569,,,,,,,,,,,,,,,,,,,,,,,93038.0,,,,,,Rank4,,,,,,0,0,0,,0,0,,0,0,0,0,0,0,,,,2434411.119460873,4575885.410800001
668,29.02275,41.10765,,,,,,,,,,,,,,,,,,,,,95.7,97382.4,94174.37,2.0,0.0,27 (64QAM OR 256QAM / Low SE -64QAM),25.0,256QAM,Rank4,2.0,LEVEL_1,17.5,,0.0,0,0,0,,0,0,,0,0,0,0,0,0,,,,2434338.4559308467,4576103.598
669,29.02276,41.10566,-92.5,-17.65,2.15,-77.8,-105.45,,,,-11.100000000000001,-25.0,,,,23.0,23.0,40.0,,,,5.0,107.8,54456.32,,8.5,1.0,22 (64QAM OR 256QAM / Low SE -16QAM),78.0,256QAM,Rank3,8.5,LEVEL_16,17.5,-12.0,3.2,0,0,0,12.0,0,0,,0,0,0,0,0,0, BCCH-DL_SCH SIB1,,,2434413.0704301,4575882.0712
670,29.02276,41.10752,-86.9,-12.6,6.25,-86.94999999999999,,,,,-12.75,,,,,30.0,40.0,,,,,,105.3,95728.54,93373.03,2.4,0.0,26 (64QAM OR 256QAM OR 1024 QAM / Low SE -64QAM),70.0,256QAM,Rank4,2.4,LEVEL_1,17.5,,0.0,0,0,0,,0,0,,0,0,0,0,0,0,,,,2434344.1143096173,4576089.1264
671,29.02277,41.10468,-79.3,-11.2,10.4,-90.9,-99.5,,,,-20.1,-23.4,,,,3.0,13.0,68.0,,,,,,97566.72,94133.21,8.9,0.0,25 (64QAM OR 256QAM OR 1024 QAM / Low SE -64QAM),69.0,256QAM,Rank4,8.9,LEVEL_1,,,,0,0,0,,0,0,,0,0,0,0,0,0,,,,2434450.239924529,4575772.9776
672,29.02277,41.10764,-76.6,-10.6,10.45,-83.9,,,,,-15.65,,,,,30.0,40.0,,,,,,95.0,97320.96,,2.9,0.0,27 (64QAM OR 256QAM / Low SE -64QAM),25.0,256QAM,Rank4,2.9,LEVEL_1,17.5,,0.0,0,0,0,,0,0,,0,0,0,0,0,0,,,,2434340.504208736,4576102.484800001
673,29.02278,41.1056,-87.4,-13.95,1.85,-86.80000000000001,-100.44999999999999,,,,-13.9,-21.95,,,,3.0,23.0,40.0,,,,,105.4,95749.02,93003.37,7.7,0.0,23 (64QAM OR 256QAM OR 1024 QAM / Low SE -64QAM),89.0,256QAM,Rank3,7.7,LEVEL_1,17.5,,0.0,0,0,0,,0,0,,0,0,0,0,0,0,,,,2434416.97236885,4575875.392
674,29.02278,41.10743,,,,,,,,,,,,,,,,,,,,,,,88163.44,,,,,,,,,,,,0.0,0.0,0.0,,0.0,0.0,,0.0,0.0,0.0,0.0,0.0,0.0,,,,2434349.1284988853,4576079.1076
675,29.02279,41.09955,-118.6,-12.3,3.1,-126.7,,,,,-19.5,,,,,68.0,59.0,,,,,,134.7,58268.63,,16.9,0.0,10 (16QAM OR 64QAM / Low SE -QPSK),132.0,16QAM,Rank2,16.9,LEVEL_8,22.1,,10.9,0,0,0,,0,0,,0,0,0,0,0,0,,,,2434642.0861398494,4575201.906
676,29.02279,41.10553,-86.8,-13.399999999999999,2.5999999999999996,-87.7,-95.75,,,,-14.5,-19.45,,,,3.0,23.0,40.0,,,,,105.8,96322.48,93034.36,11.0,0.0,25 (64QAM OR 256QAM OR 1024 QAM / Low SE -64QAM),83.0,256QAM,Rank3,11.0,LEVEL_1,17.5,,0.0,0,0,0,,0,0,,0,0,0,0,0,0,,,,2434420.4062363794,4575867.5996
677,29.0228,41.1055,-86.8,-13.3,5.1,-86.3,-91.9,,,,-13.5,-18.2,,,,3.0,23.0,40.0,,,,,,,92028.67,,,,,,Rank3,,,,,,0,0,0,,0,0,,0,0,0,0,0,0,,,,2434422.3572056233,4575864.26
678,29.0228,41.10752,-87.6,-11.7,5.55,-89.7,,,,,-14.05,,,,,30.0,40.0,,,,,,106.7,95293.44,92488.83,5.8,0.0,27 (64QAM OR 256QAM / Low SE -64QAM),73.0,256QAM,Rank3,5.8,LEVEL_1,17.5,,0.0,0,0,0,,0,0,,0,0,0,0,0,0,,,,2434347.469392475,4576089.1264
679,29.0228,41.10762,,,,,,,,,,,,,,,,,,,,,94.4,97448.91,94671.56,2.2,0.0,27 (64QAM OR 256QAM / Low SE -64QAM),26.0,256QAM,Rank4,2.2,LEVEL_1,17.5,,0.0,0,0,0,,0,0,,0,0,0,0,0,0,,,,2434343.7619963884,4576100.2584
680,29.02281,41.10469,-76.4,-10.6,11.3,-94.1,-95.1,,,,-23.5,-22.7,,,,3.0,13.0,68.0,,,,,96.8,97136.64,,9.4,0.0,26 (64QAM OR 256QAM OR 1024 QAM / Low SE -64QAM),62.0,256QAM,Rank4,9.4,LEVEL_1,17.5,,0.5,0,0,0,,0,0,,0,0,0,0,0,0,,,,2434453.224434154,4575774.090799999
681,29.02281,41.10543,-83.0,-11.5,6.3,-90.1,-107.8,,,,-15.7,-25.9,,,,3.0,23.0,40.0,,,,,,,92798.14,,,,,,Rank4,,,,,,0,0,0,,0,0,,0,0,0,0,0,0,,,,2434425.7910710275,4575856.4676
682,29.02281,41.10547,-86.0,-12.6,4.9,-91.3,,,,,-16.4,,,,,3.0,23.0,,,,,,106.0,95970.24,,6.3,0.0,26 (64QAM OR 256QAM OR 1024 QAM / Low SE -64QAM),78.0,256QAM,Rank3,6.3,LEVEL_1,17.5,,0.0,0,0,0,,0,0,,0,0,0,0,0,0,,,,2434424.308174966,4575860.920399999
683,29.02282,41.09947,-119.4,-12.45,2.2,-127.5,,,,,-19.3,,,,,68.0,59.0,,,,,,135.1,0.0,,33.3,0.0,13 (16QAM OR 64QAM / Low SE -QPSK),16.0,16QAM,Rank2,33.3,LEVEL_16,22.1,,7.0,0,0,0,,0,0,,0,0,0,0,0,0,,,,2434647.568198133,4575193.000399999
684,29.02282,41.1054,-82.4,-11.5,7.9,-93.6,-116.9,,,,-19.6,-27.8,,,,3.0,23.0,40.0,,,,,102.2,95903.45,,10.0,0.0,26 (64QAM OR 256QAM OR 1024 QAM / Low SE -64QAM),77.0,256QAM,Rank3,10.0,LEVEL_1,17.5,,0.0,0,0,0,,0,0,,0,0,0,0,0,0,,,,2434427.7420400903,4575853.1280000005
685,29.02282,41.10761,-76.9,-10.75,11.3,-83.6,,,,,-17.15,,,,,30.0,40.0,,,,,,96.4,97526.4,,1.5,0.0,27 (64QAM OR 256QAM / Low SE -64QAM),29.0,256QAM,Rank4,1.5,LEVEL_1,17.5,,0.0,0,0,0,,0,0,,0,0,0,0,0,0,,,,2434345.8102754606,4576099.1452
686,29.02283,41.10536,-81.2,-11.5,7.5,-96.1,-87.8,-91.5,,,-21.6,-15.1,-17.2,,,3.0,13.0,23.0,40.0,,,,,,92609.6,,,,,,Rank4,,,,,,0,0,0,,0,0,,0,0,0,0,0,0,,,,2434430.063732893,4575848.6751999995
687,29.02283,41.10745,-88.65,-12.5,4.6,-88.80000000000001,,,,,-12.65,,,,,40.0,30.0,,,,,,108.0,97812.48,101347.02,8.6,0.0,24 (64QAM OR 256QAM OR 1024 QAM / Low SE -64QAM),39.0,256QAM,Rank4,8.6,LEVEL_1,17.5,,0.0,0,0,0,,0,0,,0,0,0,0,0,0,,,,2434352.58088015,4576081.334
688,29.02284,41.10469,-80.1,-11.2,11.0,-89.4,-108.0,,,,-20.1,-24.7,,,,3.0,13.0,68.0,,,,,,97075.2,92938.86,,,,,,Rank4,,,,,,0,0,0,,0,0,,0,0,0,0,0,0,,,,2434455.740854746,4575774.090799999
689,29.02284,41.10533,-81.2,-11.7,6.7,-109.2,-86.1,,,,-27.4,-14.6,,,,3.0,13.0,23.0,,,,,100.8,95779.94,,9.6,0.0,25 (64QAM OR 256QAM OR 1024 QAM / Low SE -64QAM),68.0,256QAM,Rank4,9.6,LEVEL_1,17.5,,0.0,0,0,0,,0,0,,0,0,0,0,0,0,,,,2434432.014702059,4575845.3356
690,29.02284,41.1076,,,,,,,,,,,,,,,,,,,,,100.4,97444.48,94396.27,,,,,,,,,17.5,,0.0,0.0,0.0,0.0,,0.0,0.0,,0.0,0.0,0.0,0.0,0.0,0.0,,,,2434347.8585549695,4576098.032
691,29.02285,41.10752,-87.80000000000001,-12.0,7.35,-90.5,,,,,-13.85,,,,,30.0,40.0,,,,,,105.1,95375.36,92727.6,2.6,0.0,27 (64QAM OR 256QAM / Low SE -64QAM),71.0,256QAM,Rank3,2.6,LEVEL_1,17.5,,0.0,0,0,0,,0,0,,0,0,0,0,0,0,,,,2434351.663246048,4576089.1264
692,29.02286,41.09952,-117.6,-11.9,2.7,,,,,,,,,,,68.0,,,,,,,133.8,,60660.27,,,,,,Rank2,,,22.2,,11.1,0,0,0,,0,0,,0,0,0,0,0,0,,,,2434649.0702898246,4575198.5664
693,29.02286,41.10524,-81.5,-11.15,10.399999999999999,-93.4,-90.95,,,,-21.35,-17.35,,,,3.0,13.0,23.0,,,,,101.1,95186.05,92642.55,7.3,0.0,25 (64QAM OR 256QAM OR 1024 QAM / Low SE -64QAM),61.0,256QAM,Rank4,7.3,LEVEL_1,17.5,,0.0,0,0,0,,0,0,,0,0,0,0,0,0,,,,2434437.028810312,4575835.3168
694,29.02287,41.10521,-78.0,-10.8,11.7,-100.8,-129.6,,,,-24.9,-34.5,,,,3.0,13.0,23.0,,,,,,,93092.51,,,,,,Rank4,,,,,,0,0,0,,0,0,,0,0,0,0,0,0,,,,2434438.979779491,4575831.9772
695,29.02287,41.10759,-83.35,-11.15,11.25,-87.55,,,,,-15.100000000000001,,,,,30.0,40.0,,,,,,102.1,97520.69,,0.8,0.0,27 (64QAM OR 256QAM / Low SE -64QAM),31.0,256QAM,Rank4,0.8,LEVEL_1,17.5,,0.0,0,0,0,,0,0,,0,0,0,0,0,0,,,,2434350.7456047353,4576096.9188
696,29.02288,41.1047,-80.0,-11.0,11.1,-89.9,-102.2,,,,-19.2,-22.3,,,,3.0,13.0,68.0,,,,,98.4,97218.56,,9.4,0.0,27 (64QAM OR 256QAM / Low SE -64QAM),61.0,256QAM,Rank4,9.4,LEVEL_1,17.5,,1.0,0,0,0,,0,0,,0,0,0,0,0,0,,,,2434458.7253628923,4575775.204
697,29.02288,41.10514,-82.3,-11.1,13.9,-95.3,-99.9,,,,-19.8,-22.3,,,,3.0,13.0,23.0,,,,,,,92782.87,,,,,,Rank4,,,,,,0,0,0,,0,0,,0,0,0,0,0,0,,,,2434442.413639805,4575824.1848
698,29.02288,41.10518,-81.6,-11.2,11.1,-93.8,-101.0,,,,-21.0,-25.9,,,,3.0,13.0,23.0,,,,,98.6,95794.92,,11.7,0.0,26 (64QAM OR 256QAM OR 1024 QAM / Low SE -64QAM),64.0,256QAM,Rank4,11.7,LEVEL_1,17.5,,0.0,0,0,0,,0,0,,0,0,0,0,0,0,,,,2434440.9307487686,4575828.6376
699,29.02288,41.10753,,,,,,,,,,,,,,,,,,,,,,,,1.7,0.0,27 (64QAM OR 256QAM / Low SE -64QAM),71.0,256QAM,Rank3,1.7,LEVEL_1,,,,0,0,0,,0,0,,0,0,0,0,0,0,,,,2434353.808817895,4576090.2396
700,29.02289,41.10511,-78.7,-11.1,17.4,-89.3,-103.2,-109.2,,,-19.6,-26.1,-26.8,,,3.0,13.0,23.0,68.0,,,,99.6,95411.31,,8.3,0.0,26 (64QAM OR 256QAM OR 1024 QAM / Low SE -64QAM),61.0,256QAM,Rank4,8.3,LEVEL_1,17.5,,0.0,0,0,0,,0,0,,0,0,0,0,0,0,,,,2434444.364608802,4575820.8452
701,29.02291,41.10753,-85.7,-11.4,8.8,-88.4,,,,,-13.0,,,,,30.0,40.0,,,,,,105.5,95825.92,92624.22,5.2,0.0,26 (64QAM OR 256QAM OR 1024 QAM / Low SE -64QAM),67.0,256QAM,Rank3,5.2,LEVEL_1,17.5,,0.0,0,0,0,,0,0,,0,0,0,0,0,0,,,,2434356.325129655,4576090.2396
702,29.02292,41.10505,-76.1,-10.95,23.6,-114.9,-111.9,,,,-29.9,-29.35,,,,3.0,23.0,68.0,,,,,93.9,95738.98,98363.23,11.6,0.0,25 (64QAM OR 256QAM OR 1024 QAM / Low SE -64QAM),67.0,256QAM,Rank4,11.6,LEVEL_1,17.5,,0.0,0,0,0,,0,0,,0,0,0,0,0,0,,,,2434449.1053493605,4575814.166
703,29.02292,41.10749,-88.3,-12.75,2.1,-87.1,,,,,-12.0,,,,,40.0,30.0,,,,,,107.9,96952.32,94707.01,9.9,0.0,24 (64QAM OR 256QAM OR 1024 QAM / Low SE -64QAM),42.0,256QAM,Rank3,9.9,LEVEL_1,17.5,,0.8,0,0,0,,0,0,,0,0,0,0,0,0,,,,2434358.646863029,4576085.7868
704,29.02293,41.09942,-118.94999999999999,-12.1,3.0,,,,,,,,,,,68.0,,,,,,,135.9,0.0,,0.0,0.0,5 (QPSK OR 16QAM / Low SE -QPSK),16.0,16QAM,Rank2,0.0,LEVEL_16,22.2,,10.0,0,0,0,,0,0,,0,0,0,0,0,0,,,,2434658.6492121196,4575187.434400001
705,29.02293,41.0995,-118.3,-12.25,2.8,,,,,,,,,,,68.0,,,,,,,134.0,49029.12,52973.04,7.3,0.0,8 (QPSK OR 16QAM OR 64QAM / Low SE -QPSK),105.0,16QAM,Rank2,7.3,LEVEL_4,22.2,,10.6,0,0,0,,0,0,,0,0,0,0,0,0,,,,2434655.68376311,4575196.34
706,29.02293,41.10497,-75.75,-10.75,19.7,-91.9,-110.25,-111.9,,,-22.85,-28.4,-29.4,,,3.0,23.0,68.0,68.0,,,,95.3,95211.52,86477.48,10.8,0.0,26 (64QAM OR 256QAM OR 1024 QAM / Low SE -64QAM),60.0,256QAM,Rank4,10.8,LEVEL_1,17.5,,0.0,0,0,0,,0,0,,0,0,0,0,0,0,,,,2434452.9099299093,4575805.2604
707,29.02294,41.10493,-79.8,-11.3,11.6,-111.9,-94.8,-98.4,,,-28.9,-22.6,-23.3,,,3.0,13.0,23.0,68.0,,,,,,92909.48,,,,,,Rank4,,,,,,0,0,0,,0,0,,0,0,0,0,0,0,,,,2434455.231621069,4575800.8076
708,29.02294,41.10757,-81.65,-10.75,10.65,-88.2,,,,,-16.2,,,,,30.0,40.0,,,,,,102.0,97489.87,94664.91,0.2,0.0,27 (64QAM OR 256QAM / Low SE -64QAM),30.0,256QAM,Rank4,0.2,LEVEL_1,17.5,,0.0,0,0,0,,0,0,,0,0,0,0,0,0,,,,2434357.3584764204,4576094.6924
709,29.02295,41.1049,-79.5,-11.2,14.6,-99.6,-91.1,-90.0,,,-24.6,-19.8,-15.0,,,3.0,13.0,23.0,68.0,,,,98.9,95892.31,,5.5,0.0,26 (64QAM OR 256QAM OR 1024 QAM / Low SE -64QAM),58.0,256QAM,Rank4,5.5,LEVEL_1,17.5,,0.0,0,0,0,,0,0,,0,0,0,0,0,0,,,,2434457.1825903766,4575797.468
710,29.02295,41.10753,-85.0,-11.6,9.9,-87.2,,,,,-14.1,,,,,30.0,40.0,,,,,,103.6,94919.82,,11.1,0.0,27 (64QAM OR 256QAM / Low SE -64QAM),64.0,256QAM,Rank4,11.1,LEVEL_1,17.5,,0.0,0,0,0,,0,0,,0,0,0,0,0,0,,,,2434359.6802120027,4576090.2396
711,29.02296,41.1047,-81.4,-11.149999999999999,10.0,-91.4,-91.4,,,,-19.450000000000003,-18.5,,,,3.0,13.0,68.0,,,,,100.0,95518.72,92696.97,8.6,0.0,27 (64QAM OR 256QAM / Low SE -64QAM),61.0,256QAM,Rank4,8.6,LEVEL_1,17.5,,0.0,0,0,0,,0,0,,0,0,0,0,0,0,,,,2434465.4358167835,4575775.204
712,29.02296,41.10486,-79.25,-11.1,17.3,-91.55000000000001,-93.4,-93.1,,,-21.45,-19.3,-20.4,,,3.0,13.0,23.0,68.0,,,,98.9,95472.75,92345.77,7.6,0.0,27 (64QAM OR 256QAM / Low SE -64QAM),60.0,256QAM,Rank4,7.6,LEVEL_1,17.5,,0.0,0,0,0,,0,0,,0,0,0,0,0,0,,,,2434459.504281377,4575793.0152
713,29.02297,41.10484,-75.2,-10.7,14.4,-100.1,,,,,-24.5,,,,,3.0,68.0,,,,,,,,92549.02,,,,,,Rank4,,,,,,0,0,0,,0,0,,0,0,0,0,0,0,,,,2434461.0845292886,4575790.7888
714,29.02297,41.10757,,,,,,,,,,,,,,,,,,,,,101.4,97648.64,101891.45,0.1,0.0,27 (64QAM OR 256QAM / Low SE -64QAM),26.0,256QAM,Rank4,0.1,LEVEL_1,17.5,,0.0,0,0,0,,0,0,,0,0,0,0,0,0,,,,2434359.874786648,4576094.6924
715,29.02298,41.10483,-78.6,-11.3,13.2,-88.7,,,,,-18.4,,,,,3.0,68.0,,,,,,95.5,95042.7,,6.4,0.0,27 (64QAM OR 256QAM / Low SE -64QAM),57.0,256QAM,Rank4,6.4,LEVEL_1,17.5,,0.0,0,0,0,,0,0,,0,0,0,0,0,0,,,,2434462.2940558633,4575789.6756
716,29.02298,41.10753,-83.55,-11.0,14.95,-87.15,,,,,-16.25,,,,,30.0,40.0,,,,,,99.7,95130.3,92825.27,9.5,0.0,26 (64QAM OR 256QAM OR 1024 QAM / Low SE -64QAM),63.0,256QAM,Rank4,9.5,LEVEL_1,17.5,,0.0,0,0,0,,0,0,,0,0,0,0,0,0,,,,2434362.196523763,4576090.2396
717,29.02299,41.0994,,,,,,,,,,,,,,,,,,,,,,0.0,,40.0,0.0,20 (64QAM OR 256QAM / Low SE -16QAM),16.0,16QAM,Rank2,40.0,LEVEL_8,,,,0,0,0,,0,0,,0,0,0,0,0,0,,,,2434664.4238202195,4575185.208000001
718,29.02299,41.1048,-77.15,-11.399999999999999,9.55,-85.5,,,,,-15.7,,,,,3.0,68.0,,,,,,99.4,95657.06,92551.91,12.3,0.0,27 (64QAM OR 256QAM / Low SE -64QAM),60.0,256QAM,Rank4,12.3,LEVEL_1,17.5,,0.0,0,0,0,,0,0,,0,0,0,0,0,0,,,,2434464.2450257563,4575786.336
719,29.023,41.10471,-80.7,-11.5,7.7,-91.8,-97.7,,,,-19.8,-20.2,,,,3.0,13.0,68.0,,,,,,95252.48,92525.48,1.4,0.0,25 (64QAM OR 256QAM OR 1024 QAM / Low SE -64QAM),80.0,256QAM,Rank4,1.4,LEVEL_1,,,,0,0,0,,0,0,,0,0,0,0,0,0,,,,2434468.420322811,4575776.3171999995
720,29.02301,41.10479,-77.0,-11.0,10.0,-104.3,-88.7,,,,-26.1,-20.4,,,,3.0,13.0,68.0,,,,,,,92982.64,,,,,,Rank4,,,,,,0,0,0,,0,0,,0,0,0,0,0,0,,,,2434466.293358387,4575785.222800001
721,29.02301,41.10757,-77.85,-10.5,15.7,,,,,,,,,,,30.0,,,,,,,97.3,97448.91,,4.5,0.0,27 (64QAM OR 256QAM / Low SE -64QAM),26.0,256QAM,Rank4,4.5,LEVEL_1,17.5,,0.0,0,0,0,,0,0,,0,0,0,0,0,0,,,,2434363.2298669512,4576094.6924
722,29.02302,41.10478,-80.5,-12.4,9.6,-92.8,-85.1,,,,-25.2,-17.2,,,,3.0,13.0,68.0,,,,,99.9,95764.48,,4.4,0.0,27 (64QAM OR 256QAM / Low SE -64QAM),58.0,256QAM,Rank4,4.4,LEVEL_1,17.5,,0.0,0,0,0,,0,0,,0,0,0,0,0,0,,,,2434467.50288574,4575784.1096
723,29.02303,41.10471,-85.1,-12.4,6.1,-89.6,-90.3,,,,-17.7,-17.5,,,,3.0,13.0,68.0,,,,,100.9,95949.88,,7.6,4.0,21 (64QAM OR 256QAM / Low SE -16QAM),99.0,256QAM,Rank4,7.6,LEVEL_1,17.5,,0.0,0,0,0,,0,0,,0,0,0,0,0,0, UL-DCCH RRCReconfigurationComplete,,,2434470.9367426373,4575776.3171999995
724,29.02303,41.10754,,,,,,,,,,,,,,,,,,,,,,,,16.0,0.0,26 (64QAM OR 256QAM OR 1024 QAM / Low SE -64QAM),65.0,256QAM,Rank4,16.0,LEVEL_1,,,,0,0,0,,0,0,,0,0,0,0,0,0,,,,2434366.01963441,4576091.3528
725,29.02304,41.09938,-121.1,-12.8,2.95,,,,,,,,,,,68.0,,,,,,,135.3,0.0,,33.3,0.0,5 (QPSK OR 16QAM / Low SE -QPSK),16.0,16QAM,Rank2,33.3,LEVEL_16,22.3,,9.0,0,0,0,,0,0,,0,0,0,0,0,0,,,,2434669.3595564016,4575182.9816
726,29.02304,41.10477,-81.1,-11.6,6.7,-83.3,,,,,-15.1,,,,,3.0,68.0,,,,,,,,92044.53,,,,,,Rank4,,,,,,0,0,0,,0,0,,0,0,0,0,0,0,,,,2434469.5512191174,4575782.9964000005
727,29.02304,41.10752,-89.1,-14.3,-3.2,-83.30000000000001,,,,,-11.15,,,,,40.0,30.0,,,,,,110.5,97935.36,,8.2,0.0,23 (64QAM OR 256QAM OR 1024 QAM / Low SE -64QAM),42.0,256QAM,Rank4,8.2,LEVEL_2,17.5,,0.7,0,0,0,,0,0,,0,0,0,0,0,0,,,,2434367.5998896244,4576089.1264
728,29.02305,41.10477,-80.3,-11.8,9.5,-90.5,-86.9,,,,-18.4,-18.0,,,,3.0,13.0,68.0,,,,,99.2,95288.44,,6.5,0.0,26 (64QAM OR 256QAM OR 1024 QAM / Low SE -64QAM),61.0,256QAM,Rank4,6.5,LEVEL_1,17.5,,0.0,0,0,0,,0,0,,0,0,0,0,0,0,,,,2434470.3900249596,4575782.9964000005
729,29.02306,41.09945,-119.7,-12.7,1.7,,,,,,,,,,,68.0,,,,,,,136.3,26808.32,,11.3,6.0,9 (QPSK OR 16QAM OR 64QAM / Low SE -QPSK),87.0,16QAM,Rank2,11.3,LEVEL_16,22.3,,10.8,0,0,0,,0,0,,0,0,0,0,0,0,,,,2434668.4425286064,4575190.773999999
730,29.02306,41.10757,,,,,,,,,,,,,,,,,,,,,92.2,97402.88,87019.38,2.6,0.0,27 (64QAM OR 256QAM / Low SE -64QAM),25.0,256QAM,Rank4,2.6,LEVEL_1,17.5,,0.0,0,0,0,,0,0,,0,0,0,0,0,0,,,,2434367.4237173307,4576094.6924
731,29.02308,41.10754,-74.35,-10.4,24.450000000000003,-82.5,,,,,-19.05,,,,,30.0,40.0,,,,,,95.8,95482.76,91728.78,3.2,0.0,23 (64QAM OR 256QAM OR 1024 QAM / Low SE -64QAM),47.0,256QAM,Rank4,3.2,LEVEL_1,17.5,,0.0,0,0,0,,0,0,,0,0,0,0,0,0,,,,2434370.2134867054,4576091.3528
732,29.02309,41.10472,-86.05000000000001,-12.5,6.300000000000001,-94.6,-92.1,,,,-19.5,-17.35,,,,3.0,13.0,68.0,,,,,105.6,95708.05,92565.27,7.4,0.0,20 (64QAM OR 256QAM / Low SE -16QAM),103.0,64QAM,Rank3,7.4,LEVEL_1,17.5,,0.0,0,0,0,,0,0,,0,0,0,0,0,0, BCCH-DL_SCH SIB1,,,2434475.598860148,4575777.4304
733,29.0231,41.10475,-80.05000000000001,-11.05,10.600000000000001,-94.4,-94.95,,,,-21.65,-21.700000000000003,,,,3.0,13.0,68.0,,,,,97.7,95662.08,92707.35,11.0,0.0,27 (64QAM OR 256QAM / Low SE -64QAM),62.0,256QAM,Rank4,11.0,LEVEL_1,17.5,,0.0,0,0,0,,0,0,,0,0,0,0,0,0,,,,2434475.3254993763,4575780.7700000005
734,29.0231,41.10753,,,,,,,,,,,,,,40.0,,,,,,,,66580.48,95001.07,,,,,,,,,,,,0,0,0,,0,0,,0,0,0,0,0,0, UL-DCCH MeasurementReport,,,2434372.2617708044,4576090.2396
735,29.0231,41.10757,-72.15,-10.4,28.15,,,,,,,,,,,30.0,,,,,,,91.4,97520.69,,5.4,0.0,27 (64QAM OR 256QAM / Low SE -64QAM),26.0,256QAM,Rank4,5.4,LEVEL_1,17.5,,0.0,0,0,0,,0,0,,0,0,0,0,0,0,,,,2434370.778797634,4576094.6924
736,29.02311,41.09936,-120.2,-12.5,1.5,,,,,,,,,,,68.0,,,,,,,137.2,0.0,,0.0,0.0,7 (QPSK OR 16QAM OR 64QAM / Low SE -QPSK),16.0,16QAM,Rank2,0.0,LEVEL_8,22.3,,8.4,0,0,0,,0,0,,0,0,0,0,0,0,,,,2434675.9730447256,4575180.7552
737,29.02313,41.09944,-119.4,-12.5,2.0,,,,,,,,,,,68.0,,,,,,,136.5,21155.38,40039.99,7.6,7.0,7 (QPSK OR 16QAM OR 64QAM / Low SE -QPSK),87.0,16QAM,Rank2,7.6,LEVEL_16,22.2,,10.2,0,0,0,,0,0,,0,0,0,0,0,0,,,,2434674.6853287257,4575189.6608
738,29.02313,41.10472,-91.56666666666666,-17.0,-4.466666666666666,-86.13333333333333,-93.80000000000001,-94.35,,,-12.633333333333333,-18.566666666666666,-18.200000000000003,,,3.0,3.0,23.0,23.0,,,4.0,107.6,96087.12,102586.1,8.7,0.0,13 (16QAM OR 64QAM / Low SE -QPSK),166.0,64QAM,Rank4,8.7,LEVEL_1,17.9,-2.0,12.4,0,0,0,3.0,0,0,,0,0,0,0,0,0, BCCH-DL_SCH SIB1,,,2434478.9540860713,4575777.4304
739,29.02314,41.10472,-82.35,-11.65,8.25,-123.1,-103.35,-91.9,,,-30.4,-22.75,-18.6,,,3.0,13.0,23.0,68.0,,,,102.7,95662.08,92883.86,5.5,0.0,26 (64QAM OR 256QAM OR 1024 QAM / Low SE -64QAM),70.0,256QAM,Rank4,5.5,LEVEL_1,17.5,,0.0,0,0,0,,0,0,,0,0,0,0,0,0,,,,2434479.7928925524,4575777.4304
740,29.02315,41.10473,,,,,,,,,,,,,,,,,,,,,,,83527.27,8.1,0.0,14 (16QAM OR 64QAM / Low SE -QPSK),151.0,64QAM,Rank3,8.1,LEVEL_1,,,,0,0,0,,0,0,,0,0,0,0,0,0,,,,2434480.260976052,4575778.5436
741,29.02316,41.10755,-86.44999999999999,-17.75,-11.15,-75.4,,,,,-10.5,,,,,40.0,30.0,,,,,,129.1,0.0,37018.23,29.8,1.0,26 (64QAM OR 256QAM OR 1024 QAM / Low SE -64QAM),55.0,256QAM,Rank4,29.8,LEVEL_2,22.0,,0.0,0,0,0,,0,0,,0,0,0,0,0,0, UL-DCCH MeasurementReport,,,2434376.5529063554,4576092.466
742,29.02317,41.09934,-122.0,-13.2,2.4,,,,,,,,,,,68.0,,,,,,,137.1,,,33.3,0.0,14 (16QAM OR 64QAM / Low SE -QPSK),16.0,16QAM,Rank2,33.3,LEVEL_8,22.4,,10.0,0,0,0,,0,0,,0,0,0,0,0,0,,,,2434681.7476611314,4575178.5287999995
743,29.02317,41.10472,,,,,,,,,,,,,,,,,,,,,,96041.13,92981.34,,,,,,,,,,,,0.0,0.0,0.0,,0.0,0.0,,0.0,0.0,0.0,0.0,0.0,0.0,,,,2434482.3093119953,4575777.4304
744,29.02317,41.10473,-90.25,-15.6,-4.3,-87.0,-91.6,-99.1,,,-13.05,-17.85,-20.3,,,68.0,3.0,13.0,23.0,,,,107.5,96512.21,,13.2,0.0,15 (16QAM OR 64QAM OR 256QAM / Low SE -16QAM),151.0,64QAM,Rank3,13.2,LEVEL_1,18.0,,9.0,0,0,0,,0,0,,0,0,0,0,0,0,,,,2434481.938588758,4575778.5436
745,29.02318,41.10756,-73.75,-10.4,21.6,,,,,,,,,,,30.0,,,,,,,95.4,96281.53,92287.88,5.4,0.0,25 (64QAM OR 256QAM OR 1024 QAM / Low SE -64QAM),59.0,256QAM,Rank4,5.4,LEVEL_1,17.5,,0.0,0,0,0,,0,0,,0,0,0,0,0,0,,,,2434377.8597026663,4576093.5792
746,29.0232,41.09943,-121.30000000000001,-13.3,0.15,-127.35,,,,,-18.549999999999997,,,,,68.0,59.0,,,,,,138.4,14827.52,22076.11,14.9,4.0,11 (16QAM OR 64QAM / Low SE -QPSK),69.0,16QAM,Rank2,14.9,LEVEL_16,22.3,,12.2,0,0,0,,0,0,,0,0,0,0,0,0,,,,2434680.9281305596,4575188.5476
747,29.0232,41.10471,-85.6,-12.95,6.05,-98.05,-89.2,,,,-20.65,-15.100000000000001,,,,3.0,23.0,68.0,,,,,103.0,95477.76,,4.5,0.0,26 (64QAM OR 256QAM OR 1024 QAM / Low SE -64QAM),63.0,256QAM,Rank4,4.5,LEVEL_1,17.5,,0.0,0,0,0,,0,0,,0,0,0,0,0,0,,,,2434485.1964549846,4575776.3171999995
748,29.02321,41.10759,-75.3,-10.45,28.75,,,,,,,,,,,30.0,,,,,,,93.5,97198.08,94388.21,6.5,0.0,27 (64QAM OR 256QAM / Low SE -64QAM),27.0,256QAM,Rank4,6.5,LEVEL_1,17.5,,0.0,0,0,0,,0,0,,0,0,0,0,0,0,,,,2434379.2637786274,4576096.9188
749,29.02322,41.10474,-88.45,-14.399999999999999,-0.25,-87.4,-93.8,,,,-13.2,-18.65,,,,68.0,3.0,13.0,,,,,104.6,95503.24,93147.7,10.7,0.0,14 (16QAM OR 64QAM / Low SE -QPSK),152.0,64QAM,Rank3,10.7,LEVEL_2,17.7,,9.3,0,0,0,,0,0,,0,0,0,0,0,0,,,,2434485.7618965735,4575779.6568
750,29.02323,41.09933,,,,,,,,,,,,,,,,,,,,,,0.0,,0.0,0.0,6 (QPSK OR 16QAM OR 64QAM / Low SE -QPSK),16.0,16QAM,Rank2,0.0,LEVEL_16,,,,0,0,0,,0,0,,0,0,0,0,0,0,,,,2434687.151596349,4575177.4156
751,29.02323,41.10473,-88.3,-13.2,4.0,-98.9,-86.2,,,,-20.7,-13.1,,,,3.0,23.0,68.0,,,,,,96215.04,93235.66,,,,,,Rank4,,,,,,0,0,0,,0,0,,0,0,0,0,0,0,,,,2434486.971426877,4575778.5436
752,29.02325,41.10474,-83.6,-12.4,5.0,-122.5,-99.7,-89.7,,,-31.3,-21.5,-15.5,,,3.0,13.0,23.0,68.0,,,,107.4,96276.48,93083.48,1.8,0.0,20 (64QAM OR 256QAM / Low SE -16QAM),82.0,256QAM,Rank4,1.8,LEVEL_1,17.5,,0.0,0,0,0,,0,0,,0,0,0,0,0,0,,,,2434488.2783152503,4575779.6568
753,29.02326,41.1076,,,,,,,,,,,,,,,,,,,,,94.1,97484.8,94480.48,1.9,0.0,27 (64QAM OR 256QAM / Low SE -64QAM),25.0,256QAM,Rank4,1.9,LEVEL_1,17.5,,0.9,0,0,0,,0,0,,0,0,0,0,0,0,,,,2434383.0868820595,4576098.032
754,29.02327,41.10757,-81.3,-18.9,-14.1,-72.1,,,,,-10.4,,,,,40.0,30.0,,,,,,,0.0,,100.0,0.0,20 (64QAM OR 256QAM / Low SE -16QAM),16.0,256QAM,Rank3,100.0,,,,0.0,0,0,0,,0,0,,0,0,0,0,0,0, UL-DCCH MeasurementReport,,,2434385.037888923,4576094.6924
755,29.02327,41.10758,-73.15,-10.4,26.700000000000003,,,,,,,,,,,30.0,,,,,,,89.5,92780.09,92976.47,0.6,0.0,27 (64QAM OR 256QAM / Low SE -64QAM),25.0,256QAM,Rank4,0.6,LEVEL_1,17.5,,0.0,0,0,0,,0,0,,0,0,0,0,0,0,,,,2434384.6671432736,4576095.8056
756,29.02328,41.10474,-89.75,-14.25,0.7,-87.85,-94.6,,,,-12.7,-18.0,,,,68.0,3.0,13.0,,,,,104.4,95677.55,,13.5,0.0,16 (16QAM OR 64QAM OR 256QAM / Low SE -16QAM),144.0,64QAM,Rank3,13.5,LEVEL_1,17.8,,10.5,0,0,0,,0,0,,0,0,0,0,0,0,,,,2434490.7947339267,4575779.6568
757,29.02328,41.10475,,,,,,,,,,,,,,,,,,,,,,96482.35,93103.63,,,,,,,,,,,,0.0,0.0,0.0,,0.0,0.0,,0.0,0.0,0.0,0.0,0.0,0.0,,,,2434490.4240091355,4575780.7700000005
758,29.0233,41.09932,-122.35,-13.3,0.30000000000000004,,,,,,,,,,,68.0,,,,,,,138.8,0.0,,0.0,0.0,6 (QPSK OR 16QAM OR 64QAM / Low SE -QPSK),16.0,16QAM,Rank2,0.0,LEVEL_16,22.4,,12.0,0,0,0,,0,0,,0,0,0,0,0,0,,,,2434693.394408479,4575176.302399999
759,29.02331,41.10474,,,,,,,,,,,,,,,,,,,,,,,93403.49,15.8,0.0,17 (64QAM OR 256QAM / Low SE -16QAM),141.0,64QAM,Rank3,15.8,LEVEL_1,,,,0,0,0,,0,0,,0,0,0,0,0,0,,,,2434493.311152603,4575779.6568
760,29.02332,41.10475,-88.6,-13.55,5.8,-94.25,-92.35,-91.8,,,-18.35,-15.35,-17.5,,,3.0,13.0,23.0,68.0,,,,105.3,96358.4,,12.2,3.0,15 (16QAM OR 64QAM OR 256QAM / Low SE -16QAM),154.0,64QAM,Rank3,12.2,LEVEL_1,17.5,,0.0,0,0,0,,0,0,,0,0,0,0,0,0, UL-DCCH RRCReconfigurationComplete,,,2434493.7792335264,4575780.7700000005
761,29.02332,41.10759,-84.0,-18.8,-14.1,-75.5,,,,,-10.4,,,,,40.0,30.0,,,,,,,,,,,,,,,,,,,,0.0,0.0,0.0,,0.0,0.0,,0.0,0.0,0.0,0.0,0.0,0.0,,,,2434388.490246651,4576096.9188
762,29.02332,41.1076,-71.6,-10.4,31.0,,,,,,,,,,,30.0,,,,,,,91.7,97484.8,,1.8,0.0,27 (64QAM OR 256QAM / Low SE -64QAM),25.0,256QAM,Rank4,1.8,LEVEL_1,17.5,,0.0,0,0,0,,0,0,,0,0,0,0,0,0,,,,2434388.1195002147,4576098.032
763,29.02334,41.0994,-122.3,-13.5,-0.1,-130.3,,,,,-21.1,,,,,68.0,59.0,,,,,,138.3,11715.81,,18.2,2.0,9 (QPSK OR 16QAM OR 64QAM / Low SE -QPSK),84.0,16QAM,Rank2,18.2,LEVEL_16,22.3,,10.5,0,0,0,,0,0,,0,0,0,0,0,0,,,,2434693.784425324,4575185.208000001
764,29.02335,41.10474,-91.75,-15.95,-1.7,-87.6,-92.2,,,,-12.3,-16.7,,,,68.0,3.0,13.0,,,,,110.0,96158.64,,13.8,0.0,16 (16QAM OR 64QAM OR 256QAM / Low SE -16QAM),142.0,64QAM,Rank3,13.8,LEVEL_1,18.1,,9.5,0,0,0,,0,0,,0,0,0,0,0,0,,,,2434496.666377505,4575779.6568
765,29.02336,41.10759,-70.5,-10.4,29.6,,,,,,,,,,,30.0,,,,,,,89.0,70656.83,90172.85,1.3,0.0,27 (64QAM OR 256QAM / Low SE -64QAM),22.0,256QAM,Rank4,1.3,LEVEL_1,17.5,,0.0,0,0,0,,0,0,,0,0,0,0,0,0,,,,2434391.845325933,4576096.9188
766,29.02337,41.09931,-123.2,-13.9,0.4,,,,,,,,,,,68.0,,,,,,,139.9,0.0,,,,,,,Rank2,,,22.4,,14.0,0,0,0,,0,0,,0,0,0,0,0,0,,,,2434699.637222322,4575175.1892
767,29.02338,41.1076,-89.4,-19.4,-15.2,-75.3,,,,,-10.4,,,,,40.0,30.0,,,,,,143.0,0.0,,87.5,0.0,28 (64QAM / Low SE -64QAM),26.0,64QAM,Rank3,87.5,LEVEL_2,22.5,,0.0,0,0,0,,0,0,,0,0,0,0,0,0, UL-DCCH MeasurementReport,,,2434393.1521183704,4576098.032
768,29.02339,41.10475,-86.7,-11.2,3.7,-94.3,-102.0,-90.9,,,-20.4,-23.4,-16.3,,,3.0,13.0,23.0,68.0,,,,108.4,96153.6,93385.84,26.9,0.0,18 (64QAM OR 256QAM / Low SE -16QAM),187.0,64QAM,Rank3,26.9,LEVEL_16,17.6,,2.0,0,0,0,,0,0,,0,0,0,0,0,0,,,,2434499.6508762105,4575780.7700000005
769,29.02341,41.10761,-84.6,-21.5,-17.2,-68.3,,,,,-10.4,,,,,40.0,30.0,,,,,,152.0,,,,,,,,,,,22.5,,0.0,0,0,0,,0,0,,0,0,0,0,0,0, UL-DCCH MeasurementReport,,,2434395.297679788,4576099.1452
770,29.02341,41.10762,-69.80000000000001,-10.4,32.35,,,,,,,,,,,30.0,,,,,,,89.2,97423.36,92946.85,1.2,0.0,27 (64QAM OR 256QAM / Low SE -64QAM),24.0,256QAM,Rank4,1.2,LEVEL_1,17.5,,0.0,0,0,0,,0,0,,0,0,0,0,0,0,,,,2434394.926932053,4576100.2584
771,29.02342,41.10761,-67.1,-10.4,32.7,,,,,,,,,,,30.0,,,,,,,87.0,86657.8,68961.88,1.9,0.0,27 (64QAM OR 256QAM / Low SE -64QAM),25.0,256QAM,Rank4,1.9,LEVEL_1,17.5,,0.0,0,0,0,,0,0,,0,0,0,0,0,0,,,,2434396.136449353,4576099.1452
772,29.02343,41.0994,-122.3,-13.4,0.4,,,,,,,,,,,68.0,,,,,,,138.2,,13207.11,,,,,,Rank2,,,22.4,,9.8,0,0,0,,0,0,,0,0,0,0,0,0,,,,2434701.334295208,4575185.208000001
773,29.02343,41.10474,-92.0,-14.1,-1.75,-90.45,-92.2,,,,-14.149999999999999,-15.5,,,,68.0,3.0,13.0,,,,,111.0,96768.0,93026.34,22.0,0.0,21 (64QAM OR 256QAM / Low SE -16QAM),121.0,64QAM,Rank3,22.0,LEVEL_1,17.8,,14.7,0,0,0,,0,0,,0,0,0,0,0,0,,,,2434503.3768273084,4575779.6568
774,29.02343,41.10475,-93.3,-15.9,-1.6,-86.3,-95.6,,,,-11.2,-19.0,,,,3.0,3.0,13.0,,,,4.0,108.4,95887.36,92675.96,8.7,0.0,25 (64QAM OR 256QAM OR 1024 QAM / Low SE -64QAM),122.0,256QAM,Rank2,8.7,LEVEL_1,17.5,1.0,0.7,0,0,0,11.0,0,0,,0,0,0,0,0,0, BCCH-DL_SCH SIB1,,,2434503.0061006015,4575780.7700000005
775,29.02344,41.09929,-123.0,-13.7,0.6,,,,,,,,,,,68.0,,,,,,,140.3,0.0,,33.3,0.0,6 (QPSK OR 16QAM OR 64QAM / Low SE -QPSK),16.0,16QAM,Rank1,33.3,LEVEL_16,22.5,,17.9,0,0,0,,0,0,,0,0,0,0,0,0,,,,2434706.2507242956,4575172.962800001
776,29.02344,41.10761,-64.2,-10.3,35.5,,,,,,,,,,,30.0,,,,,,,86.5,90310.45,,2.6,0.0,27 (64QAM OR 256QAM / Low SE -64QAM),23.0,256QAM,Rank4,2.6,LEVEL_1,17.5,,1.2,0,0,0,,0,0,,0,0,0,0,0,0,,,,2434397.8139884826,4576099.1452
777,29.02345,41.10762,-81.19999999999999,-19.6,-16.7,-68.35,,,,,-10.350000000000001,,,,,40.0,30.0,,,,,,87.8,97689.6,88391.08,0.2,0.0,26 (64QAM OR 256QAM OR 1024 QAM / Low SE -64QAM),25.0,256QAM,Rank4,0.2,LEVEL_1,17.5,,0.9,0,0,0,,0,0,,0,0,0,0,0,0, UL-DCCH MeasurementReport,,,2434398.2820098023,4576100.2584
778,29.02346,41.10762,-61.349999999999994,-10.350000000000001,36.9,,,,,,,,,,,30.0,,,,,,,80.5,88503.35,86060.92,2.0,0.0,27 (64QAM OR 256QAM / Low SE -64QAM),25.0,256QAM,Rank4,2.0,LEVEL_1,16.2,,0.9,0,0,0,,0,0,,0,0,0,0,0,0,,,,2434399.120779239,4576100.2584
779,29.02348,41.10474,,,,,,,,,,,,,,,,,,,,,,,93485.75,10.6,0.0,25 (64QAM OR 256QAM OR 1024 QAM / Low SE -64QAM),126.0,256QAM,Rank2,10.6,LEVEL_1,,,,0,0,0,,0,0,,0,0,0,0,0,0,,,,2434507.5708584357,4575779.6568
780,29.02348,41.10476,-87.85,-13.65,0.050000000000000044,-88.30000000000001,-113.95,,,,-12.649999999999999,-25.150000000000002,,,,68.0,3.0,13.0,,,,,107.4,95907.84,,8.4,0.0,23 (64QAM OR 256QAM OR 1024 QAM / Low SE -64QAM),130.0,256QAM,Rank2,8.4,LEVEL_1,17.5,,3.8,0,0,0,,0,0,,0,0,0,0,0,0,,,,2434506.8294036705,4575781.8832
781,29.02349,41.10763,-66.5,-10.350000000000001,34.35,,,,,,,,,,,30.0,,,,,,,85.9,88555.52,,1.3,0.0,27 (64QAM OR 256QAM / Low SE -64QAM),24.0,256QAM,Rank4,1.3,LEVEL_1,17.5,,0.0,0,0,0,,0,0,,0,0,0,0,0,0,,,,2434401.26633872,4576101.3716
782,29.0235,41.10763,-57.4,-10.3,36.8,,,,,,,,,,,30.0,,,,,,,77.1,96819.3,85045.69,1.3,0.0,27 (64QAM OR 256QAM / Low SE -64QAM),24.0,256QAM,Rank4,1.3,LEVEL_1,14.8,,0.0,0,0,0,,0,0,,0,0,0,0,0,0,,,,2434402.105108029,4576101.3716
783,29.02351,41.09939,-123.9,-14.2,-1.3,,,,,,,,,,,68.0,,,,,,,139.2,14049.28,,1.8,2.0,6 (QPSK OR 16QAM OR 64QAM / Low SE -QPSK),105.0,16QAM,Rank1,1.8,LEVEL_16,22.3,,10.8,0,0,0,,0,0,,0,0,0,0,0,0,,,,2434708.415978712,4575184.0948
784,29.02351,41.10764,-75.6,-20.3,-16.3,-62.4,,,,,-10.3,,,,,40.0,30.0,,,,,,,0.0,,,,,,,,,,,,,0,0,0,,0,0,,0,0,0,0,0,0, UL-DCCH MeasurementReport,,,2434402.5731281783,4576102.484800001
785,29.02352,41.10763,-61.3,-10.4,35.3,,,,,,,,,,,30.0,,,,,,,83.1,92369.64,,0.1,0.0,27 (64QAM OR 256QAM / Low SE -64QAM),24.0,256QAM,Rank4,0.1,LEVEL_1,16.6,,0.0,0,0,0,,0,0,,0,0,0,0,0,0,,,,2434403.782646648,4576101.3716
786,29.02353,41.10475,-86.8,-12.3,3.4499999999999997,-92.8,-98.7,,,,-16.2,-20.6,,,,68.0,3.0,13.0,,,,,106.4,95969.92,,12.1,0.0,25 (64QAM OR 256QAM OR 1024 QAM / Low SE -64QAM),122.0,256QAM,Rank2,12.1,LEVEL_1,17.5,,1.5,0,0,0,,0,0,,0,0,0,0,0,0,,,,2434511.3941615787,4575780.7700000005
787,29.02353,41.10476,,,,,,,,,,,,,,,,,,,,,,,92985.37,,,,,,,,,,,,0.0,0.0,0.0,,0.0,0.0,,0.0,0.0,0.0,0.0,0.0,0.0,,,,2434511.0234335205,4575781.8832
788,29.02353,41.10764,-75.2,-20.6,-18.1,-61.2,,,,,-10.3,,,,,40.0,30.0,,,,,,,,,,,,,,,,,,,,0,0,0,,0,0,,0,0,0,0,0,0, UL-DCCH MeasurementReport,,,2434404.2506665415,4576102.484800001
789,29.02354,41.10764,-66.8,-10.4,34.099999999999994,,,,,,,,,,,30.0,,,,,,,88.3,97505.28,91675.38,0.1,0.0,27 (64QAM OR 256QAM / Low SE -64QAM),24.0,256QAM,Rank4,0.1,LEVEL_1,17.5,,0.0,0,0,0,,0,0,,0,0,0,0,0,0,,,,2434405.089435723,4576102.484800001
790,29.02356,41.10764,-67.89999999999999,-13.566666666666665,35.4,-58.2,,,,,-10.4,,,,,30.0,30.0,,,,,,87.7,90951.68,78711.24,1.5,0.0,27 (64QAM OR 256QAM / Low SE -64QAM),23.0,256QAM,Rank4,1.5,LEVEL_1,17.5,,0.0,0,0,0,,0,0,,0,0,0,0,0,0, UL-DCCH MeasurementReport,,,2434406.7669740864,4576102.484800001
791,29.02358,41.10477,-82.05,-11.55,5.5,-87.9,-106.7,,,,-15.2,-24.25,,,,68.0,3.0,23.0,,,,,98.1,96174.08,,2.1,0.0,27 (64QAM OR 256QAM / Low SE -64QAM),108.0,256QAM,Rank2,2.1,LEVEL_1,17.5,,6.7,0,0,0,,0,0,,0,0,0,0,0,0,,,,2434514.846734599,4575782.9964000005
792,29.02359,41.09938,-123.8,-14.3,-1.4,,,,,,,,,,,68.0,,,,,,,139.4,,10930.06,3.8,6.0,8 (QPSK OR 16QAM OR 64QAM / Low SE -QPSK),96.0,16QAM,Rank1,3.8,LEVEL_16,22.3,,13.7,0,0,0,,0,0,,0,0,0,0,0,0,,,,2434715.4976641857,4575182.9816
793,29.02359,41.10764,,,,,,,,,,,,,,,,,,,,,88.6,77574.21,79040.36,0.8,0.0,27 (64QAM OR 256QAM / Low SE -64QAM),23.0,256QAM,Rank4,0.8,LEVEL_1,17.5,,0.0,0,0,0,,0,0,,0,0,0,0,0,0,,,,2434409.2832816313,4576102.484800001
794,29.02359,41.10765,-66.8,-10.3,36.2,,,,,,,,,,,30.0,,,,,,,87.3,97342.27,78017.46,0.1,0.0,27 (64QAM OR 256QAM / Low SE -64QAM),24.0,256QAM,Rank4,0.1,LEVEL_1,17.5,,0.0,0,0,0,,0,0,,0,0,0,0,0,0,,,,2434408.912531375,4576103.598
795,29.0236,41.09927,-123.65,-13.9,-0.9,,,,,,,,,,,68.0,,,,,,,140.4,0.0,,0.0,0.0,4 (QPSK OR 16QAM / Low SE -QPSK),16.0,16QAM,Rank1,0.0,LEVEL_16,22.5,,15.0,0,0,0,,0,0,,0,0,0,0,0,0,,,,2434720.4141143765,4575170.7364
796,29.0236,41.10765,-67.3,-16.133333333333333,-15.350000000000001,-61.099999999999994,,,,,-10.3,,,,,30.0,30.0,,,,,2.0,,0.0,,0.0,0.0,0 (QPSK),5.0,QPSK,Rank1,0.0,LEVEL_8,,-19.0,0.0,0,0,0,16.0,0,0,Re-establishment failure after Request,0,0,0,0,0,0, UL-DCCH RRCSetupComplete,Registration request,,2434409.751300429,4576103.598
797,29.02362,41.10765,-68.05000000000001,-10.4,35.2,,,,,,,,,,,30.0,,,,,,,88.8,82866.38,,0.8,0.0,27 (64QAM OR 256QAM / Low SE -64QAM),22.0,256QAM,Rank4,0.8,LEVEL_1,17.5,,0.0,0,0,0,,0,0,,0,0,0,0,0,0,,,,2434411.428838537,4576103.598
798,29.02362,41.10766,-61.6,-10.3,37.4,,,,,,,,,,,30.0,,,,,,,95.2,0.13,,0.0,0.0,1 (QPSK),18.0,QPSK,Rank4,0.0,LEVEL_16,19.1,,50.0,0,0,0,,0,0,,0,0,0,0,0,0, UL-DCCH ULInformationTransfer,Registration complete,,2434411.058087823,4576104.711200001
799,29.02364,41.10767,-62.05,-10.350000000000001,38.1,,,,,,,,,,,30.0,,,,,,,84.1,96931.84,110771.91,2.8,0.0,27 (64QAM OR 256QAM / Low SE -64QAM),25.0,256QAM,Rank4,2.8,LEVEL_1,17.3,,0.0,0,0,0,,0,0,,0,0,0,0,0,0,,,,2434412.364874632,4576105.8244
800,29.02365,41.10476,-86.65,-12.0,5.1,-91.85,-94.4,,,,-14.85,-18.9,,,,68.0,3.0,13.0,,,,,100.8,96010.24,92687.23,4.5,0.0,26 (64QAM OR 256QAM OR 1024 QAM / Low SE -64QAM),110.0,256QAM,Rank2,4.5,LEVEL_1,17.5,,0.0,0,0,0,,0,0,,0,0,0,0,0,0,,,,2434521.0891051604,4575781.8832
801,29.02365,41.10766,-66.95,-10.350000000000001,35.55,,,,,,,,,,,30.0,,,,,,,88.5,3091.12,,1.5,0.0,27 (64QAM OR 256QAM / Low SE -64QAM),16.0,256QAM,Rank4,1.5,LEVEL_1,17.5,,0.0,0,0,0,,0,0,,0,0,0,0,0,0, BCCH-DL_SCH SIB1,,,2434413.5743946014,4576104.711200001
802,29.02367,41.09937,-123.5,-14.05,-0.9,,,,,,,,,,,68.0,,,,,,,139.7,9789.95,12832.9,6.5,8.0,7 (QPSK OR 16QAM OR 64QAM / Low SE -QPSK),113.0,16QAM,Rank1,6.5,LEVEL_16,22.3,,12.0,0,0,0,,0,0,,0,0,0,0,0,0,,,,2434722.5793516287,4575181.8684
803,29.02368,41.10767,,,,,,,,,,,,,,30.0,,,,,,,,6840.68,1099.63,,,,,,Rank4,,,,,,0,0,0,,0,0,,0,0,0,0,0,0, UL-DCCH RRCReconfigurationComplete,,,2434415.7199498257,4576105.8244
804,29.02369,41.10478,-84.1,-11.45,7.949999999999999,-91.0,,,,,-15.0,,,,,68.0,3.0,,,,,,95.9,96097.2,92883.7,0.0,0.0,27 (64QAM OR 256QAM / Low SE -64QAM),102.0,256QAM,Rank2,0.0,LEVEL_1,17.5,,0.0,0,0,0,,0,0,,0,0,0,0,0,0,,,,2434523.7028686134,4575784.1096
805,29.02369,41.10766,-63.65,-10.350000000000001,36.2,,,,,,,,,,,30.0,,,,,,,90.6,84618.96,80248.64,0.4,0.0,27 (64QAM OR 256QAM / Low SE -64QAM),21.0,256QAM,Rank4,0.4,LEVEL_1,17.5,,0.0,0,0,0,,0,0,,0,0,0,0,0,0,,,,2434416.929470306,4576104.711200001
806,29.02371,41.10476,,,,,,,,,,,,,,,,,,,,,,95508.71,93031.46,12.4,0.0,27 (64QAM OR 256QAM / Low SE -64QAM),108.0,256QAM,Rank2,12.4,LEVEL_1,,,,0,0,0,,0,0,,0,0,0,0,0,0,,,,2434526.1219409807,4575781.8832
807,29.02371,41.10767,-62.75,-10.350000000000001,39.25,,,,,,,,,,,30.0,,,,,,,83.7,11776.0,10214.66,3.8,0.0,27 (64QAM OR 256QAM / Low SE -64QAM),16.0,256QAM,Rank4,3.8,LEVEL_1,16.2,,2.3,0,0,0,,0,0,,0,0,0,0,0,0,,,,2434418.236256221,4576105.8244
808,29.02371,41.10768,-59.2,-10.4,38.85,,,,,,,,,,,30.0,,,,,,,80.7,97439.37,94447.2,0.4,0.0,27 (64QAM OR 256QAM / Low SE -64QAM),24.0,256QAM,Rank4,0.4,LEVEL_1,16.3,,0.0,0,0,0,,0,0,,0,0,0,0,0,0,,,,2434417.865504209,4576106.9376
809,29.02374,41.10478,,,,,,,,,,,,,,,,,,,,,,,93531.27,,,,,,,,,,,,0.0,0.0,0.0,,0.0,0.0,,0.0,0.0,0.0,0.0,0.0,0.0,,,,2434527.896897186,4575784.1096
810,29.02376,41.10768,-59.849999999999994,-10.350000000000001,37.6,,,,,,,,,,,30.0,,,,,,,82.2,85663.38,62241.12,2.3,0.0,27 (64QAM OR 256QAM / Low SE -64QAM),24.0,256QAM,Rank4,2.3,LEVEL_1,17.4,,0.0,0,0,0,,0,0,,0,0,0,0,0,0,,,,2434422.059347562,4576106.9376
811,29.02377,41.09925,-124.1,-14.1,-0.9,,,,,,,,,,,68.0,,,,,,,140.5,3.03,,7.1,0.0,3 (QPSK OR 16QAM / Low SE -QPSK),23.0,QPSK,Rank2,7.1,LEVEL_16,22.5,,15.9,0,0,0,,0,0,,0,0,0,0,0,0,,,,2434735.416388681,4575168.51
812,29.02377,41.10477,-84.85,-11.55,6.8,-91.5,,,,,-14.4,,,,,68.0,3.0,,,,,,99.5,95641.6,,3.1,0.0,27 (64QAM OR 256QAM / Low SE -64QAM),105.0,256QAM,Rank2,3.1,LEVEL_1,17.5,,2.2,0,0,0,,0,0,,0,0,0,0,0,0,,,,2434530.784045602,4575782.9964000005
813,29.02377,41.10769,-58.8,-10.350000000000001,38.75,,,,,,,,,,,30.0,,,,,,,78.1,47188.39,16939.79,1.2,0.0,27 (64QAM OR 256QAM / Low SE -64QAM),19.0,256QAM,Rank4,1.2,LEVEL_1,13.8,,0.6,0,0,0,,0,0,,0,0,0,0,0,0,,,,2434422.5273633804,4576108.050799999
814,29.02379,41.10479,-91.1,-12.9,4.7,-92.85,,,,,-13.45,,,,,68.0,3.0,,,,,,105.3,96235.52,,2.7,0.0,26 (64QAM OR 256QAM OR 1024 QAM / Low SE -64QAM),107.0,256QAM,Rank2,2.7,LEVEL_1,17.5,,2.1,0,0,0,,0,0,,0,0,0,0,0,0,,,,2434531.7201941567,4575785.222800001
815,29.02379,41.1077,-63.4,-10.3,36.0,,,,,,,,,,,30.0,,,,,,,77.4,60535.73,83228.86,1.8,0.0,27 (64QAM OR 256QAM / Low SE -64QAM),20.0,256QAM,Rank4,1.8,LEVEL_1,13.8,,0.0,0,0,0,,0,0,,0,0,0,0,0,0,,,,2434423.8341472847,4576109.164
816,29.02383,41.09933,-124.2,-14.5,-0.7,-131.6,,,,,-20.9,,,,,68.0,59.0,,,,,,140.8,12985.0,,20.3,5.0,10 (16QAM OR 64QAM / Low SE -QPSK),78.0,16QAM,Rank2,20.3,LEVEL_16,22.3,,10.3,0,0,0,,0,0,,0,0,0,0,0,0,,,,2434737.4841158846,4575177.4156
817,29.02383,41.10771,-65.5,-10.4,38.4,,,,,,,,,,,30.0,,,,,,,84.9,68058.58,,1.4,0.0,27 (64QAM OR 256QAM / Low SE -64QAM),21.0,256QAM,Rank4,1.4,LEVEL_1,17.5,,1.2,0,0,0,,0,0,,0,0,0,0,0,0,,,,2434426.818467179,4576110.277199999
818,29.02384,41.10479,,,,,,,,,,,,,,,,,,,,,,,93878.09,,,,,,,,,,,,0.0,0.0,0.0,,0.0,0.0,,0.0,0.0,0.0,0.0,0.0,0.0,,,,2434535.914222091,4575785.222800001
819,29.02384,41.1077,-61.2,-10.350000000000001,36.099999999999994,,,,,,,,,,,30.0,,,,,,,89.4,98510.08,78316.7,3.0,0.0,27 (64QAM OR 256QAM / Low SE -64QAM),25.0,256QAM,Rank4,3.0,LEVEL_1,17.5,,0.5,0,0,0,,0,0,,0,0,0,0,0,0,,,,2434428.0279893605,4576109.164
820,29.02385,41.09923,-127.3,-14.7,,,,,,,,,,,,68.0,,,,,,26.0,,0.0,,0.0,0.0,0 (QPSK),30.0,QPSK,Rank2,0.0,,,,0.0,0,0,0,41.0,0,0,,0,0,0,0,0,0, UL-DCCH ULInformationTransfer,Registration complete,,2434742.8687819494,4575166.2836
821,29.02389,41.10478,-87.75,-11.350000000000001,6.300000000000001,-93.5,,,,,-15.0,,,,,68.0,3.0,,,,,,104.4,95866.88,92852.38,9.4,0.0,27 (64QAM OR 256QAM / Low SE -64QAM),116.0,256QAM,Rank2,9.4,LEVEL_1,17.5,,4.7,0,0,0,,0,0,,0,0,0,0,0,0,,,,2434540.478982904,4575784.1096
822,29.02389,41.10479,-87.1,-11.7,5.45,-94.94999999999999,,,,,-16.6,,,,,68.0,3.0,,,,,,104.4,97321.6,,5.3,0.0,27 (64QAM OR 256QAM / Low SE -64QAM),107.0,256QAM,Rank2,5.3,LEVEL_1,17.5,,1.6,0,0,0,,0,0,,0,0,0,0,0,0,,,,2434540.1082500247,4575785.222800001
823,29.02389,41.10773,-65.8,-10.4,35.4,,,,,,,,,,,30.0,,,,,,,86.3,97418.25,95631.23,0.2,0.0,27 (64QAM OR 256QAM / Low SE -64QAM),24.0,256QAM,Rank4,0.2,LEVEL_1,17.5,,0.0,0,0,0,,0,0,,0,0,0,0,0,0,,,,2434431.109567614,4576112.5035999995
824,29.02392,41.09931,-124.1,-14.5,-1.9,-129.8,,,,,-19.6,,,,,68.0,59.0,,,,,,141.1,,11098.3,,,,,,Rank2,,,22.3,,11.9,0,0,0,,0,0,,0,0,0,0,0,0,,,,2434745.775379279,4575175.1892
825,29.02392,41.10772,-65.5,-10.4,35.150000000000006,,,,,,,,,,,30.0,,,,,,,85.1,98616.37,,2.9,0.0,27 (64QAM OR 256QAM / Low SE -64QAM),25.0,256QAM,Rank4,2.9,LEVEL_1,17.5,,0.0,0,0,0,,0,0,,0,0,0,0,0,0,,,,2434433.996626775,4576111.3904
826,29.02393,41.10773,-70.5,-10.350000000000001,33.8,,,,,,,,,,,30.0,,,,,,,90.8,89026.56,94227.11,3.0,0.0,27 (64QAM OR 256QAM / Low SE -64QAM),23.0,256QAM,Rank4,3.0,LEVEL_1,17.5,,1.1,0,0,0,,0,0,,0,0,0,0,0,0,,,,2434434.464639742,4576112.5035999995
827,29.02393,41.10774,-66.0,-10.4,35.3,,,,,,,,,,,30.0,,,,,,,85.9,97286.76,,0.8,0.0,27 (64QAM OR 256QAM / Low SE -64QAM),25.0,256QAM,Rank4,0.8,LEVEL_1,17.5,,0.0,0,0,0,,0,0,,0,0,0,0,0,0,,,,2434434.0938844746,4576113.6168
828,29.02394,41.09922,,,,,,,,,,,,,,,,,,,,,,,,,,,,,,,,,,,0.0,0.0,0.0,,0.0,0.0,,0.0,0.0,0.0,0.0,0.0,0.0,,,,2434750.7893636576,4575165.1704
829,29.02397,41.10773,,,,,,,,,,,,,,,,,,,,,,,95513.44,,,,,,,,,,,,0.0,0.0,0.0,,0.0,0.0,,0.0,0.0,0.0,0.0,0.0,0.0,,,,2434437.8197118696,4576112.5035999995
830,29.02398,41.10775,-68.55,-10.4,34.05,,,,,,,,,,,30.0,,,,,,,89.0,96711.62,94751.87,0.6,0.0,27 (64QAM OR 256QAM / Low SE -64QAM),24.0,256QAM,Rank4,0.6,LEVEL_1,17.5,,0.0,0,0,0,,0,0,,0,0,0,0,0,0,,,,2434437.916968016,4576114.73
831,29.02399,41.10479,-85.65,-11.3,7.949999999999999,-99.9,,,,,-21.65,,,,,68.0,3.0,,,,,,102.5,96073.68,93031.93,7.2,0.0,27 (64QAM OR 256QAM / Low SE -64QAM),107.0,256QAM,Rank2,7.2,LEVEL_1,17.5,,2.9,0,0,0,,0,0,,0,0,0,0,0,0,,,,2434548.4963058927,4575785.222800001
832,29.024,41.09929,-123.1,-14.2,1.0,-133.1,,,,,-23.2,,,,,68.0,59.0,,,,,,139.2,16364.38,,7.3,5.0,7 (QPSK OR 16QAM OR 64QAM / Low SE -QPSK),97.0,16QAM,Rank2,7.3,LEVEL_16,22.3,,11.9,0,0,0,,0,0,,0,0,0,0,0,0,,,,2434753.2277711383,4575172.962800001
833,29.024,41.1048,-85.35,-11.25,8.1,-93.55000000000001,,,,,-16.5,,,,,68.0,3.0,,,,,,102.5,97464.32,94417.44,3.2,0.0,27 (64QAM OR 256QAM / Low SE -64QAM),110.0,256QAM,Rank2,3.2,LEVEL_1,17.5,,0.0,0,0,0,,0,0,,0,0,0,0,0,0,,,,2434548.9643771215,4575786.336
834,29.02401,41.10774,-67.75,-10.350000000000001,34.900000000000006,,,,,,,,,,,30.0,,,,,,,88.5,98590.72,88205.96,3.0,0.0,27 (64QAM OR 256QAM / Low SE -64QAM),25.0,256QAM,Rank4,3.0,LEVEL_1,17.5,,0.0,0,0,0,,0,0,,0,0,0,0,0,0,,,,2434440.8040277082,4576113.6168
835,29.02403,41.10776,-71.55,-10.3,33.599999999999994,,,,,,,,,,,30.0,,,,,,,89.4,97213.51,90772.09,2.0,0.0,27 (64QAM OR 256QAM / Low SE -64QAM),25.0,256QAM,Rank4,2.0,LEVEL_1,17.5,,0.0,0,0,0,,0,0,,0,0,0,0,0,0,,,,2434441.740050206,4576115.8432
836,29.02404,41.1048,,,,,,,,,,,,,,,,,,,,,,96015.27,92965.24,5.4,0.0,27 (64QAM OR 256QAM / Low SE -64QAM),107.0,256QAM,Rank2,5.4,LEVEL_1,,,,0,0,0,,0,0,,0,0,0,0,0,0,,,,2434552.3195989574,4575786.336
837,29.02404,41.10482,,,,,,,,,,,,,,,,,,,,,,,94354.72,,,,,,,,,,,,0.0,0.0,0.0,,0.0,0.0,,0.0,0.0,0.0,0.0,0.0,0.0,,,,2434551.5781289963,4575788.562399999
838,29.02407,41.10778,-67.1,-10.350000000000001,34.3,,,,,,,,,,,30.0,,,,,,,94.3,97326.05,93957.73,0.4,0.0,27 (64QAM OR 256QAM / Low SE -64QAM),24.0,256QAM,Rank4,0.4,LEVEL_1,17.5,,0.0,0,0,0,,0,0,,0,0,0,0,0,0,,,,2434444.3536061705,4576118.0696
839,29.02408,41.09927,-123.1,-13.9,-0.1,-138.8,,,,,-27.9,,,,,68.0,59.0,,,,,,139.9,16609.28,12860.54,10.3,2.0,9 (QPSK OR 16QAM OR 64QAM / Low SE -QPSK),67.0,16QAM,Rank2,10.3,LEVEL_8,22.2,,10.5,0,0,0,,0,0,,0,0,0,0,0,0,,,,2434760.6801667884,4575170.7364
840,29.02408,41.10484,-83.45,-10.8,9.45,-125.5,,,,,-30.2,,,,,68.0,3.0,,,,,,100.0,97516.06,,1.7,0.0,27 (64QAM OR 256QAM / Low SE -64QAM),105.0,256QAM,Rank2,1.7,LEVEL_1,17.5,,0.5,0,0,0,,0,0,,0,0,0,0,0,0,,,,2434554.1918785307,4575790.7888
841,29.02408,41.10777,,,,,,,,,,,,,,,,,,,,,94.8,93157.57,94334.77,7.0,0.0,27 (64QAM OR 256QAM / Low SE -64QAM),26.0,256QAM,Rank4,7.0,LEVEL_1,17.5,,0.0,0,0,0,,0,0,,0,0,0,0,0,0,,,,2434445.5631310437,4576116.9564000005
842,29.02409,41.10481,-84.65,-11.05,8.55,-103.94999999999999,,,,,-23.75,,,,,68.0,3.0,,,,,,99.1,95846.4,,5.6,0.0,27 (64QAM OR 256QAM / Low SE -64QAM),108.0,256QAM,Rank2,5.6,LEVEL_1,17.5,,2.4,0,0,0,,0,0,,0,0,0,0,0,0,,,,2434556.1428906703,4575787.4492
843,29.0241,41.10777,-65.25,-10.350000000000001,34.45,,,,,,,,,,,30.0,,,,,,,92.7,98611.2,88131.72,1.2,0.0,27 (64QAM OR 256QAM / Low SE -64QAM),25.0,256QAM,Rank4,1.2,LEVEL_1,17.5,,0.5,0,0,0,,0,0,,0,0,0,0,0,0,,,,2434447.240666086,4576116.9564000005
844,29.02411,41.09919,,,,,,,,,,,,,,,,,,,,,,,,,,,,,,,,,,,0.0,0.0,0.0,,0.0,0.0,,0.0,0.0,0.0,0.0,0.0,0.0,,,,2434766.162350994,4575161.8308
845,29.02412,41.10485,,,,,,,,,,,,,,,,,,,,,,,101334.42,,,,,,,,,,,,0.0,0.0,0.0,,0.0,0.0,,0.0,0.0,0.0,0.0,0.0,0.0,,,,2434557.176362061,4575791.902
846,29.02414,41.10778,-71.0,-10.4,30.75,,,,,,,,,,,30.0,,,,,,,89.4,97193.03,,6.4,0.0,27 (64QAM OR 256QAM / Low SE -64QAM),26.0,256QAM,Rank4,6.4,LEVEL_1,17.5,,0.0,0,0,0,,0,0,,0,0,0,0,0,0,,,,2434450.224977923,4576118.0696
847,29.02416,41.09925,-120.9,-12.8,0.4,,,,,,,,,,,68.0,,,,,,,138.6,17879.04,,8.2,0.0,9 (QPSK OR 16QAM OR 64QAM / Low SE -QPSK),58.0,16QAM,Rank2,8.2,LEVEL_4,22.3,,13.2,0,0,0,,0,0,,0,0,0,0,0,0,,,,2434768.1325662276,4575168.51
848,29.02416,41.10486,-84.15,-10.8,10.35,-110.6,,,,,-26.1,,,,,68.0,3.0,,,,,,98.5,97443.84,,7.5,0.0,27 (64QAM OR 256QAM / Low SE -64QAM),109.0,256QAM,Rank2,7.5,LEVEL_1,17.5,,0.5,0,0,0,,0,0,,0,0,0,0,0,0,,,,2434560.1608444955,4575793.0152
849,29.02416,41.1078,-70.7,-10.4,31.3,,,,,,,,,,,30.0,,,,,,,91.3,97239.04,94475.57,2.8,0.0,27 (64QAM OR 256QAM / Low SE -64QAM),25.0,256QAM,Rank4,2.8,LEVEL_1,17.5,,0.0,0,0,0,,0,0,,0,0,0,0,0,0,,,,2434451.160995484,4576120.296
850,29.02418,41.10483,-86.3,-11.0,7.9,-105.95,,,,,-24.9,,,,,68.0,3.0,,,,,,101.4,95636.59,93385.51,6.1,0.0,27 (64QAM OR 256QAM / Low SE -64QAM),103.0,256QAM,Rank2,6.1,LEVEL_1,17.5,,0.0,0,0,0,,0,0,,0,0,0,0,0,0,,,,2434562.9506649664,4575789.6756
851,29.02419,41.10486,,,,,,,,,,,,,,,,,,,,,,,86668.63,,,,,,,,,,,,0.0,0.0,0.0,,0.0,0.0,,0.0,0.0,0.0,0.0,0.0,0.0,,,,2434562.6772585735,4575793.0152
852,29.0242,41.09917,,,,,,,,,,,,,,,,,,,,,,,,,,,,,,,,,,,0.0,0.0,0.0,,0.0,0.0,,0.0,0.0,0.0,0.0,0.0,0.0,,,,2434774.453635556,4575159.604400001
853,29.0242,41.1078,-70.6,-10.350000000000001,30.85,,,,,,,,,,,30.0,,,,,,,93.3,98406.4,,4.0,0.0,27 (64QAM OR 256QAM / Low SE -64QAM),25.0,256QAM,Rank4,4.0,LEVEL_1,17.5,,0.0,0,0,0,,0,0,,0,0,0,0,0,0,,,,2434454.5160640352,4576120.296
854,29.02423,41.10487,-85.1,-10.8,9.399999999999999,-99.05,,,,,-20.45,,,,,68.0,3.0,,,,,,100.4,96788.48,,2.1,0.0,27 (64QAM OR 256QAM / Low SE -64QAM),105.0,256QAM,Rank2,2.1,LEVEL_1,17.5,,0.5,0,0,0,,0,0,,0,0,0,0,0,0,,,,2434565.6617395286,4575794.1284
855,29.02425,41.09923,-122.9,-13.5,2.7,,,,,,,,,,,68.0,,,,,,,138.2,,16268.45,,,,,,Rank2,,,22.1,,10.6,0,0,0,,0,0,,0,0,0,0,0,0,,,,2434776.423846061,4575166.2836
856,29.02425,41.10782,,,,,,,,,,,,,,,,,,,,,,,96671.2,,,,,,,,,,,,0.0,0.0,0.0,,0.0,0.0,,0.0,0.0,0.0,0.0,0.0,0.0,,,,2434457.9683799027,4576122.522399999
857,29.02425,41.10783,-72.6,-10.4,30.65,,,,,,,,,,,30.0,,,,,,,93.3,98631.68,94558.12,0.8,0.0,27 (64QAM OR 256QAM / Low SE -64QAM),24.0,256QAM,Rank4,0.8,LEVEL_1,17.5,,0.0,0,0,0,,0,0,,0,0,0,0,0,0,,,,2434457.5976198805,4576123.6356
858,29.02426,41.10782,-74.8,-10.4,31.9,,,,,,,,,,,30.0,,,,,,,90.4,97116.16,93845.63,9.5,0.0,27 (64QAM OR 256QAM / Low SE -64QAM),27.0,256QAM,Rank4,9.5,LEVEL_1,17.5,,0.0,0,0,0,,0,0,,0,0,0,0,0,0,,,,2434458.8071467853,4576122.522399999
859,29.02428,41.09915,,,,,,,,,,,,,,,,,,,,,,,,,,,,,,,,,,,0.0,0.0,0.0,,0.0,0.0,,0.0,0.0,0.0,0.0,0.0,0.0,,,,2434781.906046796,4575157.3780000005
860,29.02428,41.10485,-84.6,-10.7,9.3,-101.1,,,,,-23.2,,,,,68.0,3.0,,,,,,102.7,95657.06,93080.4,6.9,0.0,27 (64QAM OR 256QAM / Low SE -64QAM),107.0,256QAM,Rank2,6.9,LEVEL_1,17.5,,0.0,0,0,0,,0,0,,0,0,0,0,0,0,,,,2434570.5972391875,4575791.902
861,29.02429,41.10783,-72.35,-10.4,29.450000000000003,,,,,,,,,,,30.0,,,,,,,93.6,98508.8,,1.1,0.0,27 (64QAM OR 256QAM / Low SE -64QAM),24.0,256QAM,Rank4,1.1,LEVEL_1,17.5,,0.0,0,0,0,,0,0,,0,0,0,0,0,0,,,,2434460.952686899,4576123.6356
862,29.02432,41.10489,-85.8,-10.75,11.5,-106.55,,,,,-25.55,,,,,68.0,3.0,,,,,,102.3,97239.04,98297.23,1.1,0.0,27 (64QAM OR 256QAM / Low SE -64QAM),106.0,256QAM,Rank3,1.1,LEVEL_1,17.5,,0.5,0,0,0,,0,0,,0,0,0,0,0,0,,,,2434572.46950246,4575796.3548
863,29.02433,41.0992,-117.5,-11.8,4.8,,,,,,,,,,,68.0,,,,,,,133.8,70860.8,26768.06,9.6,4.0,11 (16QAM OR 64QAM / Low SE -QPSK),101.0,16QAM,Rank2,9.6,LEVEL_4,22.1,,11.2,0,0,0,,0,0,,0,0,0,0,0,0,,,,2434784.2469504527,4575162.944
864,29.02433,41.10486,-86.5,-10.8,11.3,-105.1,,,,,-26.7,,,,,68.0,3.0,,,,,,,95718.49,92858.34,4.1,0.0,27 (64QAM OR 256QAM / Low SE -64QAM),107.0,256QAM,Rank2,4.1,LEVEL_1,,,,0,0,0,,0,0,,0,0,0,0,0,0,,,,2434574.4205242707,4575793.0152
865,29.02433,41.10783,,,,,,,,,,,,,,,,,,,,,96.8,97285.3,94300.21,2.4,0.0,27 (64QAM OR 256QAM / Low SE -64QAM),25.0,256QAM,Rank4,2.4,LEVEL_1,17.5,,0.0,0,0,0,,0,0,,0,0,0,0,0,0,,,,2434464.307753917,4576123.6356
866,29.02434,41.10784,-73.95,-10.4,27.8,,,,,,,,,,,30.0,,,,,,,94.5,98412.2,95518.73,3.1,0.0,27 (64QAM OR 256QAM / Low SE -64QAM),26.0,256QAM,Rank4,3.1,LEVEL_1,17.5,,0.5,0,0,0,,0,0,,0,0,0,0,0,0,,,,2434464.775759425,4576124.7488
867,29.02437,41.09913,,,,,,,,,,,,,,,,,,,,,,,,,,,,,,,,,,,0.0,0.0,0.0,,0.0,0.0,,0.0,0.0,0.0,0.0,0.0,0.0,,,,2434790.1973397057,4575155.1516
868,29.02437,41.10487,-85.0,-10.649999999999999,11.55,-116.55,,,,,-30.5,,,,,68.0,3.0,,,,,,103.4,96215.04,,0.7,0.0,27 (64QAM OR 256QAM / Low SE -64QAM),105.0,256QAM,Rank2,0.7,LEVEL_1,17.5,,4.0,0,0,0,,0,0,,0,0,0,0,0,0,,,,2434577.405003438,4575794.1284
869,29.02439,41.10491,-85.7,-10.55,13.0,-114.85,,,,,-26.35,,,,,68.0,3.0,,,,,,100.8,96481.28,88033.37,0.7,0.0,27 (64QAM OR 256QAM / Low SE -64QAM),104.0,256QAM,Rank2,0.7,LEVEL_1,17.5,,0.9,0,0,0,,0,0,,0,0,0,0,0,0,,,,2434577.599652389,4575798.5812
870,29.02439,41.10784,-77.4,-10.45,27.200000000000003,,,,,,,,,,,30.0,,,,,,,97.7,97295.18,,4.5,0.0,27 (64QAM OR 256QAM / Low SE -64QAM),26.0,256QAM,Rank4,4.5,LEVEL_1,17.5,,0.0,0,0,0,,0,0,,0,0,0,0,0,0,,,,2434468.969592559,4576124.7488
871,29.0244,41.10785,-72.80000000000001,-10.350000000000001,29.6,,,,,,,,,,,30.0,,,,,,,92.2,97428.42,110413.71,2.2,0.0,27 (64QAM OR 256QAM / Low SE -64QAM),25.0,256QAM,Rank4,2.2,LEVEL_1,17.5,,0.0,0,0,0,,0,0,,0,0,0,0,0,0,,,,2434469.4375970997,4576125.862
872,29.02443,41.10785,-73.0,-10.4,30.8,,,,,,,,,,,30.0,,,,,,,92.4,98790.98,95501.12,3.0,0.0,27 (64QAM OR 256QAM / Low SE -64QAM),25.0,256QAM,Rank4,3.0,LEVEL_1,17.5,,0.0,0,0,0,,0,0,,0,0,0,0,0,0,,,,2434471.953896597,4576125.862
873,29.02445,41.10786,,,,,,,,,,,,,,,,,,,,,,,95186.34,,,,,,,,,,,,0.0,0.0,0.0,,0.0,0.0,,0.0,0.0,0.0,0.0,0.0,0.0,,,,2434473.2606667955,4576126.9752
874,29.02446,41.0991,,,,,,,,,,,,,,,,,,,,,,,,,,,,,,,,,,,0.0,0.0,0.0,,0.0,0.0,,0.0,0.0,0.0,0.0,0.0,0.0,,,,2434798.8593349513,4575151.812
875,29.02446,41.10487,-88.5,-11.0,11.8,-96.2,,,,,-19.4,,,,,68.0,3.0,,,,,,101.6,95871.91,92867.91,0.7,0.0,27 (64QAM OR 256QAM / Low SE -64QAM),104.0,256QAM,Rank2,0.7,LEVEL_1,17.5,,0.0,0,0,0,,0,0,,0,0,0,0,0,0,,,,2434584.954244522,4575794.1284
876,29.02447,41.10494,-84.2,-10.55,13.3,-92.0,,,,,-17.1,,,,,68.0,3.0,,,,,,101.8,95949.44,92586.76,3.8,0.0,27 (64QAM OR 256QAM / Low SE -64QAM),105.0,256QAM,Rank2,3.8,LEVEL_1,17.5,,0.0,0,0,0,,0,0,,0,0,0,0,0,0,,,,2434583.197860843,4575801.9207999995
877,29.02448,41.10785,-71.7,-10.3,31.1,,,,,,,,,,,30.0,,,,,,,91.2,97259.52,,5.6,0.0,27 (64QAM OR 256QAM / Low SE -64QAM),48.0,256QAM,Rank4,5.6,LEVEL_1,17.5,,0.0,0,0,0,,0,0,,0,0,0,0,0,0,,,,2434476.1477290927,4576125.862
878,29.02449,41.09916,-118.2,-12.05,2.75,-138.45,,,,,-28.85,,,,,68.0,59.0,,,,,,137.2,51159.04,68986.04,12.3,2.0,9 (QPSK OR 16QAM OR 64QAM / Low SE -QPSK),107.0,16QAM,Rank2,12.3,LEVEL_16,22.3,,7.0,0,0,0,,0,0,,0,0,0,0,0,0,,,,2434799.1517781233,4575158.4912
879,29.0245,41.10787,-73.5,-10.350000000000001,30.75,,,,,,,,,,,30.0,,,,,,,97.2,97239.04,,5.2,0.0,27 (64QAM OR 256QAM / Low SE -64QAM),26.0,256QAM,Rank4,5.2,LEVEL_1,17.5,,0.0,0,0,0,,0,0,,0,0,0,0,0,0,,,,2434477.0837351405,4576128.0884
880,29.02451,41.10488,-82.2,-10.6,10.7,-94.4,,,,,-17.0,,,,,68.0,3.0,,,,,,,,93347.35,0.3,0.0,27 (64QAM OR 256QAM / Low SE -64QAM),103.0,256QAM,Rank2,0.3,LEVEL_1,,,,0,0,0,,0,0,,0,0,0,0,0,0,,,,2434588.7775258804,4575795.2416
881,29.02451,41.10786,-74.4,-10.4,29.45,,,,,,,,,,,30.0,,,,,,,95.6,97745.96,94556.41,9.2,0.0,26 (64QAM OR 256QAM OR 1024 QAM / Low SE -64QAM),29.0,256QAM,Rank4,9.2,LEVEL_1,17.5,,0.0,0,0,0,,0,0,,0,0,0,0,0,0,,,,2434478.2932650237,4576126.9752
882,29.02452,41.10785,-74.3,-10.4,31.15,,,,,,,,,,,30.0,,,,,,,94.9,98324.48,95034.81,12.3,0.0,27 (64QAM OR 256QAM / Low SE -64QAM),62.0,256QAM,Rank4,12.3,LEVEL_1,17.5,,0.5,0,0,0,,0,0,,0,0,0,0,0,0,,,,2434479.5027950886,4576125.862
883,29.02455,41.09908,,,,,,,,,,,,,,,,,,,,,,,,,,,,,,,,,,,0.0,0.0,0.0,,0.0,0.0,,0.0,0.0,0.0,0.0,0.0,0.0,,,,2434807.150637465,4575149.5856
884,29.02455,41.10489,-79.8,-10.5,15.5,,,,,,,,,,,68.0,,,,,,,97.4,96093.12,,4.6,0.0,23 (64QAM OR 256QAM OR 1024 QAM / Low SE -64QAM),100.0,256QAM,Rank3,4.6,LEVEL_1,17.5,,0.0,0,0,0,,0,0,,0,0,0,0,0,0,,,,2434591.7620015778,4575796.3548
885,29.02456,41.10495,-81.8,-10.5,15.5,,,,,,,,,,,68.0,,,,,,,98.0,95688.41,93284.52,0.4,0.0,27 (64QAM OR 256QAM / Low SE -64QAM),106.0,256QAM,Rank2,0.4,LEVEL_1,17.5,,0.0,0,0,0,,0,0,,0,0,0,0,0,0,,,,2434590.3763512555,4575803.034
886,29.0246,41.10489,-81.1,-10.5,14.9,,,,,,,,,,,68.0,,,,,,,,95477.76,92458.9,12.2,0.0,25 (64QAM OR 256QAM OR 1024 QAM / Low SE -64QAM),97.0,256QAM,Rank3,12.2,LEVEL_1,,,,0,0,0,,0,0,,0,0,0,0,0,0,,,,2434595.956023125,4575796.3548
887,29.02461,41.10495,,,,,,,,,,,,,,,,,,,,,,95907.84,92737.77,,,,,,,,,,,,0.0,0.0,0.0,,0.0,0.0,,0.0,0.0,0.0,0.0,0.0,0.0,,,,2434594.5703689707,4575803.034
888,29.02461,41.10789,-74.4,-10.4,31.5,,,,,,,,,,,30.0,,,,,,,92.6,97300.48,94540.8,2.4,0.0,27 (64QAM OR 256QAM / Low SE -64QAM),25.0,256QAM,Rank4,2.4,LEVEL_1,17.5,,0.0,0,0,0,,0,0,,0,0,0,0,0,0,,,,2434485.568633762,4576130.3148
889,29.02462,41.10786,-73.16666666666667,-10.4,31.766666666666666,,,,,,,,,,,30.0,,,,,,,90.6,96808.96,94389.29,8.8,0.0,27 (64QAM OR 256QAM / Low SE -64QAM),28.0,256QAM,Rank4,8.8,LEVEL_1,17.5,,0.0,0,0,0,,0,0,,0,0,0,0,0,0,,,,2434487.5196951083,4576126.9752
890,29.02464,41.09906,,,,,,,,,,,,,,,,,,,,,,,,,,,,,,,,,,,0.0,0.0,0.0,,0.0,0.0,,0.0,0.0,0.0,0.0,0.0,0.0,,,,2434815.4419442792,4575147.3592
891,29.02464,41.09911,-123.9,-14.45,-2.0999999999999996,-142.2,,,,,-30.7,,,,,68.0,59.0,,,,,,141.7,8212.48,26858.27,10.8,10.0,9 (QPSK OR 16QAM OR 64QAM / Low SE -QPSK),102.0,16QAM,Rank2,10.8,LEVEL_16,22.3,,13.8,0,0,0,,0,0,,0,0,0,0,0,0,,,,2434813.5884433542,4575152.9252
892,29.02465,41.1049,-79.9,-10.5,15.0,,,,,,,,,,,68.0,,,,,,,95.4,95846.4,,7.3,0.0,26 (64QAM OR 256QAM OR 1024 QAM / Low SE -64QAM),99.0,256QAM,Rank3,7.3,LEVEL_1,17.5,,0.0,0,0,0,,0,0,,0,0,0,0,0,0,,,,2434599.7793012694,4575797.468
893,29.02465,41.10496,-79.45,-10.4,20.35,,,,,,,,,,,68.0,,,,,,,95.0,95293.44,,2.4,0.0,26 (64QAM OR 256QAM OR 1024 QAM / Low SE -64QAM),101.0,256QAM,Rank3,2.4,LEVEL_1,17.5,,0.0,0,0,0,,0,0,,0,0,0,0,0,0,,,,2434597.5548392953,4575804.1472
894,29.02466,41.10789,,,,,,,,,,,,,,,,,,,,,,,94108.29,,,,,,,,,,,,0.0,0.0,0.0,,0.0,0.0,,0.0,0.0,0.0,0.0,0.0,0.0,,,,2434489.762463703,4576130.3148
895,29.02467,41.10785,-68.4,-10.4,32.7,,,,,,,,,,,30.0,,,,,,,95.5,96998.36,,,,,,,Rank4,,,17.5,,0.0,0,0,0,,0,0,,0,0,0,0,0,0,,,,2434492.0842925753,4576125.862
896,29.02467,41.10787,,,,,,,,,,,,,,,,,,,,,93.5,97551.31,94540.7,9.4,0.0,27 (64QAM OR 256QAM / Low SE -64QAM),28.0,256QAM,Rank4,9.4,LEVEL_1,17.5,,0.0,0,0,0,,0,0,,0,0,0,0,0,0,,,,2434491.3427612814,4576128.0884
897,29.02472,41.1079,-75.5,-10.4,30.9,,,,,,,,,,,30.0,,,,,,,96.5,97203.39,,7.0,0.0,26 (64QAM OR 256QAM OR 1024 QAM / Low SE -64QAM),27.0,256QAM,Rank4,7.0,LEVEL_1,17.5,,0.0,0,0,0,,0,0,,0,0,0,0,0,0,,,,2434494.4242930864,4576131.428
898,29.02473,41.10784,-76.55,-10.4,26.45,,,,,,,,,,,30.0,,,,,,,100.6,96890.88,94635.22,4.9,0.0,24 (64QAM OR 256QAM OR 1024 QAM / Low SE -64QAM),69.0,256QAM,Rank4,4.9,LEVEL_1,17.5,,0.0,0,0,0,,0,0,,0,0,0,0,0,0,,,,2434497.4876578716,4576124.7488
899,29.02473,41.10787,-73.4,-10.4,30.4,,,,,,,,,,,30.0,,,,,,,92.2,97034.24,,8.0,0.0,27 (64QAM OR 256QAM / Low SE -64QAM),28.0,256QAM,Rank4,8.0,LEVEL_1,17.5,,0.0,0,0,0,,0,0,,0,0,0,0,0,0,,,,2434496.375358743,4576128.0884
900,29.02474,41.10491,-80.15,-10.55,16.45,,,,,,,,,,,68.0,,,,,,,96.2,95518.72,92728.93,0.0,0.0,27 (64QAM OR 256QAM / Low SE -64QAM),102.0,256QAM,Rank2,0.0,LEVEL_1,17.5,,0.0,0,0,0,,0,0,,0,0,0,0,0,0,,,,2434606.957794279,4575798.5812
901,29.02475,41.10497,-81.0,-10.45,17.45,,,,,,,,,,,68.0,,,,,,,94.6,95907.84,92823.49,4.1,0.0,25 (64QAM OR 256QAM OR 1024 QAM / Low SE -64QAM),95.0,256QAM,Rank3,4.1,LEVEL_1,17.5,,0.0,0,0,0,,0,0,,0,0,0,0,0,0,,,,2434605.5721282493,4575805.2604
902,29.02478,41.10784,,,,,,,,,,,,,,,,,,,,,,,,7.4,0.0,24 (64QAM OR 256QAM OR 1024 QAM / Low SE -64QAM),72.0,256QAM,Rank4,7.4,LEVEL_1,,,,0,0,0,,0,0,,0,0,0,0,0,0,,,,2434501.6814910052,4576124.7488
903,29.0248,41.09907,-126.7,-15.7,-3.4,,,,,,,,,,,68.0,,,,,,,143.6,14233.6,,3.7,18.0,6 (QPSK OR 16QAM OR 64QAM / Low SE -QPSK),131.0,16QAM,Rank1,3.7,LEVEL_16,22.4,,12.1,0,0,0,,0,0,,0,0,0,0,0,0,,,,2434828.4933025837,4575148.472399999
904,29.0248,41.10492,-78.7,-10.4,16.4,,,,,,,,,,,68.0,,,,,,,,96005.21,92965.88,3.4,0.0,26 (64QAM OR 256QAM OR 1024 QAM / Low SE -64QAM),98.0,256QAM,Rank3,3.4,LEVEL_1,,,,0,0,0,,0,0,,0,0,0,0,0,0,,,,2434611.619873135,4575799.6944
905,29.0248,41.10498,,,,,,,,,,,,,,,,,,,,,,95825.92,92684.97,,,,,,,,,,,,0.0,0.0,0.0,,0.0,0.0,,0.0,0.0,0.0,0.0,0.0,0.0,,,,2434609.395398775,4575806.3736
906,29.02481,41.099,,,,,,,,,,,,,,,,,,,,,,,,,,,,,,,,,,,0.0,0.0,0.0,,0.0,0.0,,0.0,0.0,0.0,0.0,0.0,0.0,,,,2434831.927095127,4575140.68
907,29.02484,41.10783,-80.8,-10.6,24.2,,,,,,,,,,,30.0,,,,,,,101.2,96829.44,93197.05,5.7,0.0,26 (64QAM OR 256QAM OR 1024 QAM / Low SE -64QAM),77.0,256QAM,Rank4,5.7,LEVEL_1,17.5,,0.0,0,0,0,,0,0,,0,0,0,0,0,0,,,,2434507.0848584,4576123.6356
908,29.02484,41.10786,-77.9,-10.4,26.049999999999997,-86.8,,,,,-20.2,,,,,30.0,59.0,,,,,,93.5,97479.73,95938.12,7.0,0.0,26 (64QAM OR 256QAM OR 1024 QAM / Low SE -64QAM),31.0,256QAM,Rank4,7.0,LEVEL_1,17.5,,0.0,0,0,0,,0,0,,0,0,0,0,0,0,,,,2434505.972555278,4576126.9752
909,29.02485,41.10493,-80.8,-10.4,17.9,,,,,,,,,,,68.0,,,,,,,94.7,95503.24,,5.7,0.0,25 (64QAM OR 256QAM OR 1024 QAM / Low SE -64QAM),83.0,256QAM,Rank3,5.7,LEVEL_1,17.5,,0.0,0,0,0,,0,0,,0,0,0,0,0,0,,,,2434615.4431465864,4575800.8076
910,29.02485,41.1079,-79.6,-10.4,24.35,,,,,,,,,,,30.0,,,,,,,101.3,97530.88,94157.96,6.4,0.0,26 (64QAM OR 256QAM OR 1024 QAM / Low SE -64QAM),34.0,256QAM,Rank3,6.4,LEVEL_1,17.5,,0.0,0,0,0,,0,0,,0,0,0,0,0,0,,,,2434505.3282492715,4576131.428
911,29.02486,41.09905,-126.9,-15.8,-3.0,,,,,,,,,,,68.0,,,,,,,144.3,,8301.64,,,,,,Rank2,,,22.4,,12.9,0,0,0,,0,0,,0,0,0,0,0,0,,,,2434834.26798008,4575146.246
912,29.02486,41.10498,-79.8,-10.5,15.45,,,,,,,,,,,68.0,,,,,,,96.5,96051.2,,9.2,0.0,24 (64QAM OR 256QAM OR 1024 QAM / Low SE -64QAM),90.0,256QAM,Rank3,9.2,LEVEL_1,17.5,,0.0,0,0,0,,0,0,,0,0,0,0,0,0,,,,2434614.4282177347,4575806.3736
913,29.02489,41.09898,,,,,,,,,,,,,,,,,,,,,,,,,,,,,,,,,,,0.0,0.0,0.0,,0.0,0.0,,0.0,0.0,0.0,0.0,0.0,0.0,,,,2434839.3795367964,4575138.4536
914,29.02489,41.10783,-82.4,-10.5,22.7,-89.6,,,,,-18.9,,,,,30.0,59.0,,,,,,,,,8.5,0.0,26 (64QAM OR 256QAM OR 1024 QAM / Low SE -64QAM),78.0,256QAM,Rank3,8.5,LEVEL_1,,,,0,0,0,,0,0,,0,0,0,0,0,0,,,,2434511.2786921724,4576123.6356
915,29.02493,41.09903,-127.85,-16.549999999999997,-3.9000000000000004,,,,,,,,,,,68.0,,,,,,,144.7,8909.27,14976.83,9.3,9.0,7 (QPSK OR 16QAM OR 64QAM / Low SE -QPSK),121.0,16QAM,Rank1,9.3,LEVEL_16,22.4,,15.5,0,0,0,,0,0,,0,0,0,0,0,0,,,,2434840.8815395017,4575144.0196
916,29.02495,41.10784,-82.0,-10.5,21.1,-90.7,,,,,-18.9,,,,,30.0,59.0,,,,,,103.4,96190.92,94216.26,10.7,0.0,25 (64QAM OR 256QAM OR 1024 QAM / Low SE -64QAM),80.0,256QAM,Rank4,10.7,LEVEL_1,17.5,,0.0,0,0,0,,0,0,,0,0,0,0,0,0,,,,2434515.940523661,4576124.7488
917,29.02496,41.10495,-78.9,-10.4,18.45,,,,,,,,,,,68.0,,,,,,,94.9,96087.12,92812.94,6.4,0.0,24 (64QAM OR 256QAM OR 1024 QAM / Low SE -64QAM),87.0,256QAM,Rank3,6.4,LEVEL_1,17.5,,0.0,0,0,0,,0,0,,0,0,0,0,0,0,,,,2434623.9284929777,4575803.034
918,29.02497,41.09895,,,,,,,,,,,,,,,,,,,,,,,,,,,,,,,,,,,0.0,0.0,0.0,,0.0,0.0,,0.0,0.0,0.0,0.0,0.0,0.0,,,,2434847.2026856914,4575135.114
919,29.02497,41.105,-75.95,-10.4,20.3,,,,,,,,,,,68.0,,,,,,,92.3,95499.52,92911.77,7.1,0.0,24 (64QAM OR 256QAM OR 1024 QAM / Low SE -64QAM),82.0,256QAM,Rank3,7.1,LEVEL_1,17.5,,0.0,0,0,0,,0,0,,0,0,0,0,0,0,,,,2434622.913556103,4575808.6
920,29.02497,41.10785,-85.6,-10.649999999999999,16.9,-92.3,,,,,-19.35,,,,,30.0,59.0,,,,,,103.9,98550.83,76278.05,9.6,12.0,24 (64QAM OR 256QAM OR 1024 QAM / Low SE -64QAM),40.0,256QAM,Rank3,9.6,LEVEL_1,17.5,,0.0,0,0,0,,0,0,,0,0,0,0,0,0, UL-DCCH RRCReconfigurationComplete,,,2434517.2472875477,4576125.862
921,29.02497,41.10789,-82.85,-10.5,19.8,,,,,,,,,,,30.0,,,,,,,104.1,96936.92,90472.04,10.9,0.0,26 (64QAM OR 256QAM OR 1024 QAM / Low SE -64QAM),44.0,256QAM,Rank3,10.9,LEVEL_1,17.5,,0.0,0,0,0,,0,0,,0,0,0,0,0,0,,,,2434515.7642093343,4576130.3148
922,29.02502,41.10496,-76.6,-10.4,22.1,,,,,,,,,,,68.0,,,,,,,,,92962.71,12.8,0.0,26 (64QAM OR 256QAM OR 1024 QAM / Low SE -64QAM),81.0,256QAM,Rank3,12.8,LEVEL_1,,,,0,0,0,,0,0,,0,0,0,0,0,0,,,,2434628.5905656624,4575804.1472
923,29.02504,41.09894,,,,,,,,,,,,,,,,,,,,,,,,,,,,,,,,,,,0.0,0.0,0.0,,0.0,0.0,,0.0,0.0,0.0,0.0,0.0,0.0,,,,2434853.445551199,4575134.0008
924,29.02504,41.10784,,,,,,,,,,,,,,,,,,,,,121.2,98406.43,90458.3,4.9,6.0,18 (64QAM OR 256QAM / Low SE -16QAM),63.0,64QAM,Rank3,4.9,LEVEL_16,17.9,,8.9,0,0,0,,0,0,,0,0,0,0,0,0,,,,2434523.489423303,4576124.7488
925,29.02506,41.099,-125.85,-15.5,-4.15,-132.3,,,,,-20.9,,,,,68.0,40.0,,,,,,144.4,16221.71,10829.9,9.9,10.0,8 (QPSK OR 16QAM OR 64QAM / Low SE -QPSK),110.0,16QAM,Rank2,9.9,LEVEL_16,22.4,,14.0,0,0,0,,0,0,,0,0,0,0,0,0,,,,2434852.8990836353,4575140.68
926,29.02507,41.10502,-77.19999999999999,-10.4,23.950000000000003,,,,,,,,,,,68.0,,,,,,,90.5,95846.4,93272.93,13.5,0.0,26 (64QAM OR 256QAM OR 1024 QAM / Low SE -64QAM),79.0,256QAM,Rank3,13.5,LEVEL_1,17.5,,0.0,0,0,0,,0,0,,0,0,0,0,0,0,,,,2434630.5600859057,4575810.826400001
927,29.02507,41.10784,-85.65,-10.6,16.6,-94.2,,,,,-18.8,,,,,30.0,59.0,,,,,,104.2,94950.26,92905.7,8.6,0.0,23 (64QAM OR 256QAM OR 1024 QAM / Low SE -64QAM),89.0,256QAM,Rank3,8.6,LEVEL_1,17.5,,0.0,0,0,0,,0,0,,0,0,0,0,0,0,,,,2434526.005723183,4576124.7488
928,29.02508,41.10497,-76.2,-10.4,22.4,,,,,,,,,,,68.0,,,,,,,91.6,95718.49,,12.8,0.0,27 (64QAM OR 256QAM / Low SE -64QAM),77.0,256QAM,Rank3,12.8,LEVEL_1,17.5,,0.0,0,0,0,,0,0,,0,0,0,0,0,0,,,,2434633.2526367395,4575805.2604
929,29.02508,41.10788,-84.80000000000001,-10.5,16.4,-93.25,,,,,-18.9,,,,,30.0,59.0,,,,,,106.0,95990.24,98559.76,8.9,0.0,23 (64QAM OR 256QAM OR 1024 QAM / Low SE -64QAM),96.0,256QAM,Rank3,8.9,LEVEL_1,17.5,,0.0,0,0,0,,0,0,,0,0,0,0,0,0,,,,2434525.361406273,4576129.2016
930,29.02511,41.10783,-89.75,-12.850000000000001,-6.25,-90.35,,,,,-13.7,,,,,30.0,59.0,,,,,4.0,122.8,88889.77,,4.6,6.0,17 (64QAM OR 256QAM / Low SE -16QAM),180.0,64QAM,Rank2,4.6,LEVEL_2,17.7,-1.0,9.7,0,0,0,23.0,0,0,,0,0,0,0,0,0, BCCH-DL_SCH SIB1,,,2434529.731560773,4576123.6356
931,29.02512,41.09892,,,,,,,,,,,,,,,,,,,,,,,,,,,,,,,,,,,0.0,0.0,0.0,,0.0,0.0,,0.0,0.0,0.0,0.0,0.0,0.0,,,,2434860.898003984,4575131.7743999995
932,29.02512,41.10784,-89.3,-10.8,15.2,-96.2,,,,,-18.0,,,,,30.0,59.0,,,,,,106.0,96517.18,,,,,,,Rank3,,,17.5,,0.0,0,0,0,,0,0,,0,0,0,0,0,0,,,,2434530.1995563176,4576124.7488
933,29.02513,41.10503,,,,,,,,,,,,,,,,,,,,,,96051.2,100372.94,,,,,,,,,,,,0.0,0.0,0.0,,0.0,0.0,,0.0,0.0,0.0,0.0,0.0,0.0,,,,2434635.2221513013,4575811.9396
934,29.02514,41.10498,-76.8,-10.4,23.0,,,,,,,,,,,68.0,,,,,,,,,96544.21,10.0,0.0,26 (64QAM OR 256QAM OR 1024 QAM / Low SE -64QAM),79.0,256QAM,Rank3,10.0,LEVEL_1,,,,0,0,0,,0,0,,0,0,0,0,0,0,,,,2434637.91470621,4575806.3736
935,29.02514,41.10787,,,,,,,,,,,,,,,,,,,,,,,,,,,,,,,,,,,0.0,0.0,0.0,,0.0,0.0,,0.0,0.0,0.0,0.0,0.0,0.0,,,,2434530.764774731,4576128.0884
936,29.02517,41.09899,-128.3,-16.8,-6.8,-131.0,,,,,-19.6,,,,,68.0,40.0,,,,,,147.3,4158.08,,6.9,33.0,4 (QPSK OR 16QAM / Low SE -QPSK),195.0,QPSK,Rank1,6.9,LEVEL_16,22.5,,27.1,0,0,0,,0,0,,0,0,0,0,0,0,,,,2434862.497464865,4575139.5668
937,29.02517,41.10783,-96.0,-15.4,-0.6,-90.2,,,,,-11.5,,,,,59.0,30.0,,,,,,121.1,97356.81,82023.18,,,,,,Rank2,,,17.8,,8.8,0,0,0,,0,0,,0,0,0,0,0,0,,,,2434534.7641613004,4576123.6356
938,29.02518,41.10783,-86.6,-10.7,15.9,-95.0,,,,,-18.0,,,,,30.0,59.0,,,,,,105.2,94986.24,92981.77,7.5,0.0,23 (64QAM OR 256QAM OR 1024 QAM / Low SE -64QAM),89.0,256QAM,Rank3,7.5,LEVEL_1,17.5,,0.0,0,0,0,,0,0,,0,0,0,0,0,0,,,,2434535.602928055,4576123.6356
939,29.02519,41.10504,-77.2,-10.4,22.45,,,,,,,,,,,68.0,,,,,,,93.6,95114.1,,4.4,0.0,25 (64QAM OR 256QAM OR 1024 QAM / Low SE -64QAM),80.0,256QAM,Rank3,4.4,LEVEL_1,17.5,,0.0,0,0,0,,0,0,,0,0,0,0,0,0,,,,2434639.8842150895,4575813.052800001
940,29.0252,41.10499,-76.3,-10.4,21.6,,,,,,,,,,,68.0,,,,,,,92.1,96112.64,,6.1,0.0,24 (64QAM OR 256QAM OR 1024 QAM / Low SE -64QAM),82.0,256QAM,Rank3,6.1,LEVEL_1,17.5,,0.0,0,0,0,,0,0,,0,0,0,0,0,0,,,,2434642.576774074,4575807.4868
941,29.0252,41.10786,-87.65,-10.6,14.8,-93.85,,,,,-17.299999999999997,,,,,30.0,59.0,,,,,,104.4,95723.52,93197.02,11.7,0.0,22 (64QAM OR 256QAM / Low SE -16QAM),100.0,256QAM,Rank3,11.7,LEVEL_2,17.5,,1.1,0,0,0,,0,0,,0,0,0,0,0,0,,,,2434536.168144646,4576126.9752
942,29.02521,41.09891,,,,,,,,,,,,,,,,,,,,,,,,,,,,,,,,,,,0.0,0.0,0.0,,0.0,0.0,,0.0,0.0,0.0,0.0,0.0,0.0,,,,2434868.818635247,4575130.6612
943,29.02523,41.09898,-130.9,-19.3,-7.0,-133.2,,,,,-21.6,,,,,68.0,40.0,,,,,,147.9,,10446.66,,,,,,Rank1,,,22.5,,28.6,0,0,0,,0,0,,0,0,0,0,0,0,,,,2434867.901449852,4575138.4536
944,29.02523,41.10782,-98.3,-16.4,-0.3,-90.8,,,,,-11.5,,,,,59.0,30.0,,,,,,121.6,89047.04,,9.4,2.0,21 (64QAM OR 256QAM / Low SE -16QAM),88.0,64QAM,Rank2,9.4,LEVEL_4,18.2,,9.1,0,0,0,,0,0,,0,0,0,0,0,0,,,,2434540.1675343686,4576122.522399999
945,29.02524,41.10782,,,,,,,,,,,,,,,,,,,,,,,,,,,,,,,,,,,0.0,0.0,0.0,,0.0,0.0,,0.0,0.0,0.0,0.0,0.0,0.0,,,,2434541.0063012512,4576122.522399999
946,29.02525,41.10504,,,,,,,,,,,,,,,,,,,,,,95928.32,85063.34,,,,,,,,,,,,0.0,0.0,0.0,,0.0,0.0,,0.0,0.0,0.0,0.0,0.0,0.0,,,,2434644.91702945,4575813.052800001
947,29.02526,41.10786,,,,,,,,,,,,,,,,,,,,,,,,,,,,,,,,,,,0.0,0.0,0.0,,0.0,0.0,,0.0,0.0,0.0,0.0,0.0,0.0,,,,2434541.2007428743,4576126.9752
948,29.02529,41.0989,,,,,,,,,,,,,,,,,,,,,,,,,,,,,,,,,,,0.0,0.0,0.0,,0.0,0.0,,0.0,0.0,0.0,0.0,0.0,0.0,,,,2434875.9003879162,4575129.548
949,29.02529,41.09896,-131.2,-19.700000000000003,-9.05,-140.35,,,,,-28.0,,,,,68.0,40.0,,,,,,152.7,8949.76,6653.94,3.5,123.0,4 (QPSK OR 16QAM / Low SE -QPSK),257.0,QPSK,Rank1,3.5,LEVEL_16,22.5,,56.9,0,0,0,,0,0,,0,0,0,0,0,0,,,,2434873.6761438944,4575136.2272
950,29.02529,41.10782,-87.45,-10.850000000000001,11.3,-93.85,,,,,-16.2,,,,,30.0,59.0,,,,,,110.7,95544.21,93128.99,3.6,0.0,22 (64QAM OR 256QAM / Low SE -16QAM),92.0,256QAM,Rank3,3.6,LEVEL_1,17.5,,1.9,0,0,0,,0,0,,0,0,0,0,0,0,,,,2434545.200135662,4576122.522399999
951,29.02531,41.10504,-74.1,-10.4,22.1,,,,,,,,,,,68.0,,,,,,,91.9,95334.4,,5.6,0.0,25 (64QAM OR 256QAM OR 1024 QAM / Low SE -64QAM),78.0,256QAM,Rank3,5.6,LEVEL_1,17.5,,0.0,0,0,0,,0,0,,0,0,0,0,0,0,,,,2434649.949843811,4575813.052800001
952,29.02532,41.105,-75.4,-10.4,21.7,,,,,,,,,,,68.0,,,,,,,90.4,94858.38,88616.75,10.6,0.0,26 (64QAM OR 256QAM OR 1024 QAM / Low SE -64QAM),79.0,256QAM,Rank3,10.6,LEVEL_1,17.5,,0.0,0,0,0,,0,0,,0,0,0,0,0,0,,,,2434652.2716577565,4575808.6
953,29.02532,41.10787,-89.65,-11.0,9.15,-96.1,,,,,-14.55,,,,,30.0,59.0,,,,,,110.3,95354.88,93410.62,9.6,0.0,22 (64QAM OR 256QAM / Low SE -16QAM),98.0,256QAM,Rank3,9.6,LEVEL_2,17.5,,0.0,0,0,0,,0,0,,0,0,0,0,0,0,,,,2434545.8625671156,4576128.0884
954,29.02536,41.10782,-97.3,-14.15,2.1,-93.25,-99.65,,,,-11.85,-17.299999999999997,,,,59.0,30.0,76.0,,,,,119.5,98928.6,,12.2,0.0,25 (64QAM OR 256QAM OR 1024 QAM / Low SE -64QAM),37.0,256QAM,Rank4,12.2,LEVEL_1,18.1,,7.5,0,0,0,,0,0,,0,0,0,0,0,0,,,,2434551.0715038385,4576122.522399999
955,29.02538,41.10501,-77.3,-10.4,22.5,,,,,,,,,,,68.0,,,,,,,,95232.0,92963.8,7.2,0.0,25 (64QAM OR 256QAM OR 1024 QAM / Low SE -64QAM),79.0,256QAM,Rank3,7.2,LEVEL_1,,,,0,0,0,,0,0,,0,0,0,0,0,0,,,,2434656.9337216397,4575809.7132
956,29.0254,41.09895,-131.7,-19.8,-8.7,-134.7,,,,,-23.0,,,,,68.0,40.0,,,,,,152.4,3481.6,5765.55,0.9,81.0,3 (QPSK OR 16QAM / Low SE -QPSK),239.0,QPSK,Rank1,0.9,LEVEL_16,22.5,,47.1,0,0,0,,0,0,,0,0,0,0,0,0,,,,2434883.274533385,4575135.114
957,29.0254,41.10781,-92.25,-11.4,7.6,-95.75,,,,,-14.25,,,,,30.0,59.0,,,,,,111.8,96337.92,81657.37,9.3,0.0,21 (64QAM OR 256QAM / Low SE -16QAM),103.0,64QAM,Rank3,9.3,LEVEL_2,17.5,,0.0,0,0,0,,0,0,,0,0,0,0,0,0,,,,2434554.797346006,4576121.4092
958,29.02542,41.10506,-74.9,-10.4,25.0,-155.9,,,,,-43.0,,,,,68.0,3.0,,,,,,88.7,95658.34,92937.82,5.0,0.0,23 (64QAM OR 256QAM OR 1024 QAM / Low SE -64QAM),88.0,256QAM,Rank3,5.0,LEVEL_1,17.5,,0.0,0,0,0,,0,0,,0,0,0,0,0,0,,,,2434658.435161363,4575815.2792
959,29.02543,41.10782,-93.0,-13.5,1.2,-94.2,-102.0,,,,-12.9,-17.3,,,,59.0,30.0,76.0,,,,,111.6,88802.51,,6.9,0.0,22 (64QAM OR 256QAM / Low SE -16QAM),37.0,256QAM,Rank3,6.9,LEVEL_1,18.2,,7.0,0,0,0,,0,0,,0,0,0,0,0,0,,,,2434556.942872015,4576122.522399999
960,29.02544,41.10502,-77.9,-10.4,23.1,,,,,,,,,,,68.0,,,,,,,93.4,95298.43,,6.2,0.0,24 (64QAM OR 256QAM OR 1024 QAM / Low SE -64QAM),84.0,256QAM,Rank3,6.2,LEVEL_1,17.5,,0.0,0,0,0,,0,0,,0,0,0,0,0,0,,,,2434661.5957839154,4575810.826400001
961,29.02544,41.10787,-92.35,-11.7,5.75,-95.7,,,,,-13.9,,,,,30.0,59.0,,,,,,110.4,95969.28,92912.61,9.3,0.0,20 (64QAM OR 256QAM / Low SE -16QAM),112.0,64QAM,Rank3,9.3,LEVEL_2,17.5,,0.0,0,0,0,,0,0,,0,0,0,0,0,0,,,,2434555.9277620385,4576128.0884
962,29.02546,41.10781,,,,,,,,,,,,,,,,,,,,,,,,,,,,,,,,,,,0.0,0.0,0.0,,0.0,0.0,,0.0,0.0,0.0,0.0,0.0,0.0,,,,2434559.8299480663,4576121.4092
963,29.02547,41.10507,,,,,,,,,,,,,,,,,,,,,,95841.38,92913.83,,,,,,,,,,,,0.0,0.0,0.0,,0.0,0.0,,0.0,0.0,0.0,0.0,0.0,0.0,,,,2434662.2584169153,4575816.392399999
964,29.02548,41.09889,,,,,,,,,,,,,,,,,,,,,,,,,,,,,,,,,,,0.0,0.0,0.0,,0.0,0.0,,0.0,0.0,0.0,0.0,0.0,0.0,,,,2434892.2098329533,4575128.4348
965,29.02549,41.10781,-94.2,-13.6,0.1,-92.3,-98.5,,,,-12.8,-17.5,,,,59.0,30.0,76.0,,,,,113.9,59860.41,90915.88,4.0,0.0,17 (64QAM OR 256QAM / Low SE -16QAM),41.0,64QAM,Rank4,4.0,LEVEL_1,17.9,,9.5,0,0,0,,0,0,,0,0,0,0,0,0,,,,2434562.3462490966,4576121.4092
966,29.0255,41.10787,,,,,,,,,,,,,,,,,,,,,,,,,,,,,,,,,,,0.0,0.0,0.0,,0.0,0.0,,0.0,0.0,0.0,0.0,0.0,0.0,,,,2434560.9603595003,4576128.0884
967,29.02551,41.09895,-135.5,-23.3,-8.3,-136.9,,,,,-25.0,,,,,68.0,40.0,,,,,,153.1,4874.24,,0.5,83.0,4 (QPSK OR 16QAM / Low SE -QPSK),263.0,QPSK,Rank1,0.5,LEVEL_16,22.5,,52.3,0,0,0,,0,0,,0,0,0,0,0,0,,,,2434892.5022153533,4575135.114
968,29.02551,41.1078,-91.6,-12.0,6.55,-94.4,,,,,-16.35,,,,,30.0,59.0,,,,,,110.6,95969.28,103304.91,8.4,0.0,21 (64QAM OR 256QAM / Low SE -16QAM),95.0,256QAM,Rank3,8.4,LEVEL_2,17.5,,0.0,0,0,0,,0,0,,0,0,0,0,0,0,,,,2434564.394559086,4576120.296
969,29.02553,41.10507,-75.6,-10.4,26.7,-142.85,-86.5,,,,-38.5,-20.7,,,,68.0,3.0,76.0,,,,,94.6,95605.65,,11.8,0.0,26 (64QAM OR 256QAM OR 1024 QAM / Low SE -64QAM),81.0,256QAM,Rank3,11.8,LEVEL_1,17.5,,0.0,0,0,0,,0,0,,0,0,0,0,0,0,,,,2434667.2912289766,4575816.392399999
970,29.02555,41.10781,,,,,,,,,,,,,,,,,,,,,,,,8.2,0.0,17 (64QAM OR 256QAM / Low SE -16QAM),109.0,64QAM,Rank4,8.2,LEVEL_1,,,,0,0,0,,0,0,,0,0,0,0,0,0,,,,2434567.3788511567,4576121.4092
971,29.02556,41.10504,-75.85,-10.4,26.700000000000003,-86.2,,,,,-20.7,,,,,68.0,76.0,,,,,,100.9,96189.52,94558.77,5.9,0.0,23 (64QAM OR 256QAM OR 1024 QAM / Low SE -64QAM),87.0,256QAM,Rank3,5.9,LEVEL_1,17.5,,0.0,0,0,0,,0,0,,0,0,0,0,0,0,,,,2434670.9199036467,4575813.052800001
972,29.02556,41.10779,,,,,,,,,,,,,,,,,,,,,109.2,95912.87,,,,,,,Rank3,,,17.5,,0.9,0,0,0,,0,0,,0,0,0,0,0,0,,,,2434568.9591713087,4576119.1828000005
973,29.02556,41.10787,-90.65,-12.0,5.2,-92.44999999999999,-94.5,,,,-14.9,-17.0,,,,30.0,59.0,76.0,,,,,109.7,96378.88,93039.01,9.6,0.0,20 (64QAM OR 256QAM / Low SE -16QAM),108.0,64QAM,Rank3,9.6,LEVEL_2,17.5,,0.7,0,0,0,,0,0,,0,0,0,0,0,0,,,,2434565.992956962,4576128.0884
974,29.02557,41.09889,,,,,,,,,,,,,,,,,,,,,,,,,,,,,,,,,,,0.0,0.0,0.0,,0.0,0.0,,0.0,0.0,0.0,0.0,0.0,0.0,,,,2434899.75976146,4575128.4348
975,29.02557,41.09895,-135.2,-22.9,-12.0,,,,,,,,,,,68.0,,,,,,,152.4,,4829.57,,,,,,Rank1,,,22.5,,50.0,0,0,0,,0,0,,0,0,0,0,0,0,,,,2434897.5354964267,4575135.114
976,29.02558,41.10508,,,,,,,,,,,,,,,,,,,,,,95719.77,92805.24,,,,,,,,,,,,0.0,0.0,0.0,,0.0,0.0,,0.0,0.0,0.0,0.0,0.0,0.0,,,,2434671.114482411,4575817.5056
977,29.02561,41.10778,-90.69999999999999,-12.25,3.8499999999999996,-90.2,-95.15,,,,-14.0,-16.75,,,,30.0,59.0,76.0,,,,,105.9,95907.84,93093.89,7.9,0.0,21 (64QAM OR 256QAM / Low SE -16QAM),106.0,64QAM,Rank3,7.9,LEVEL_2,17.5,,1.3,0,0,0,,0,0,,0,0,0,0,0,0,,,,2434573.5237847343,4576118.0696
978,29.02561,41.10781,-90.55,-13.4,2.25,-92.5,-96.6,,,,-13.45,-16.05,,,,59.0,30.0,76.0,,,,,108.8,96046.16,103138.88,8.8,0.0,18 (64QAM OR 256QAM / Low SE -16QAM),120.0,64QAM,Rank4,8.8,LEVEL_1,17.8,,9.0,0,0,0,,0,0,,0,0,0,0,0,0,,,,2434572.4114532173,4576121.4092
979,29.02562,41.10505,-76.0,-10.4,26.2,-85.2,,,,,-20.4,,,,,68.0,76.0,,,,,,,,93397.32,7.4,0.0,25 (64QAM OR 256QAM OR 1024 QAM / Low SE -64QAM),87.0,256QAM,Rank3,7.4,LEVEL_1,,,,0,0,0,,0,0,,0,0,0,0,0,0,,,,2434675.5819611023,4575814.166
980,29.02563,41.10509,-75.8,-10.4,27.1,-126.85,-86.65,,,,-31.25,-20.5,,,,68.0,3.0,76.0,,,,,101.6,96097.2,,7.3,0.0,25 (64QAM OR 256QAM OR 1024 QAM / Low SE -64QAM),79.0,256QAM,Rank4,7.3,LEVEL_1,17.5,,0.0,0,0,0,,0,0,,0,0,0,0,0,0,,,,2434674.9377344935,4575818.618799999
981,29.02564,41.09895,-135.2,-22.8,-9.3,,,,,,,,,,,68.0,,,,,,,154.8,3235.87,,15.3,127.0,6 (QPSK OR 16QAM OR 64QAM / Low SE -QPSK),258.0,QPSK,Rank1,15.3,LEVEL_16,22.5,,56.0,0,0,0,,0,0,,0,0,0,0,0,0,,,,2434903.407657679,4575135.114
982,29.02566,41.0989,,,,,,,,,,,,,,,,,,,,,,,,,,,,,,,,,,,0.0,0.0,0.0,,0.0,0.0,,0.0,0.0,0.0,0.0,0.0,0.0,,,,2434906.9389781645,4575129.548
983,29.02568,41.10506,-78.5,-10.4,27.2,-88.2,,,,,-20.2,,,,,68.0,76.0,,,,,,96.7,96701.48,,15.0,0.0,26 (64QAM OR 256QAM OR 1024 QAM / Low SE -64QAM),82.0,256QAM,Rank3,15.0,LEVEL_1,17.5,,0.0,0,0,0,,0,0,,0,0,0,0,0,0,,,,2434680.2440169505,4575815.2792
984,29.02569,41.09896,-132.4,-20.3,-10.3,,,,,,,,,,,68.0,,,,,,,151.3,,1448.09,,,,,,Rank1,,,22.5,,60.9,0,0,0,,0,0,,0,0,0,0,0,0,,,,2434907.2313459427,4575136.2272
985,29.02569,41.10786,-89.9,-12.05,2.05,-92.94999999999999,-95.25,,,,-14.65,-15.15,,,,30.0,59.0,76.0,,,,,110.4,96071.68,93250.66,6.8,0.0,22 (64QAM OR 256QAM / Low SE -16QAM),124.0,256QAM,Rank2,6.8,LEVEL_2,17.5,,1.2,0,0,0,,0,0,,0,0,0,0,0,0,,,,2434577.267696842,4576126.9752
986,29.02572,41.1078,-90.3,-13.05,1.2000000000000002,-93.5,-95.3,,,,-14.2,-14.5,,,,30.0,59.0,76.0,,,,,110.6,96527.3,93307.02,11.4,0.0,23 (64QAM OR 256QAM OR 1024 QAM / Low SE -64QAM),121.0,256QAM,Rank2,11.4,LEVEL_2,17.5,,0.7,0,0,0,,0,0,,0,0,0,0,0,0,,,,2434582.008668979,4576120.296
987,29.02573,41.10511,-74.25,-10.4,25.35,-88.95,,,,,-22.8,,,,,68.0,76.0,,,,,,92.3,96414.78,92670.26,11.9,0.0,27 (64QAM OR 256QAM / Low SE -64QAM),73.0,256QAM,Rank3,11.9,LEVEL_1,17.5,,0.0,0,0,0,,0,0,,0,0,0,0,0,0,,,,2434682.5842346037,4575820.8452
988,29.02574,41.1078,-90.94999999999999,-12.75,1.55,-93.2,-103.5,-94.5,,,-14.75,-21.3,-15.3,,,59.0,30.0,48.0,76.0,,,,113.3,96461.44,74922.69,6.3,0.0,15 (16QAM OR 64QAM OR 256QAM / Low SE -16QAM),116.0,64QAM,Rank4,6.3,LEVEL_1,17.5,,8.0,0,0,0,,0,0,,0,0,0,0,0,0,,,,2434583.686203255,4576120.296
989,29.02575,41.09891,,,,,,,,,,,,,,,,,,,,,,,,,,,,,,,,,,,0.0,0.0,0.0,,0.0,0.0,,0.0,0.0,0.0,0.0,0.0,0.0,,,,2434914.118192496,4575130.6612
990,29.02575,41.09896,-135.4,-23.0,-9.850000000000001,,,,,,,,,,,68.0,,,,,,,154.2,2519.04,346.71,7.3,113.0,4 (QPSK OR 16QAM / Low SE -QPSK),238.0,QPSK,Rank1,7.3,LEVEL_16,22.5,,45.8,0,0,0,,0,0,,0,0,0,0,0,0,,,,2434912.2646262497,4575136.2272
991,29.02576,41.10785,,,,,,,,,,,,,,,,,,,,,,,,,,,,,,,,,,,0.0,0.0,0.0,,0.0,0.0,,0.0,0.0,0.0,0.0,0.0,0.0,,,,2434583.509840975,4576125.862
992,29.02577,41.1078,,,,,,,,,,,,,,,,,,,,,113.7,96148.56,,,,,,,Rank3,,,17.5,,0.6,0,0,0,,0,0,,0,0,0,0,0,0,,,,2434586.2025046684,4576120.296
993,29.02578,41.10508,-74.4,-10.4,24.45,-86.15,,,,,-18.85,,,,,68.0,76.0,,,,,,90.5,97018.84,93790.76,3.6,0.0,23 (64QAM OR 256QAM OR 1024 QAM / Low SE -64QAM),92.0,256QAM,Rank3,3.6,LEVEL_1,17.5,,0.0,0,0,0,,0,0,,0,0,0,0,0,0,,,,2434687.8905200614,4575817.5056
994,29.02578,41.10511,,,,,,,,,,,,,,,,,,,,,,95421.32,92934.54,,,,,,,,,,,,0.0,0.0,0.0,,0.0,0.0,,0.0,0.0,0.0,0.0,0.0,0.0,,,,2434686.7782421005,4575820.8452
995,29.0258,41.1078,,,,,,,,,,,,,,,,,,,,,,,,5.8,0.0,13 (16QAM OR 64QAM / Low SE -QPSK),128.0,64QAM,Rank4,5.8,LEVEL_1,,,,0,0,0,,0,0,,0,0,0,0,0,0,,,,2434588.718806082,4576120.296
996,29.02582,41.10512,-71.65,-10.4,26.9,-84.2,,,,,-19.15,,,,,68.0,76.0,,,,,,87.3,95498.24,,1.4,0.0,24 (64QAM OR 256QAM OR 1024 QAM / Low SE -64QAM),82.0,256QAM,Rank3,1.4,LEVEL_1,17.5,,0.0,0,0,0,,0,0,,0,0,0,0,0,0,,,,2434689.762688119,4575821.9584
997,29.02582,41.1078,-92.95,-14.100000000000001,0.30000000000000004,-92.6,-91.75,,,,-14.95,-13.05,,,,30.0,59.0,76.0,,,,,110.2,95595.62,90731.11,4.0,0.0,22 (64QAM OR 256QAM / Low SE -16QAM),118.0,256QAM,Rank3,4.0,LEVEL_2,17.5,,0.0,0,0,0,,0,0,,0,0,0,0,0,0,,,,2434590.396340357,4576120.296
998,29.02583,41.10508,-73.8,-10.4,24.3,,,,,,,,,,,68.0,,,,,,,,97034.24,94262.23,3.1,0.0,23 (64QAM OR 256QAM OR 1024 QAM / Low SE -64QAM),83.0,256QAM,Rank3,3.1,LEVEL_1,,,,0,0,0,,0,0,,0,0,0,0,0,0,,,,2434692.0845294734,4575817.5056
999,29.02583,41.10785,-93.25,-14.05,-0.15,-90.94999999999999,-92.55,,,,-13.600000000000001,-14.4,,,,30.0,59.0,76.0,,,,,110.7,96942.24,93136.6,7.2,0.0,24 (64QAM OR 256QAM OR 1024 QAM / Low SE -64QAM),125.0,256QAM,Rank2,7.2,LEVEL_1,17.5,,0.0,0,0,0,,0,0,,0,0,0,0,0,0,,,,2434589.3812064687,4576125.862
1000,29.02584,41.09892,,,,,,,,,,,,,,,,,,,,,,0.0,,,,,,,,,,,,,0.0,0.0,0.0,,0.0,0.0,,0.0,0.0,0.0,0.0,0.0,0.0,,,,2434921.297404453,4575131.7743999995
1001,29.02586,41.1078,-87.85,-12.65,2.3,-93.4,-90.25,,,,-16.5,-14.35,,,,59.0,30.0,76.0,,,,,108.3,96522.24,93501.93,13.1,0.0,15 (16QAM OR 64QAM OR 256QAM / Low SE -16QAM),131.0,64QAM,Rank4,13.1,LEVEL_1,17.5,,1.0,0,0,0,,0,0,,0,0,0,0,0,0,,,,2434593.7514089085,4576120.296
1002,29.02587,41.09897,-131.5,-19.4,-7.5,-133.7,,,,,-20.8,,,,,68.0,40.0,,,,,,153.7,1781.76,1705.92,4.9,48.0,4 (QPSK OR 16QAM / Low SE -QPSK),235.0,QPSK,Rank1,4.9,LEVEL_16,22.5,,48.7,0,0,0,,0,0,,0,0,0,0,0,0,,,,2434921.9604718597,4575137.3404
1003,29.02587,41.10781,,,,,,,,,,,,,,,,,,,,,,,,,,,,,,,,,,,0.0,0.0,0.0,,0.0,0.0,,0.0,0.0,0.0,0.0,0.0,0.0,,,,2434594.2193954787,4576121.4092
1004,29.02588,41.10509,-71.6,-10.4,25.2,,,,,,,,,,,68.0,,,,,,,88.9,97259.52,,8.2,0.0,22 (64QAM OR 256QAM / Low SE -16QAM),77.0,256QAM,Rank4,8.2,LEVEL_1,17.5,,0.0,0,0,0,,0,0,,0,0,0,0,0,0,,,,2434695.9077783627,4575818.618799999
1005,29.02591,41.10782,-89.6,-13.8,-0.85,-91.0,-90.05000000000001,,,,-15.799999999999999,-13.1,,,,30.0,59.0,76.0,,,,,109.0,96588.74,94672.4,9.9,0.0,23 (64QAM OR 256QAM OR 1024 QAM / Low SE -64QAM),125.0,256QAM,Rank3,9.9,LEVEL_2,17.5,,0.6,0,0,0,,0,0,,0,0,0,0,0,0,,,,2434597.2036823654,4576122.522399999
1006,29.02592,41.10514,-71.85,-10.4,27.7,-83.2,,,,,-19.0,,,,,68.0,76.0,,,,,,87.4,95493.23,92662.19,3.5,0.0,23 (64QAM OR 256QAM OR 1024 QAM / Low SE -64QAM),91.0,256QAM,Rank3,3.5,LEVEL_1,17.5,,1.5,0,0,0,,0,0,,0,0,0,0,0,0,,,,2434697.4091790984,4575824.1848
1007,29.02595,41.10784,-92.1,-14.9,-3.3,-91.5,-91.5,,,,-13.9,-13.3,,,,30.0,59.0,76.0,,,,,114.6,95140.13,93489.7,8.4,0.0,23 (64QAM OR 256QAM OR 1024 QAM / Low SE -64QAM),122.0,256QAM,Rank2,8.4,LEVEL_4,17.5,,0.0,0,0,0,,0,0,,0,0,0,0,0,0,,,,2434599.817186344,4576124.7488
1008,29.02597,41.10514,,,,,,,,,,,,,,,,,,,,,,95170.56,110398.38,,,,,,,,,,,,0.0,0.0,0.0,,0.0,0.0,,0.0,0.0,0.0,0.0,0.0,0.0,,,,2434701.603184679,4575824.1848
1009,29.02598,41.09899,-136.0,-23.8,-11.55,-133.5,,,,,-20.9,,,,,68.0,40.0,,,,,,155.0,450.56,,33.3,13.0,9 (QPSK OR 16QAM OR 64QAM / Low SE -QPSK),261.0,QPSK,Rank1,33.3,LEVEL_16,22.5,,33.3,0,0,0,,0,0,,0,0,0,0,0,0,,,,2434930.446717977,4575139.5668
1010,29.02598,41.1051,-70.8,-10.350000000000001,28.65,,,,,,,,,,,68.0,,,,,,,86.2,97141.73,93789.11,5.4,0.0,21 (64QAM OR 256QAM / Low SE -16QAM),78.0,256QAM,Rank4,5.4,LEVEL_1,17.5,,0.0,0,0,0,,0,0,,0,0,0,0,0,0,,,,2434703.9250340355,4575819.732
1011,29.02598,41.10782,-91.9,-15.25,-2.55,-91.05000000000001,-90.19999999999999,,,,-14.5,-12.25,,,,30.0,59.0,76.0,,,,,113.9,96291.91,93309.01,14.7,0.0,24 (64QAM OR 256QAM OR 1024 QAM / Low SE -64QAM),124.0,256QAM,Rank3,14.7,LEVEL_2,17.5,,1.2,0,0,0,,0,0,,0,0,0,0,0,0,,,,2434603.0750505417,4576122.522399999
1012,29.02599,41.1078,-86.6,-13.1,3.15,-93.65,-88.3,,,,-17.9,-13.25,,,,59.0,30.0,76.0,,,,,105.6,96890.88,93585.67,17.8,0.0,17 (64QAM OR 256QAM / Low SE -16QAM),117.0,64QAM,Rank4,17.8,LEVEL_1,17.5,,3.0,0,0,0,,0,0,,0,0,0,0,0,0,,,,2434604.6553816996,4576120.296
1013,29.02601,41.09894,,,,,,,,,,,,,,,,,,,,,,0.0,,,,,,,,,,,,,0.0,0.0,0.0,,0.0,0.0,,0.0,0.0,0.0,0.0,0.0,0.0,,,,2434934.8169409432,4575134.0008
1014,29.02602,41.10515,-70.0,-10.4,27.4,,,,,,,,,,,68.0,,,,,,,87.9,95784.96,,8.7,0.0,21 (64QAM OR 256QAM / Low SE -16QAM),75.0,256QAM,Rank4,8.7,LEVEL_1,17.5,,0.0,0,0,0,,0,0,,0,0,0,0,0,0,,,,2434705.426427503,4575825.298
1015,29.02602,41.10785,-92.4,-15.45,-6.6,-92.5,-89.1,,,,-16.2,-12.0,,,,59.0,30.0,76.0,,,,5.0,120.2,49380.52,,11.6,0.0,22 (64QAM OR 256QAM / Low SE -16QAM),138.0,256QAM,Rank2,11.6,LEVEL_2,17.6,-1.0,1.8,0,0,0,17.0,0,0,,0,0,0,0,0,0, BCCH-DL_SCH SIB1,,,2434605.317769951,4576125.862
1016,29.02603,41.10511,-70.8,-10.4,29.1,,,,,,,,,,,68.0,,,,,,,,97382.4,94963.33,13.8,0.0,21 (64QAM OR 256QAM / Low SE -16QAM),86.0,256QAM,Rank4,13.8,LEVEL_1,,,,0,0,0,,0,0,,0,0,0,0,0,0,,,,2434707.7482795827,4575820.8452
1017,29.02604,41.099,-137.5,-25.2,-9.9,-132.2,,,,,-19.4,,,,,68.0,40.0,,,,,,,,3768.54,,,,,,Rank1,,,,,,0,0,0,,0,0,,0,0,0,0,0,0,,,,2434935.109278587,4575140.68
1018,29.02604,41.10782,-91.45,-15.55,-1.5499999999999998,-90.95,-91.1,,,,-14.15,-13.8,,,,30.0,59.0,76.0,,,,,109.2,96706.56,93460.3,5.3,0.0,23 (64QAM OR 256QAM OR 1024 QAM / Low SE -64QAM),125.0,256QAM,Rank2,5.3,LEVEL_2,17.5,,2.8,0,0,0,,0,0,,0,0,0,0,0,0,,,,2434608.1076518353,4576122.522399999
1019,29.02606,41.10783,,,,,,,,,,,,,,,,,,,,,,,,,,,,,,,,,,,0.0,0.0,0.0,,0.0,0.0,,0.0,0.0,0.0,0.0,0.0,0.0,,,,2434609.414402457,4576123.6356
1020,29.02608,41.10512,-72.4,-10.4,27.2,,,,,,,,,,,68.0,,,,,,,88.6,96773.07,,12.3,0.0,23 (64QAM OR 256QAM OR 1024 QAM / Low SE -64QAM),71.0,256QAM,Rank4,12.3,LEVEL_1,17.5,,0.0,0,0,0,,0,0,,0,0,0,0,0,0,,,,2434711.5715237795,4575821.9584
1021,29.02608,41.10784,-94.55,-17.05,-6.05,-91.75,-91.4,,,,-13.350000000000001,-13.1,,,,30.0,59.0,76.0,,,,,115.5,96189.52,93381.44,23.8,0.0,24 (64QAM OR 256QAM OR 1024 QAM / Low SE -64QAM),94.0,256QAM,Rank4,23.8,LEVEL_1,17.9,,11.6,0,0,0,,0,0,,0,0,0,0,0,0,,,,2434610.7211524923,4576124.7488
1022,29.02608,41.10785,-91.4,-15.6,-0.2,-94.1,-88.7,,,,-17.1,-12.3,,,,59.0,30.0,76.0,,,,,111.0,118559.36,71420.84,2.3,0.0,14 (16QAM OR 64QAM / Low SE -QPSK),130.0,64QAM,Rank2,2.3,LEVEL_1,18.0,,9.0,0,0,0,,0,0,,0,0,0,0,0,0, BCCH-BCH MIB,,,2434610.350368946,4576125.862
1023,29.0261,41.09896,,,,,,,,,,,,,,,,,,,,,,0.0,,,,,,,,,,,,,0.0,0.0,0.0,,0.0,0.0,,0.0,0.0,0.0,0.0,0.0,0.0,,,,2434941.625428042,4575136.2272
1024,29.0261,41.09902,-131.4,-19.9,-4.5,-135.9,,,,,-23.1,,,,,68.0,40.0,,,,,,148.2,2007.04,,1.4,82.0,5 (QPSK OR 16QAM / Low SE -QPSK),233.0,QPSK,Rank1,1.4,LEVEL_16,22.5,,49.7,0,0,0,,0,0,,0,0,0,0,0,0,,,,2434939.401119278,4575142.906400001
1025,29.02611,41.10781,-89.1,-13.6,4.25,-94.9,-93.35,-88.1,,,-18.25,-17.3,-12.2,,,59.0,30.0,76.0,76.0,,,,109.4,95969.28,93301.18,1.7,0.0,27 (64QAM OR 256QAM / Low SE -64QAM),105.0,256QAM,Rank2,1.7,LEVEL_2,17.5,,0.0,0,0,0,,0,0,,0,0,0,0,0,0,,,,2434614.3498037197,4576121.4092
1026,29.02611,41.10783,-93.1,-16.35,-3.9000000000000004,-89.6,-91.4,,,,-12.75,-14.100000000000001,,,,30.0,59.0,76.0,,,,,121.0,100715.36,93256.59,5.6,4.0,16 (16QAM OR 64QAM OR 256QAM / Low SE -16QAM),103.0,64QAM,Rank4,5.6,LEVEL_1,18.1,,7.4,0,0,0,,0,0,,0,0,0,0,0,0,,,,2434613.6082362295,4576123.6356
1027,29.02612,41.10516,-72.0,-10.4,29.0,,,,,,,,,,,68.0,,,,,,,91.0,96849.92,78433.59,10.4,0.0,25 (64QAM OR 256QAM OR 1024 QAM / Low SE -64QAM),30.0,256QAM,Rank4,10.4,LEVEL_1,17.5,,0.0,0,0,0,,0,0,,0,0,0,0,0,0,,,,2434713.443673279,4575826.4112
1028,29.02613,41.10783,-92.05000000000001,-14.65,-2.95,-91.3,-92.1,,,,-13.7,-14.25,,,,30.0,59.0,76.0,,,,,111.9,97090.59,89716.66,10.7,0.0,19 (64QAM OR 256QAM / Low SE -16QAM),48.0,64QAM,Rank4,10.7,LEVEL_1,17.8,,7.5,0,0,0,,0,0,,0,0,0,0,0,0,,,,2434615.2857697387,4576123.6356
1029,29.02614,41.10783,-91.9,-15.5,-1.9,-119.4,-89.35,-93.15,,,-28.8,-13.05,-14.7,,,30.0,48.0,59.0,76.0,,,,109.9,96373.82,97286.98,16.9,1.0,18 (64QAM OR 256QAM / Low SE -16QAM),126.0,64QAM,Rank4,16.9,LEVEL_1,18.3,,9.8,0,0,0,,0,0,,0,0,0,0,0,0,,,,2434616.1245364933,4576123.6356
1030,29.02614,41.10786,,,,,,,,,,,,,,59.0,,,,,,,,,,,,,,,,,,,,,0,0,0,,0,0,,0,0,0,0,0,0, BCCH-DL_SCH SIB1,,,2434615.012183552,4576126.9752
1031,29.02615,41.10782,-92.35,-16.3,-2.35,-89.95,-88.75,,,,-14.55,-12.4,,,,30.0,59.0,76.0,,,,,109.1,97525.76,92779.0,14.5,0.0,18 (64QAM OR 256QAM / Low SE -16QAM),131.0,64QAM,Rank4,14.5,LEVEL_1,17.7,,9.0,0,0,0,,0,0,,0,0,0,0,0,0,,,,2434617.334087541,4576122.522399999
1032,29.02616,41.1078,-93.65,-15.1,-3.2,-90.85,-92.9,,,,-12.45,-14.5,,,,30.0,59.0,76.0,,,,,116.4,96256.0,93066.05,14.0,0.0,17 (64QAM OR 256QAM / Low SE -16QAM),130.0,64QAM,Rank4,14.0,LEVEL_1,17.9,,7.0,0,0,0,,0,0,,0,0,0,0,0,0,,,,2434618.914423042,4576120.296
1033,29.02616,41.10781,-91.05,-15.05,-2.8,-90.8,-88.65,,,,-13.2,-13.600000000000001,,,,30.0,59.0,76.0,,,,,108.4,94786.41,93479.38,12.0,0.0,17 (64QAM OR 256QAM / Low SE -16QAM),132.0,64QAM,Rank3,12.0,LEVEL_1,17.5,,10.5,0,0,0,,0,0,,0,0,0,0,0,0,,,,2434618.54363877,4576121.4092
1034,29.02617,41.09904,-127.7,-16.2,-7.0,,,,,,,,,,,68.0,,,,,,,,,99.17,,,,,,Rank1,,,,,,0,0,0,,0,0,,0,0,0,0,0,0,,,,2434944.5318356366,4575145.1328
1035,29.02617,41.1078,-89.475,-15.0,-1.95,-87.325,-89.8,,,,-12.55,-15.075,,,,30.0,59.0,76.0,,,,,112.4,95738.98,93083.06,12.7,2.0,16 (16QAM OR 64QAM OR 256QAM / Low SE -16QAM),130.0,64QAM,Rank4,12.7,LEVEL_1,18.1,,7.2,0,0,0,,0,0,,0,0,0,0,0,0,,,,2434619.75319018,4576120.296
1036,29.02617,41.10781,,,,,,,,,,,,,,,,,,,,,,,,3.7,0.0,27 (64QAM OR 256QAM / Low SE -64QAM),103.0,256QAM,Rank2,3.7,LEVEL_1,,,,0,0,0,,0,0,,0,0,0,0,0,0,,,,2434619.38240578,4576121.4092
1037,29.02618,41.10777,,,,,,,,,,,,,,,,,,,,,,,,,,,,,,,,,,,0.0,0.0,0.0,,0.0,0.0,,0.0,0.0,0.0,0.0,0.0,0.0,,,,2434621.7043104563,4576116.9564000005
1038,29.02618,41.10778,-95.35,-17.55,-4.2,-89.35,-94.0,,,,-11.85,-15.8,,,,30.0,59.0,76.0,,,,,115.1,95089.92,93202.98,7.5,1.0,15 (16QAM OR 64QAM OR 256QAM / Low SE -16QAM),144.0,64QAM,Rank4,7.5,LEVEL_1,18.3,,9.7,0,0,0,,0,0,,0,0,0,0,0,0,,,,2434621.333526151,4576118.0696
1039,29.02619,41.09899,,,,,,,,,,,,,,,,,,,,,,,,0.0,1.0,0 (QPSK),36.0,QPSK,Rank1,0.0,,,,,0,0,0,,0,0,,0,0,0,0,0,0,,,,2434948.063191006,4575139.5668
1040,29.02619,41.10772,-93.4,-12.9,2.9499999999999997,-98.75,-94.69999999999999,,,,-17.25,-13.45,,,,59.0,30.0,76.0,,,,,112.3,97978.03,80074.48,10.5,0.0,22 (64QAM OR 256QAM / Low SE -16QAM),63.0,256QAM,Rank2,10.5,LEVEL_2,18.0,,11.5,0,0,0,,0,0,,0,0,0,0,0,0, UL-DCCH RRCReconfigurationComplete,,,2434624.3969990313,4576111.3904
1041,29.02619,41.10775,-94.40000000000002,-15.700000000000003,-4.466666666666666,-91.66666666666667,-95.93333333333334,,,,-13.333333333333334,-16.833333333333332,,,,59.0,30.0,76.0,,,,4.0,119.0,119623.71,93740.38,4.9,0.0,21 (64QAM OR 256QAM / Low SE -16QAM),67.0,256QAM,Rank2,4.9,LEVEL_1,18.5,2.0,4.6,0,0,0,8.0,0,0,,0,0,0,0,0,0, BCCH-DL_SCH SIB1,,,2434623.2846466214,4576114.73
1042,29.0262,41.10513,-75.5,-10.4,23.8,,,,,,,,,,,68.0,,,,,,,93.5,97505.28,93608.67,10.3,0.0,24 (64QAM OR 256QAM OR 1024 QAM / Low SE -64QAM),71.0,256QAM,Rank4,10.3,LEVEL_1,17.5,,0.5,0,0,0,,0,0,,0,0,0,0,0,0,,,,2434721.2663753307,4575823.0716
1043,29.0262,41.10767,-95.5,-13.0,1.3,-99.1,-96.4,,,,-17.3,-13.5,,,,59.0,30.0,76.0,,,,,115.9,96441.15,107160.99,8.8,0.0,17 (64QAM OR 256QAM / Low SE -16QAM),137.0,64QAM,Rank2,8.8,LEVEL_2,18.3,,8.8,0,0,0,,0,0,,0,0,0,0,0,0,,,,2434627.089687029,4576105.8244
1044,29.02621,41.10517,-74.95,-10.4,25.15,,,,,,,,,,,68.0,,,,,,,96.5,97479.69,94697.89,7.2,0.0,26 (64QAM OR 256QAM OR 1024 QAM / Low SE -64QAM),32.0,256QAM,Rank3,7.2,LEVEL_1,17.5,,0.0,0,0,0,,0,0,,0,0,0,0,0,0,,,,2434720.6221156926,4575827.5244
1045,29.02621,41.10764,-98.0,-13.9,3.0,-103.0,-97.3,,,,-19.0,-12.9,,,,59.0,30.0,76.0,,,,,,,,,,,,,,,,,,,0.0,0.0,0.0,,0.0,0.0,,0.0,0.0,0.0,0.0,0.0,0.0,,,,2434629.0408072234,4576102.484800001
1046,29.02621,41.10787,-91.0,-13.75,1.35,-93.30000000000001,-91.9,,,,-16.55,-13.95,,,,59.0,30.0,76.0,,,,,106.5,96456.86,115802.21,5.1,3.0,19 (64QAM OR 256QAM / Low SE -16QAM),118.0,64QAM,Rank3,5.1,LEVEL_1,17.7,,3.6,0,0,0,,0,0,,0,0,0,0,0,0, UL-DCCH RRCReconfigurationComplete,,,2434620.5127627957,4576128.0884
1047,29.02622,41.10754,-98.8,-12.5,2.5,-102.1,,,,,-15.6,,,,,59.0,76.0,,,,,,117.0,96527.3,,8.1,0.0,15 (16QAM OR 64QAM OR 256QAM / Low SE -16QAM),165.0,64QAM,Rank2,8.1,LEVEL_2,18.8,,7.5,0,0,0,,0,0,,0,0,0,0,0,0,,,,2434633.587410849,4576091.3528
1048,29.02622,41.1076,-98.44999999999999,-13.0,3.25,-102.25,-98.1,,,,-17.1,-13.0,,,,59.0,76.0,76.0,,,,,116.9,97495.06,94100.21,16.3,0.0,18 (64QAM OR 256QAM / Low SE -16QAM),172.0,64QAM,Rank2,16.3,LEVEL_2,18.6,,12.2,0,0,0,,0,0,,0,0,0,0,0,0,,,,2434631.3627110724,4576098.032
1049,29.02623,41.09906,-135.4,-22.7,-6.4,,,,,,,,,,,68.0,,,,,,,146.2,1044.48,694.26,4.4,39.0,6 (QPSK OR 16QAM OR 64QAM / Low SE -QPSK),221.0,QPSK,Rank1,4.4,LEVEL_16,22.5,,50.4,0,0,0,,0,0,,0,0,0,0,0,0,,,,2434948.8236693474,4575147.3592
1050,29.02623,41.1075,-98.0,-12.6,2.0,-102.4,-101.9,,,,-16.1,-15.2,,,,59.0,30.0,76.0,,,,,117.3,96835.47,93895.34,,,,,,Rank2,,,19.4,,9.7,0,0,0,,0,0,,0,0,0,0,0,0,,,,2434635.90931352,4576086.9
1051,29.02623,41.10782,-87.25,-11.45,6.9,-93.45,-91.5,,,,-17.6,-14.55,,,,59.0,30.0,76.0,,,,,110.1,96374.52,93050.06,1.0,0.0,27 (64QAM OR 256QAM / Low SE -64QAM),103.0,256QAM,Rank2,1.0,LEVEL_1,17.5,,0.0,0,0,0,,0,0,,0,0,0,0,0,0,,,,2434624.0442225994,4576122.522399999
1052,29.02624,41.10518,,,,,,,,,,,,,,,,,,,,,,98242.56,93841.16,,,,,,Rank4,,,,,,0,0,0,,0,0,,0,0,0,0,0,0,,,,2434722.7677521026,4575828.6376
1053,29.02624,41.10743,-98.5,-12.7,3.5,-104.8,-100.0,,,,-18.7,-14.8,,,,59.0,30.0,76.0,,,,,117.6,96803.88,94055.05,8.9,0.0,15 (16QAM OR 64QAM OR 256QAM / Low SE -16QAM),168.0,64QAM,Rank2,8.9,LEVEL_2,19.4,,8.5,0,0,0,,0,0,,0,0,0,0,0,0,,,,2434639.3435639,4576079.1076
1054,29.02624,41.10746,-99.2,-13.1,2.2,-103.1,-100.9,,,,-16.3,-14.7,,,,59.0,30.0,76.0,,,,,117.1,97131.55,,10.2,0.0,16 (16QAM OR 64QAM OR 256QAM / Low SE -16QAM),168.0,64QAM,Rank2,10.2,LEVEL_2,19.9,,8.4,0,0,0,,0,0,,0,0,0,0,0,0,,,,2434638.2312160265,4576082.4472
1055,29.02625,41.10514,-72.9,-10.4,23.4,,,,,,,,,,,68.0,,,,,,,,98268.2,92517.05,9.8,0.0,25 (64QAM OR 256QAM OR 1024 QAM / Low SE -64QAM),29.0,256QAM,Rank4,9.8,LEVEL_1,,,,0,0,0,,0,0,,0,0,0,0,0,0,,,,2434725.08961593,4575824.1848
1056,29.02625,41.10739,-99.7,-12.6,4.7,-101.5,,,,,-14.5,,,,,59.0,76.0,,,,,,118.2,96932.48,93443.71,11.2,0.0,16 (16QAM OR 64QAM OR 256QAM / Low SE -16QAM),159.0,64QAM,Rank2,11.2,LEVEL_4,19.8,,9.1,0,0,0,,0,0,,0,0,0,0,0,0,,,,2434641.665465735,4576074.654800001
1057,29.02626,41.10787,,,,,,,,,,,,,,,,,,,,,,,,,,,,,,,,,,,0.0,0.0,0.0,,0.0,0.0,,0.0,0.0,0.0,0.0,0.0,0.0,,,,2434624.706594014,4576128.0884
1058,29.02627,41.1052,-72.19999999999999,-10.3,26.95,,,,,,,,,,,68.0,,,,,,,91.2,96793.55,,10.1,0.0,25 (64QAM OR 256QAM OR 1024 QAM / Low SE -64QAM),29.0,256QAM,Rank4,10.1,LEVEL_1,17.5,,0.8,0,0,0,,0,0,,0,0,0,0,0,0,,,,2434724.5426213504,4575830.864
1059,29.02627,41.1073,-98.05000000000001,-11.55,6.25,-103.9,,,,,-15.45,,,,,59.0,76.0,,,,,,117.9,96998.36,93877.11,7.5,0.0,13 (16QAM OR 64QAM / Low SE -QPSK),170.0,64QAM,Rank2,7.5,LEVEL_4,19.6,,10.0,0,0,0,,0,0,,0,0,0,0,0,0,,,,2434646.6800508797,4576064.636
1060,29.02627,41.10733,-99.9,-12.3,6.3,-102.1,,,,,-14.3,,,,,59.0,76.0,,,,,,116.9,96476.92,,13.1,0.0,17 (64QAM OR 256QAM / Low SE -16QAM),177.0,64QAM,Rank2,13.1,LEVEL_2,19.3,,7.6,0,0,0,,0,0,,0,0,0,0,0,0,,,,2434645.5677047498,4576067.9756
1061,29.02628,41.10726,-97.4,-11.4,6.1,-102.2,,,,,-14.7,,,,,59.0,76.0,,,,,,117.2,96481.28,,7.4,0.0,15 (16QAM OR 64QAM OR 256QAM / Low SE -16QAM),157.0,64QAM,Rank2,7.4,LEVEL_4,19.5,,8.9,0,0,0,,0,0,,0,0,0,0,0,0,,,,2434649.001952052,4576060.1832
1062,29.02629,41.10724,,,,,,,,,,,,,,,,,,,,,116.8,97054.72,93707.45,,,,,,Rank2,,,19.2,,10.3,0,0,0,,0,0,,0,0,0,0,0,0,,,,2434650.582289722,4576057.9568
1063,29.02629,41.10782,,,,,,,,,,,,,,,,,,,,,,,,,,,,,,,,,,,0.0,0.0,0.0,,0.0,0.0,,0.0,0.0,0.0,0.0,0.0,0.0,,,,2434629.076823893,4576122.522399999
1064,29.0263,41.10515,-71.5,-10.4,26.8,,,,,,,,,,,68.0,,,,,,,89.7,93015.28,,6.7,0.0,23 (64QAM OR 256QAM OR 1024 QAM / Low SE -64QAM),46.0,256QAM,Rank4,6.7,LEVEL_1,17.5,,0.0,0,0,0,,0,0,,0,0,0,0,0,0,,,,2434728.912855177,4575825.298
1065,29.0263,41.1052,,,,,,,,,,,,,,,,,,,,,,97356.81,94678.0,,,,,,Rank4,,,,,,0,0,0,,0,0,,0,0,0,0,0,0,,,,2434727.0590223996,4575830.864
1066,29.0263,41.10721,-97.15,-11.35,8.65,-102.15,,,,,-17.549999999999997,,,,,59.0,76.0,,,,,,112.8,97443.84,93747.62,10.3,0.0,19 (64QAM OR 256QAM / Low SE -16QAM),147.0,64QAM,Rank2,10.3,LEVEL_2,17.9,,8.5,0,0,0,,0,0,,0,0,0,0,0,0,,,,2434652.5334092905,4576054.6172
1067,29.02631,41.10715,-93.75,-10.850000000000001,8.85,-102.75,,,,,-16.2,,,,,59.0,76.0,,,,,,114.2,96947.23,93617.89,5.1,0.0,15 (16QAM OR 64QAM OR 256QAM / Low SE -16QAM),172.0,64QAM,Rank2,5.1,LEVEL_4,19.0,,10.4,0,0,0,,0,0,,0,0,0,0,0,0,,,,2434655.5968732857,4576047.938
1068,29.02632,41.10788,-88.1,-11.55,6.9,-91.9,-94.8,,,,-16.35,-17.15,,,,59.0,30.0,76.0,,,,,109.6,95810.41,93788.34,2.3,0.0,22 (64QAM OR 256QAM / Low SE -16QAM),68.0,256QAM,Rank4,2.3,LEVEL_1,17.5,,1.0,0,0,0,,0,0,,0,0,0,0,0,0,,,,2434629.3684046394,4576129.2016
1069,29.02633,41.10522,-70.30000000000001,-10.4,30.049999999999997,,,,,,,,,,,68.0,,,,,,,88.1,97054.72,,12.2,0.0,25 (64QAM OR 256QAM OR 1024 QAM / Low SE -64QAM),30.0,256QAM,Rank4,12.2,LEVEL_1,17.5,,0.0,0,0,0,,0,0,,0,0,0,0,0,0,,,,2434728.8338890523,4575833.0904
1070,29.02633,41.10709,-96.25,-11.15,9.45,-103.3,,,,,-17.1,,,,,59.0,76.0,,,,,,115.0,97387.51,,7.6,0.0,18 (64QAM OR 256QAM / Low SE -16QAM),156.0,64QAM,Rank2,7.6,LEVEL_2,18.7,,7.0,0,0,0,,0,0,,0,0,0,0,0,0,,,,2434659.499112351,4576041.2588
1071,29.02634,41.10706,,,,,,,,,,,,,,,,,,,,,110.0,96583.68,94145.65,,,,,,Rank2,,,18.1,,9.5,0,0,0,,0,0,,0,0,0,0,0,0,,,,2434661.4502320318,4576037.919199999
1072,29.02635,41.107,-91.75,-10.7,11.4,-103.15,,,,,-20.75,,,,,59.0,76.0,,,,,,109.9,96629.7,94496.3,6.5,0.0,19 (64QAM OR 256QAM / Low SE -16QAM),147.0,64QAM,Rank2,6.5,LEVEL_2,18.4,,9.6,0,0,0,,0,0,,0,0,0,0,0,0,,,,2434664.5136943334,4576031.24
1073,29.02635,41.10703,-91.4,-10.7,12.3,-100.8,,,,,-17.7,,,,,59.0,76.0,,,,,,112.1,97254.41,,7.6,0.0,20 (64QAM OR 256QAM / Low SE -16QAM),143.0,64QAM,Rank2,7.6,LEVEL_2,18.2,,9.5,0,0,0,,0,0,,0,0,0,0,0,0,,,,2434663.401351811,4576034.5796
1074,29.02635,41.10783,-87.25,-11.15,10.05,-94.15,-94.2,,,,-16.5,-16.9,,,,59.0,30.0,76.0,,,,,108.6,95784.96,94920.15,2.0,0.0,27 (64QAM OR 256QAM / Low SE -64QAM),101.0,256QAM,Rank3,2.0,LEVEL_2,17.5,,0.0,0,0,0,,0,0,,0,0,0,0,0,0,,,,2434633.738638339,4576123.6356
1075,29.02636,41.10697,-88.9,-10.8,18.7,-100.0,,,,,-17.8,,,,,59.0,76.0,,,,,,102.1,96404.41,93768.12,7.3,0.0,24 (64QAM OR 256QAM OR 1024 QAM / Low SE -64QAM),127.0,256QAM,Rank2,7.3,LEVEL_1,17.6,,1.8,0,0,0,,0,0,,0,0,0,0,0,0,,,,2434666.4648139277,4576027.9004
1076,29.02637,41.09903,-150.45,-37.400000000000006,-17.299999999999997,-103.0,-108.1,,,,-10.5,-11.1,,,,278.0,38.0,278.0,,,,0.0,,0.0,,0.0,1.0,0 (QPSK),36.0,QPSK,Rank1,0.0,,,,,0,0,0,40.0,0,0,,0,0,0,0,0,0, BCCH-BCH MIB,,,2434961.6801381344,4575144.0196
1077,29.02637,41.0991,-132.8,-20.5,-7.25,,,,,,,,,,,68.0,,,,,,,148.9,409.6,,0.0,3.0,0 (QPSK),191.0,QPSK,Rank1,0.0,LEVEL_16,22.5,,45.8,0,0,0,,0,0,,0,0,0,0,0,0,,,,2434959.0850832104,4575151.812
1078,29.02638,41.1069,-86.6,-10.7,11.399999999999999,-94.05000000000001,,,,,-15.450000000000001,,,,,59.0,76.0,,,,,,107.6,96768.0,93007.7,9.0,0.0,23 (64QAM OR 256QAM OR 1024 QAM / Low SE -64QAM),130.0,256QAM,Rank2,9.0,LEVEL_1,17.7,,3.5,0,0,0,,0,0,,0,0,0,0,0,0,,,,2434670.7378338217,4576020.108
1079,29.02639,41.10517,-70.0,-10.4,28.75,,,,,,,,,,,68.0,,,,,,,86.6,95416.32,92797.49,6.4,0.0,22 (64QAM OR 256QAM / Low SE -16QAM),72.0,256QAM,Rank4,6.4,LEVEL_1,17.5,,2.2,0,0,0,,0,0,,0,0,0,0,0,0,,,,2434735.7205288843,4575827.5244
1080,29.02639,41.10523,-73.80000000000001,-10.4,30.25,,,,,,,,,,,68.0,,,,,,,92.1,97264.62,93941.73,8.8,0.0,26 (64QAM OR 256QAM OR 1024 QAM / Low SE -64QAM),31.0,256QAM,Rank4,8.8,LEVEL_1,17.5,,0.0,0,0,0,,0,0,,0,0,0,0,0,0,,,,2434733.495921541,4575834.2036
1081,29.02639,41.10684,-88.3,-10.9,8.2,-96.5,,,,,-14.7,,,,,59.0,76.0,,,,,,112.4,96501.76,,14.0,0.0,21 (64QAM OR 256QAM / Low SE -16QAM),145.0,64QAM,Rank2,14.0,LEVEL_2,18.6,,13.7,0,0,0,,0,0,,0,0,0,0,0,0,,,,2434673.8012941135,4576013.4288
1082,29.0264,41.1068,-95.9,-12.0,5.6,-97.6,,,,,-13.1,,,,,59.0,76.0,,,,,,115.5,96890.88,94007.87,11.8,0.0,19 (64QAM OR 256QAM / Low SE -16QAM),156.0,64QAM,Rank2,11.8,LEVEL_1,18.6,,8.7,0,0,0,,0,0,,0,0,0,0,0,0,,,,2434676.1231936463,4576008.976
1083,29.02641,41.10677,-95.35,-12.0,8.05,-97.6,,,,,-14.6,,,,,59.0,76.0,,,,,,111.6,96522.24,93630.63,9.0,0.0,22 (64QAM OR 256QAM / Low SE -16QAM),133.0,256QAM,Rank2,9.0,LEVEL_1,18.0,,4.5,0,0,0,,0,0,,0,0,0,0,0,0,,,,2434678.0743132625,4576005.636399999
1084,29.02641,41.10783,,,,,,,,,,,,,,,,,,,,,,,,13.2,0.0,27 (64QAM OR 256QAM / Low SE -64QAM),81.0,256QAM,Rank3,13.2,LEVEL_2,,,,0,0,0,,0,0,,0,0,0,0,0,0,,,,2434638.7712388663,4576123.6356
1085,29.02642,41.10524,,,,,,,,,,,,,,,,,,,,,,97157.12,92969.44,,,,,,Rank4,,,,,,0,0,0,,0,0,,0,0,0,0,0,0,,,,2434735.641552908,4575835.3168
1086,29.02642,41.1067,-90.6,-10.850000000000001,8.2,-97.95,,,,,-16.549999999999997,,,,,59.0,76.0,,,,,,114.8,97198.08,93418.9,16.7,0.0,20 (64QAM OR 256QAM / Low SE -16QAM),157.0,64QAM,Rank2,16.7,LEVEL_2,19.4,,12.0,0,0,0,,0,0,,0,0,0,0,0,0,,,,2434681.5085511645,4575997.844
1087,29.02643,41.10659,-99.9,-11.9,5.5,-107.2,-103.4,,,,-18.6,-15.0,,,,59.0,68.0,76.0,,,,,119.5,96599.09,93949.94,4.8,0.0,15 (16QAM OR 64QAM OR 256QAM / Low SE -16QAM),169.0,64QAM,Rank2,4.8,LEVEL_2,20.0,,11.3,0,0,0,,0,0,,0,0,0,0,0,0,,,,2434686.4259026563,4575985.5988
1088,29.02643,41.10663,-96.8,-11.8,5.0,-100.1,,,,,-14.2,,,,,59.0,76.0,,,,,,118.6,97095.68,,7.6,0.0,16 (16QAM OR 64QAM OR 256QAM / Low SE -16QAM),165.0,64QAM,Rank2,7.6,LEVEL_2,20.1,,6.8,0,0,0,,0,0,,0,0,0,0,0,0,,,,2434684.9427872207,4575990.0516
1089,29.02644,41.09912,,,,,,,,,,,,,,,,,,,,,149.3,103.05,,18.5,3.0,7 (QPSK OR 16QAM OR 64QAM / Low SE -QPSK),145.0,QPSK,Rank1,18.5,LEVEL_16,22.5,,54.4,0,0,0,,0,0,,0,0,0,0,0,0,,,,2434964.215784333,4575154.0384
1090,29.02644,41.10629,-100.95,-14.350000000000001,-0.24999999999999997,-103.1,-98.94999999999999,,,,-16.75,-12.55,,,,59.0,68.0,76.0,,,,,120.7,97136.64,93822.34,8.4,0.0,15 (16QAM OR 64QAM OR 256QAM / Low SE -16QAM),164.0,64QAM,Rank2,8.4,LEVEL_4,20.3,,10.1,0,0,0,,0,0,,0,0,0,0,0,0,,,,2434698.3880170244,4575952.2028
1091,29.02644,41.1063,-100.05000000000001,-14.3,0.0,-102.4,-98.5,,,,-17.0,-13.3,,,,59.0,68.0,76.0,,,,,119.1,97203.18,93847.48,9.3,0.0,16 (16QAM OR 64QAM OR 256QAM / Low SE -16QAM),168.0,64QAM,Rank2,9.3,LEVEL_4,20.3,,11.6,0,0,0,,0,0,,0,0,0,0,0,0,,,,2434698.017240374,4575953.316
1092,29.02644,41.10632,-99.05,-14.3,-0.8,-101.6,-97.8,,,,-16.6,-13.35,,,,59.0,68.0,76.0,,,,,119.2,97075.2,93677.38,14.0,0.0,18 (64QAM OR 256QAM / Low SE -16QAM),172.0,64QAM,Rank2,14.0,LEVEL_4,19.9,,8.0,0,0,0,,0,0,,0,0,0,0,0,0,,,,2434697.275686851,4575955.5424
1093,29.02644,41.10656,-98.8,-11.85,5.4,-107.65,-102.85,,,,-19.0,-15.2,,,,59.0,68.0,76.0,,,,,117.8,97054.72,91230.26,7.5,0.0,16 (16QAM OR 64QAM OR 256QAM / Low SE -16QAM),170.0,64QAM,Rank2,7.5,LEVEL_4,20.0,,10.4,0,0,0,,0,0,,0,0,0,0,0,0,,,,2434688.3770214315,4575982.2592
1094,29.02645,41.10625,-102.05,-15.85,-4.05,-101.25,-98.5,,,,-15.2,-13.2,,,,59.0,68.0,76.0,,,,,122.2,96931.84,93803.81,6.4,0.0,12 (16QAM OR 64QAM / Low SE -QPSK),177.0,64QAM,Rank2,6.4,LEVEL_4,20.6,,10.5,0,0,0,,0,0,,0,0,0,0,0,0,,,,2434700.7099098214,4575947.75
1095,29.02645,41.10627,-100.9,-14.7,-2.2,-102.95,-98.9,,,,-16.25,-13.35,,,,59.0,68.0,76.0,,,,,121.1,96706.56,93866.02,8.2,0.0,12 (16QAM OR 64QAM / Low SE -QPSK),188.0,16QAM,Rank2,8.2,LEVEL_4,20.4,,9.5,0,0,0,,0,0,,0,0,0,0,0,0,,,,2434699.968356785,4575949.9764
1096,29.02645,41.10633,-98.0,-13.100000000000001,-0.14999999999999997,-102.3,-99.0,,,,-16.6,-13.4,,,,59.0,68.0,76.0,,,,,118.5,96993.28,93828.34,8.5,0.0,15 (16QAM OR 64QAM OR 256QAM / Low SE -16QAM),163.0,64QAM,Rank2,8.5,LEVEL_4,19.9,,9.7,0,0,0,,0,0,,0,0,0,0,0,0,,,,2434697.7436958933,4575956.6556
1097,29.02645,41.10635,-98.19999999999999,-12.399999999999999,3.65,-103.55000000000001,-100.3,,,,-18.6,-15.45,,,,59.0,68.0,76.0,,,,,116.1,96614.28,97587.21,7.0,0.0,18 (64QAM OR 256QAM / Low SE -16QAM),157.0,64QAM,Rank2,7.0,LEVEL_2,19.6,,8.2,0,0,0,,0,0,,0,0,0,0,0,0,,,,2434697.00214167,4575958.882
1098,29.02645,41.1079,-91.55000000000001,-11.55,7.55,-96.6,-95.95,,,,-16.9,-15.75,,,,59.0,30.0,76.0,,,,,110.0,96788.48,93229.91,0.0,0.0,18 (64QAM OR 256QAM / Low SE -16QAM),136.0,64QAM,Rank2,0.0,LEVEL_4,17.5,,0.0,0,0,0,,0,0,,0,0,0,0,0,0,,,,2434639.530786931,4576131.428
1099,29.02646,41.10524,-72.35,-10.4,29.35,,,,,,,,,,,68.0,,,,,,,89.9,97423.36,,8.0,0.0,27 (64QAM OR 256QAM / Low SE -64QAM),27.0,256QAM,Rank4,8.0,LEVEL_1,17.5,,0.0,0,0,0,,0,0,,0,0,0,0,0,0,,,,2434738.9967522626,4575835.3168
1100,29.02646,41.1062,-100.36666666666666,-15.6,-2.966666666666667,-100.60000000000001,-96.96666666666665,,,,-16.433333333333334,-13.566666666666668,,,,76.0,59.0,68.0,,,,4.0,119.0,106419.66,93653.26,9.2,3.0,14 (16QAM OR 64QAM / Low SE -QPSK),196.0,64QAM,Rank2,9.2,LEVEL_16,19.1,6.0,20.1,0,0,0,9.0,0,0,,0,0,0,0,0,0, BCCH-DL_SCH SIB1,,,2434703.402578693,4575942.184
1101,29.02646,41.10638,-98.7,-12.85,3.8,-106.25,-101.15,,,,-18.5,-15.0,,,,59.0,68.0,76.0,,,,,117.3,96342.97,90455.77,8.6,0.0,18 (64QAM OR 256QAM / Low SE -16QAM),156.0,64QAM,Rank2,8.6,LEVEL_2,19.8,,10.3,0,0,0,,0,0,,0,0,0,0,0,0,,,,2434696.7285950547,4575962.2216
1102,29.02647,41.10606,-94.9,-13.6,2.0,-100.4,-96.2,,,,-17.4,-13.9,,,,76.0,59.0,68.0,,,,,111.4,96993.28,93902.01,,,,,,Rank3,,,17.5,,2.6,0,0,0,,0,0,,0,0,0,0,0,0,,,,2434709.4322276074,4575926.5992
1103,29.02647,41.10609,-91.4,-12.4,2.0,-105.2,-92.4,,,,-21.1,-12.9,,,,76.0,59.0,68.0,,,,,108.0,96784.47,,2.4,0.0,21 (64QAM OR 256QAM / Low SE -16QAM),96.0,256QAM,Rank3,2.4,LEVEL_1,17.5,,3.0,0,0,0,,0,0,,0,0,0,0,0,0, UL-DCCH RRCReconfigurationComplete,,,2434708.3199014007,4575929.938800001
1104,29.02647,41.10612,-91.7,-12.0,4.4,-100.6,-97.0,,,,-19.4,-15.2,,,,76.0,59.0,68.0,,,,,108.7,97873.92,94519.81,18.1,0.0,20 (64QAM OR 256QAM / Low SE -16QAM),131.0,64QAM,Rank3,18.1,LEVEL_1,17.5,,2.5,0,0,0,,0,0,,0,0,0,0,0,0, BCCH-DL_SCH SIB1,,,2434707.2075745277,4575933.278399999
1105,29.02647,41.10614,-94.2,-12.2,5.2,-99.8,-97.8,,,,-18.6,-16.1,,,,76.0,59.0,68.0,,,,,111.3,96829.44,,3.9,0.0,18 (64QAM OR 256QAM / Low SE -16QAM),159.0,64QAM,Rank2,3.9,LEVEL_1,18.0,,6.6,0,0,0,,0,0,,0,0,0,0,0,0,,,,2434706.4660229078,4575935.5048
1106,29.02648,41.10603,-94.75,-12.850000000000001,0.4,-105.25,-96.30000000000001,,,,-19.75,-13.55,,,,76.0,59.0,68.0,,,,,111.8,96337.92,93768.65,8.6,0.0,22 (64QAM OR 256QAM / Low SE -16QAM),94.0,256QAM,Rank3,8.6,LEVEL_1,17.7,,11.6,0,0,0,,0,0,,0,0,0,0,0,0,,,,2434711.3833428933,4575923.2595999995
1107,29.02648,41.10642,-98.4,-12.15,4.4,-104.95,-101.8,,,,-18.0,-15.0,,,,59.0,68.0,76.0,,,,,117.2,96337.92,93743.97,9.3,0.0,18 (64QAM OR 256QAM / Low SE -16QAM),158.0,64QAM,Rank2,9.3,LEVEL_2,19.8,,10.6,0,0,0,,0,0,,0,0,0,0,0,0,,,,2434696.9230538476,4575966.6744
1108,29.02648,41.10645,,,,,,,,,,,,,,,,,,,,,116.5,96706.56,96819.29,,,,,,Rank2,,,19.2,,7.1,0,0,0,,0,0,,0,0,0,0,0,0,,,,2434695.810719249,4575970.014
1109,29.02648,41.10648,-98.4,-11.399999999999999,6.800000000000001,-106.95,-104.75,,,,-19.1,-17.75,,,,59.0,68.0,76.0,,,,,117.3,96890.88,,7.9,0.0,18 (64QAM OR 256QAM / Low SE -16QAM),159.0,64QAM,Rank2,7.9,LEVEL_2,19.8,,8.9,0,0,0,,0,0,,0,0,0,0,0,0,,,,2434694.6983839823,4575973.3536
1110,29.02648,41.10784,-88.35,-11.2,10.8,-104.6,-96.2,,,,-21.799999999999997,-17.0,,,,59.0,48.0,76.0,,,,,107.8,96205.04,91436.12,2.8,0.0,27 (64QAM OR 256QAM / Low SE -64QAM),82.0,256QAM,Rank3,2.8,LEVEL_2,17.5,,0.0,0,0,0,,0,0,,0,0,0,0,0,0,,,,2434644.2718175654,4576124.7488
1111,29.02649,41.10518,-70.1,-10.3,30.85,,,,,,,,,,,68.0,,,,,,,87.2,95989.76,94270.52,8.3,0.0,25 (64QAM OR 256QAM OR 1024 QAM / Low SE -64QAM),43.0,256QAM,Rank4,8.3,LEVEL_1,17.5,,0.0,0,0,0,,0,0,,0,0,0,0,0,0,,,,2434743.737767231,4575828.6376
1112,29.02649,41.10524,,,,,,,,,,,,,,,,,,,,,,97607.68,82334.45,,,,,,Rank4,,,,,,0,0,0,,0,0,,0,0,0,0,0,0,,,,2434741.513151779,4575835.3168
1113,29.02649,41.10598,-98.4,-14.7,-2.6,-103.9,-95.2,,,,-20.2,-12.1,,,,76.0,59.0,68.0,,,,,114.3,96768.0,,8.7,0.0,21 (64QAM OR 256QAM / Low SE -16QAM),107.0,256QAM,Rank3,8.7,LEVEL_1,18.0,,7.1,0,0,0,,0,0,,0,0,0,0,0,0,,,,2434714.0760083324,4575917.6936
1114,29.0265,41.10596,-99.1,-14.8,-3.2,-104.8,-96.1,,,,-20.6,-11.8,,,,76.0,59.0,68.0,,,,,115.7,96399.36,93644.73,,,,,,Rank3,,,18.3,,9.2,0,0,0,,0,0,,0,0,0,0,0,0,,,,2434715.656348731,4575915.467200001
1115,29.02651,41.09915,-132.45,-20.15,-10.55,,,,,,,,,,,68.0,,,,,,,151.7,0.0,,11.1,3.0,6 (QPSK OR 16QAM OR 64QAM / Low SE -QPSK),207.0,QPSK,Rank1,11.1,LEVEL_16,22.5,,54.5,0,0,0,,0,0,,0,0,0,0,0,0,,,,2434968.975757069,4575157.3780000005
1116,29.02651,41.10594,-98.6,-15.2,-5.7,-101.1,-94.7,,,,-20.9,-11.7,,,,76.0,59.0,68.0,,,,,116.0,95150.08,,33.1,0.0,22 (64QAM OR 256QAM / Low SE -16QAM),170.0,64QAM,Rank2,33.1,LEVEL_1,17.9,,11.0,0,0,0,,0,0,,0,0,0,0,0,0,,,,2434717.236689345,4575913.2408
1117,29.02651,41.1079,,,,,,,,,,,,,,,,,,,,,,,,,,,,,,,,,,,0.0,0.0,0.0,,0.0,0.0,,0.0,0.0,0.0,0.0,0.0,0.0,,,,2434644.5633820933,4576131.428
1118,29.02652,41.10524,-72.95,-10.4,29.15,,,,,,,,,,,68.0,,,,,,,89.8,87881.09,,9.1,0.0,26 (64QAM OR 256QAM OR 1024 QAM / Low SE -64QAM),28.0,256QAM,Rank4,9.1,LEVEL_1,17.5,,0.0,0,0,0,,0,0,,0,0,0,0,0,0,,,,2434744.029551295,4575835.3168
1119,29.02652,41.10591,-99.8,-16.3,-6.1,-114.0,-91.8,,,,-26.1,-11.4,,,,68.0,59.0,68.0,,,,8.0,118.1,40654.93,93329.46,,,,,,Rank3,,,19.0,0.0,16.6,0,0,0,10.0,0,0,,0,0,0,0,0,0, BCCH-DL_SCH SIB1,,,2434719.1878050263,4575909.9012
1120,29.02653,41.10589,-92.3,-11.399999999999999,6.699999999999999,-98.2,,,,,-15.65,,,,,68.0,76.0,,,,,,109.7,97976.32,79883.87,8.9,0.0,18 (64QAM OR 256QAM / Low SE -16QAM),46.0,64QAM,Rank4,8.9,LEVEL_2,17.5,,0.6,0,0,0,,0,0,,0,0,0,0,0,0, BCCH-DL_SCH SIB1,,,2434720.768146048,4575907.6748
1121,29.02654,41.10519,-71.1,-10.4,32.0,,,,,,,,,,,68.0,,,,,,,,97525.76,94118.13,10.2,0.0,27 (64QAM OR 256QAM / Low SE -64QAM),28.0,256QAM,Rank4,10.2,LEVEL_1,,,,0,0,0,,0,0,,0,0,0,0,0,0,,,,2434747.561000562,4575829.7508
1122,29.02655,41.09907,,,,,,,,,,,,,,,,,,,,,,0.0,,,,,,,,,,,,,0.0,0.0,0.0,,0.0,0.0,,0.0,0.0,0.0,0.0,0.0,0.0,,,,2434975.2970656855,4575148.472399999
1123,29.02655,41.10583,-92.4,-11.5,7.2,-96.8,,,,,-15.5,,,,,68.0,76.0,,,,,,108.6,97766.39,,12.4,12.0,18 (64QAM OR 256QAM / Low SE -16QAM),55.0,64QAM,Rank3,12.4,LEVEL_2,17.5,,0.0,0,0,0,,0,0,,0,0,0,0,0,0, UL-DCCH RRCReconfigurationComplete,,,2434724.670378096,4575900.9956
1124,29.02656,41.10578,-91.55,-11.3,8.85,-97.0,,,,,-15.8,,,,,68.0,76.0,,,,,,107.4,97407.98,94658.28,9.1,0.0,19 (64QAM OR 256QAM / Low SE -16QAM),50.0,64QAM,Rank3,9.1,LEVEL_1,17.5,,4.8,0,0,0,,0,0,,0,0,0,0,0,0,,,,2434727.363043144,4575895.4296
1125,29.02656,41.1058,-92.2,-11.6,7.4,-95.1,,,,,-14.5,,,,,68.0,76.0,,,,,,108.0,97613.87,94856.48,,,,,,Rank3,,,17.5,,0.0,0,0,0,,0,0,,0,0,0,0,0,0,,,,2434726.6214942676,4575897.656
1126,29.02657,41.10525,-75.85,-10.4,26.95,,,,,,,,,,,68.0,,,,,,,90.7,80916.48,92269.41,6.6,0.0,26 (64QAM OR 256QAM OR 1024 QAM / Low SE -64QAM),43.0,256QAM,Rank4,6.6,LEVEL_1,17.5,,0.0,0,0,0,,0,0,,0,0,0,0,0,0,,,,2434747.8527799654,4575836.43
1127,29.02657,41.10566,-77.25,-10.7,16.75,-83.75,,,,,-18.700000000000003,,,,,68.0,76.0,,,,,,92.4,97320.96,94099.25,10.6,0.0,25 (64QAM OR 256QAM OR 1024 QAM / Low SE -64QAM),30.0,256QAM,Rank4,10.6,LEVEL_1,17.5,,0.9,0,0,0,,0,0,,0,0,0,0,0,0,,,,2434732.651124642,4575882.0712
1128,29.02657,41.10572,-87.19999999999999,-10.7,12.75,-93.55,,,,,-17.65,,,,,68.0,76.0,,,,,,103.9,97915.59,94587.53,7.5,0.0,23 (64QAM OR 256QAM OR 1024 QAM / Low SE -64QAM),41.0,256QAM,Rank3,7.5,LEVEL_1,17.5,,0.0,0,0,0,,0,0,,0,0,0,0,0,0,,,,2434730.426481699,4575888.750399999
1129,29.02658,41.10557,-73.4,-10.5,16.2,-85.0,,,,,-17.4,,,,,68.0,76.0,,,,,,95.0,97607.68,94733.22,,,,,,Rank4,,,17.5,,0.0,0,0,0,,0,0,,0,0,0,0,0,0,,,,2434736.826879675,4575872.0524
1130,29.02658,41.1056,-75.7,-10.6,15.9,-84.4,,,,,-18.9,,,,,68.0,76.0,,,,,,93.6,97172.51,,9.8,0.0,27 (64QAM OR 256QAM / Low SE -64QAM),28.0,256QAM,Rank4,9.8,LEVEL_1,17.5,,0.0,0,0,0,,0,0,,0,0,0,0,0,0,,,,2434735.714560156,4575875.392
1131,29.02658,41.10791,-89.25,-10.95,10.2,-94.95,-99.2,-97.35,,,-17.15,-18.15,-17.65,,,59.0,30.0,48.0,76.0,,,,105.1,96276.48,92926.3,1.7,0.0,27 (64QAM OR 256QAM / Low SE -64QAM),104.0,256QAM,Rank2,1.7,LEVEL_2,17.5,,0.0,0,0,0,,0,0,,0,0,0,0,0,0,,,,2434650.063952737,4576132.5412
1132,29.02659,41.10519,-70.6,-10.3,31.6,,,,,,,,,,,68.0,,,,,,,87.7,97157.12,,7.6,0.0,26 (64QAM OR 256QAM OR 1024 QAM / Low SE -64QAM),28.0,256QAM,Rank4,7.6,LEVEL_1,17.5,,0.9,0,0,0,,0,0,,0,0,0,0,0,0,,,,2434751.7550029485,4575829.7508
1133,29.02659,41.10526,-76.0,-10.4,26.6,,,,,,,,,,,68.0,,,,,,,93.2,94965.76,92882.62,5.0,0.0,24 (64QAM OR 256QAM OR 1024 QAM / Low SE -64QAM),65.0,256QAM,Rank4,5.0,LEVEL_1,17.5,,0.0,0,0,0,,0,0,,0,0,0,0,0,0,,,,2434749.159608534,4575837.5432
1134,29.02659,41.10554,-74.5,-10.5,19.2,-87.15,,,,,-20.15,,,,,68.0,76.0,,,,,,93.8,98631.68,83050.66,9.4,0.0,27 (64QAM OR 256QAM / Low SE -64QAM),28.0,256QAM,Rank4,9.4,LEVEL_1,17.5,,0.0,0,0,0,,0,0,,0,0,0,0,0,0,,,,2434738.777994533,4575868.7128
1135,29.0266,41.10542,,,,,,,,,,,,,,,,,,,,,94.7,96399.36,94928.18,,,,,,Rank4,,,17.5,,0.0,0,0,0,,0,0,,0,0,0,0,0,0,,,,2434744.066062336,4575855.354400001
1136,29.0266,41.10544,-75.45,-10.45,24.049999999999997,-92.3,,,,,-18.2,,,,,68.0,76.0,,,,,,97.7,97438.73,,12.4,0.0,24 (64QAM OR 256QAM OR 1024 QAM / Low SE -64QAM),56.0,256QAM,Rank4,12.4,LEVEL_1,17.5,,0.0,0,0,0,,0,0,,0,0,0,0,0,0,,,,2434743.324517778,4575857.580800001
1137,29.0266,41.10549,-76.1,-10.5,19.3,-90.4,,,,,-19.9,,,,,68.0,76.0,,,,,,96.0,98923.59,107315.04,7.0,0.0,27 (64QAM OR 256QAM / Low SE -64QAM),27.0,256QAM,Rank4,7.0,LEVEL_1,17.5,,0.0,0,0,0,,0,0,,0,0,0,0,0,0,,,,2434741.4706550855,4575863.1468
1138,29.02661,41.10528,-77.5,-10.4,26.450000000000003,,,,,,,,,,,68.0,,,,,,,92.1,96665.6,92501.77,13.1,0.0,26 (64QAM OR 256QAM OR 1024 QAM / Low SE -64QAM),60.0,256QAM,Rank4,13.1,LEVEL_1,17.5,,1.1,0,0,0,,0,0,,0,0,0,0,0,0,,,,2434750.095665261,4575839.7696
1139,29.02661,41.10538,-76.0,-10.4,29.6,,,,,,,,,,,68.0,,,,,,,93.1,97382.4,94921.84,,,,,,Rank4,,,17.5,,0.5,0,0,0,,0,0,,0,0,0,0,0,0,,,,2434746.3879486118,4575850.9015999995
1140,29.02661,41.1054,-75.0,-10.4,27.2,,,,,,,,,,,68.0,,,,,,,92.6,97382.4,,14.6,0.0,23 (64QAM OR 256QAM OR 1024 QAM / Low SE -64QAM),74.0,256QAM,Rank4,14.6,LEVEL_1,17.5,,0.0,0,0,0,,0,0,,0,0,0,0,0,0,,,,2434745.6464043916,4575853.1280000005
1141,29.02661,41.10786,-84.8,-10.850000000000001,11.0,-97.15,-94.6,,,,-21.0,-18.8,,,,59.0,48.0,76.0,,,,,104.5,95595.62,103627.73,5.3,0.0,27 (64QAM OR 256QAM / Low SE -64QAM),76.0,256QAM,Rank3,5.3,LEVEL_1,17.5,,1.2,0,0,0,,0,0,,0,0,0,0,0,0,,,,2434654.4342030054,4576126.9752
1142,29.02662,41.1053,-79.65,-10.4,23.8,,,,,,,,,,,68.0,,,,,,,95.8,95616.1,92378.66,10.3,0.0,25 (64QAM OR 256QAM OR 1024 QAM / Low SE -64QAM),63.0,256QAM,Rank4,10.3,LEVEL_1,17.5,,0.0,0,0,0,,0,0,,0,0,0,0,0,0,,,,2434750.1929215966,4575841.996
1143,29.02662,41.10534,-80.65,-10.4,25.2,,,,,,,,,,,68.0,,,,,,,99.3,96337.92,94727.48,0.7,0.0,21 (64QAM OR 256QAM / Low SE -16QAM),80.0,64QAM,Rank4,0.7,LEVEL_1,17.5,,0.0,0,0,0,,0,0,,0,0,0,0,0,0,,,,2434748.7098347233,4575846.448799999
1144,29.02662,41.10537,-73.5,-10.4,29.3,,,,,,,,,,,68.0,,,,,,,92.6,96993.28,93729.15,11.5,0.0,20 (64QAM OR 256QAM / Low SE -16QAM),87.0,64QAM,Rank4,11.5,LEVEL_1,17.5,,0.0,0,0,0,,0,0,,0,0,0,0,0,0,,,,2434747.5975187887,4575849.7884
1145,29.02663,41.0991,-143.8,-30.9,-18.0,,,,,,,,,,,3.0,,,,,,,,,,,,,,,,,,,,,0.0,0.0,0.0,,0.0,0.0,,0.0,0.0,0.0,0.0,0.0,0.0,,,,2434980.895918052,4575151.812
1146,29.02663,41.1053,-76.5,-10.4,27.5,,,,,,,,,,,68.0,,,,,,,92.3,94776.47,94113.43,7.6,0.0,27 (64QAM OR 256QAM / Low SE -64QAM),56.0,256QAM,Rank4,7.6,LEVEL_1,17.5,,0.0,0,0,0,,0,0,,0,0,0,0,0,0,,,,2434751.0317206685,4575841.996
1147,29.02663,41.10532,-79.65,-10.4,26.9,,,,,,,,,,,68.0,,,,,,,96.1,96839.86,94267.66,7.1,0.0,23 (64QAM OR 256QAM OR 1024 QAM / Low SE -64QAM),72.0,256QAM,Rank4,7.1,LEVEL_1,17.5,,0.0,0,0,0,,0,0,,0,0,0,0,0,0,,,,2434750.290177125,4575844.2224
1148,29.02666,41.0992,-142.55,-29.75,-17.15,,,,,,,,,,,68.0,,,,,,,,0.0,,,,,,,,,,,,,0.0,0.0,0.0,,0.0,0.0,,0.0,0.0,0.0,0.0,0.0,0.0,,,,2434979.705288178,4575162.944
1149,29.02667,41.10786,,,,,,,,,,,,,,,,,,,,,,,,7.6,0.0,27 (64QAM OR 256QAM / Low SE -64QAM),74.0,256QAM,Rank3,7.6,LEVEL_1,,,,0,0,0,,0,0,,0,0,0,0,0,0,,,,2434659.466801233,4576126.9752
1150,29.02668,41.10521,-70.15,-10.4,31.95,,,,,,,,,,,68.0,,,,,,,85.9,97320.96,94393.99,9.2,0.0,25 (64QAM OR 256QAM OR 1024 QAM / Low SE -64QAM),30.0,256QAM,Rank4,9.2,LEVEL_1,17.5,,1.0,0,0,0,,0,0,,0,0,0,0,0,0,,,,2434758.562664056,4575831.9772
1151,29.0267,41.09914,-145.35000000000002,-32.4,-12.4,,,,,,,,,,,3.0,,,,,,,157.1,0.0,,0.0,0.0,3 (QPSK OR 16QAM / Low SE -QPSK),16.0,QPSK,Rank1,0.0,LEVEL_16,22.5,,16.7,0,0,0,,0,0,,0,0,0,0,0,0,,,,2434985.285158876,4575156.2648
1152,29.02671,41.10791,-85.25,-10.75,11.55,-92.0,-105.3,,,,-19.0,-24.65,,,,59.0,30.0,48.0,,,,,103.8,96220.04,91979.41,3.1,0.0,27 (64QAM OR 256QAM / Low SE -64QAM),94.0,256QAM,Rank2,3.1,LEVEL_1,17.5,,0.0,0,0,0,,0,0,,0,0,0,0,0,0,,,,2434660.967907261,4576132.5412
1153,29.02674,41.10787,-83.4,-10.9,11.350000000000001,-96.6,-94.7,,,,-21.5,-20.1,,,,59.0,48.0,76.0,,,,,104.1,95784.96,89987.28,5.7,0.0,27 (64QAM OR 256QAM / Low SE -64QAM),66.0,256QAM,Rank4,5.7,LEVEL_1,17.5,,0.0,0,0,0,,0,0,,0,0,0,0,0,0,,,,2434664.9673737064,4576128.0884
1154,29.02677,41.10522,-72.75,-10.4,30.9,,,,,,,,,,,68.0,,,,,,,87.2,97356.81,94058.66,9.4,0.0,26 (64QAM OR 256QAM OR 1024 QAM / Low SE -64QAM),29.0,256QAM,Rank4,9.4,LEVEL_1,17.5,,0.0,0,0,0,,0,0,,0,0,0,0,0,0,,,,2434765.741093198,4575833.0904
1155,29.02677,41.10791,,,,,,,,,,,,,,,,,,,,,,,,,,,,,,,,,,,0.0,0.0,0.0,,0.0,0.0,,0.0,0.0,0.0,0.0,0.0,0.0,,,,2434666.000501657,4576132.5412
1156,29.0268,41.09926,-147.7,-34.9,-17.2,,,,,,,,,,,68.0,,,,,,,,0.0,,,,,,,,,,,,,0.0,0.0,0.0,,0.0,0.0,,0.0,0.0,0.0,0.0,0.0,0.0,,,,2434989.2251928947,4575169.6232
1157,29.02681,41.10523,-73.6,-10.4,29.3,,,,,,,,,,,68.0,,,,,,,,97525.76,94849.08,8.8,0.0,27 (64QAM OR 256QAM / Low SE -64QAM),28.0,256QAM,Rank4,8.8,LEVEL_1,,,,0,0,0,,0,0,,0,0,0,0,0,0,,,,2434768.725520134,4575834.2036
1158,29.02683,41.10791,-85.7,-10.9,12.100000000000001,-93.4,,,,,-18.8,,,,,59.0,30.0,,,,,,102.9,96312.43,93963.82,5.1,0.0,27 (64QAM OR 256QAM / Low SE -64QAM),72.0,256QAM,Rank3,5.1,LEVEL_1,17.5,,0.0,0,0,0,,0,0,,0,0,0,0,0,0,,,,2434671.0330960527,4576132.5412
1159,29.02684,41.09921,-132.4,-20.35,-7.05,,,,,,,,,,,3.0,,,,,,,156.8,0.0,,0.0,0.0,2 (QPSK),16.0,QPSK,Rank1,0.0,LEVEL_16,22.5,,43.3,0,0,0,,0,0,,0,0,0,0,0,0,,,,2434994.434344752,4575164.0572
1160,29.02686,41.09929,-140.8,-28.0,-16.9,,,,,,,,,,,68.0,,,,,,,,0.0,,,,,,,,,,,,,0.0,0.0,0.0,,0.0,0.0,,0.0,0.0,0.0,0.0,0.0,0.0,,,,2434993.1462603686,4575172.962800001
1161,29.02686,41.10524,-71.4,-10.4,28.1,,,,,,,,,,,68.0,,,,,,,88.8,97177.6,,8.9,0.0,26 (64QAM OR 256QAM OR 1024 QAM / Low SE -64QAM),29.0,256QAM,Rank4,8.9,LEVEL_1,17.5,,1.0,0,0,0,,0,0,,0,0,0,0,0,0,,,,2434772.5487458124,4575835.3168
1162,29.02686,41.10788,-81.65,-10.899999999999999,10.850000000000001,-93.8,,,,,-18.8,,,,,59.0,48.0,,,,,,102.7,97669.12,97354.3,1.9,0.0,27 (64QAM OR 256QAM / Low SE -64QAM),32.0,256QAM,Rank3,1.9,LEVEL_1,17.5,,0.0,0,0,0,,0,0,,0,0,0,0,0,0,,,,2434674.661774896,4576129.2016
1163,29.0269,41.09924,,,,,,,,,,,,,,,,,,,,,,,,,,,,,,,,,,,0.0,0.0,0.0,,0.0,0.0,,0.0,0.0,0.0,0.0,0.0,0.0,,,,2434998.3554156376,4575167.3968
1164,29.02691,41.10524,-74.5,-10.4,29.7,,,,,,,,,,,68.0,,,,,,,,97198.08,94845.64,10.2,0.0,26 (64QAM OR 256QAM OR 1024 QAM / Low SE -64QAM),29.0,256QAM,Rank4,10.2,LEVEL_1,,,,0,0,0,,0,0,,0,0,0,0,0,0,,,,2434776.7427450065,4575835.3168
1165,29.02691,41.10788,-79.9,-10.7,11.4,,,,,,,,,,,59.0,,,,,,,,97622.91,,2.5,0.0,27 (64QAM OR 256QAM / Low SE -64QAM),27.0,256QAM,Rank4,2.5,LEVEL_1,,,,0,0,0,,0,0,,0,0,0,0,0,0,,,,2434678.8556054756,4576129.2016
1166,29.02693,41.09932,-146.0,-33.2,-16.2,-132.2,-111.0,-108.4,,,-20.1,-11.5,-10.5,,,278.0,3.0,38.0,278.0,,,0.0,,,,,,,,,,,,,,,0,0,0,35.0,0,0,,0,0,0,0,0,0, BCCH-BCH MIB,,,2434997.9061980313,4575176.302399999
1167,29.02694,41.10791,-83.15,-10.75,14.149999999999999,-91.7,,,,,-20.1,,,,,59.0,76.0,,,,,,99.0,95621.12,92745.74,5.7,0.0,25 (64QAM OR 256QAM OR 1024 QAM / Low SE -64QAM),60.0,256QAM,Rank4,5.7,LEVEL_1,17.5,,0.0,0,0,0,,0,0,,0,0,0,0,0,0,,,,2434680.259519112,4576132.5412
1168,29.02696,41.10525,-74.4,-10.4,25.6,,,,,,,,,,,68.0,,,,,,,89.8,97177.6,,10.4,0.0,27 (64QAM OR 256QAM / Low SE -64QAM),28.0,256QAM,Rank4,10.4,LEVEL_1,17.5,,0.0,0,0,0,,0,0,,0,0,0,0,0,0,,,,2434780.565968695,4575836.43
1169,29.02696,41.10789,-77.8,-10.6,14.6,-145.9,,,,,-39.6,,,,,59.0,48.0,,,,,,99.4,97710.08,86359.11,5.4,0.0,27 (64QAM OR 256QAM / Low SE -64QAM),26.0,256QAM,Rank4,5.4,LEVEL_1,17.5,,0.0,0,0,0,,0,0,,0,0,0,0,0,0,,,,2434682.6786409696,4576130.3148
1170,29.02697,41.09927,-135.9,-23.7,-3.0,,,,,,,,,,,3.0,,,,,,,147.5,126.4,,28.2,1.0,12 (16QAM OR 64QAM / Low SE -QPSK),30.0,16QAM,Rank1,28.2,LEVEL_16,22.5,,18.4,0,0,0,,0,0,,0,0,0,0,0,0,,,,2435003.1153573496,4575170.7364
1171,29.02699,41.09935,,,,,,,,,,,,,,38.0,,,,,,,,0.0,,0.0,1.0,0 (QPSK),36.0,QPSK,Rank1,0.0,,,,,0,0,0,,0,0,,0,0,0,0,0,0, BCCH-BCH MIB,,,2435001.8272545906,4575179.642
1172,29.02699,41.10791,,,,,,,,,,,,,,,,,,,,,,,,,,,,,,,,,,,0.0,0.0,0.0,,0.0,0.0,,0.0,0.0,0.0,0.0,0.0,0.0,,,,2434684.453347775,4576132.5412
1173,29.027,41.10525,-73.6,-10.4,26.7,,,,,,,,,,,68.0,,,,,,,,97566.72,94225.05,9.0,0.0,27 (64QAM OR 256QAM / Low SE -64QAM),28.0,256QAM,Rank4,9.0,LEVEL_1,,,,0,0,0,,0,0,,0,0,0,0,0,0,,,,2434783.921167539,4575836.43
1174,29.02701,41.10789,,,,,,,,,,,,,,,,,,,,,,,,3.0,0.0,27 (64QAM OR 256QAM / Low SE -64QAM),25.0,256QAM,Rank4,3.0,LEVEL_1,,,,0,0,0,,0,0,,0,0,0,0,0,0,,,,2434686.87247091,4576130.3148
1175,29.02704,41.10792,-79.05,-10.6,16.3,-90.0,,,,,-22.1,,,,,59.0,76.0,,,,,,94.7,95329.45,92517.02,5.2,0.0,27 (64QAM OR 256QAM / Low SE -64QAM),55.0,256QAM,Rank4,5.2,LEVEL_1,17.5,,0.0,0,0,0,,0,0,,0,0,0,0,0,0,,,,2434688.2763801087,4576133.6544
1176,29.02705,41.10526,-73.1,-10.4,23.4,,,,,,,,,,,68.0,,,,,,,89.4,97607.68,,10.4,0.0,27 (64QAM OR 256QAM / Low SE -64QAM),29.0,256QAM,Rank4,10.4,LEVEL_1,17.5,,0.0,0,0,0,,0,0,,0,0,0,0,0,0,,,,2434787.744389365,4575837.5432
1177,29.02705,41.1079,-78.9,-10.75,13.350000000000001,-116.85,-90.1,,,,-30.5,-20.9,,,,59.0,48.0,76.0,,,,,97.7,97382.4,107340.84,2.2,0.0,27 (64QAM OR 256QAM / Low SE -64QAM),25.0,256QAM,Rank4,2.2,LEVEL_1,17.5,,0.0,0,0,0,,0,0,,0,0,0,0,0,0,,,,2434689.8567385534,4576131.428
1178,29.02706,41.09939,,,,,,,,,,,,,,,,,,,,,,0.0,,,,,,,,,,,,,0.0,0.0,0.0,,0.0,0.0,,0.0,0.0,0.0,0.0,0.0,0.0,,,,2435006.2164472537,4575184.0948
1179,29.02708,41.10793,,,,,,,,,,,,,,,,,,,,,,95441.76,,,,,,,,,,,,,0.0,0.0,0.0,,0.0,0.0,,0.0,0.0,0.0,0.0,0.0,0.0,,,,2434691.2606456135,4576134.7676
1180,29.02709,41.09935,-127.05,-16.35,-4.0,,,,,,,,,,,3.0,,,,,,,145.8,25.65,,32.6,4.0,14 (16QAM OR 64QAM / Low SE -QPSK),17.0,16QAM,Rank1,32.6,LEVEL_16,22.4,,26.4,0,0,0,,0,0,,0,0,0,0,0,0,,,,2435010.2160052923,4575179.642
1181,29.02712,41.09943,,,,,,,,,,,,,,,,,,,,,,0.0,,,,,,,,,,,,,0.0,0.0,0.0,,0.0,0.0,,0.0,0.0,0.0,0.0,0.0,0.0,,,,2435009.7667575297,4575188.5476
1182,29.02712,41.10793,-75.7,-10.6,13.05,-84.0,,,,,-19.15,,,,,59.0,76.0,,,,,,94.7,94576.64,77264.05,10.2,0.0,27 (64QAM OR 256QAM / Low SE -64QAM),58.0,256QAM,Rank4,10.2,LEVEL_1,17.5,,0.0,0,0,0,,0,0,,0,0,0,0,0,0,,,,2434694.6157075223,4576134.7676
1183,29.02713,41.10527,-74.9,-10.45,21.65,,,,,,,,,,,68.0,,,,,,,88.7,98160.64,94676.48,9.6,0.0,26 (64QAM OR 256QAM OR 1024 QAM / Low SE -64QAM),29.0,256QAM,Rank4,9.6,LEVEL_1,17.5,,0.0,0,0,0,,0,0,,0,0,0,0,0,0,,,,2434794.084008206,4575838.6564
1184,29.02714,41.10791,-74.65,-10.75,11.65,-93.35,-87.4,,,,-20.549999999999997,-18.5,,,,59.0,48.0,76.0,,,,,96.0,97520.65,95604.93,3.8,0.0,27 (64QAM OR 256QAM / Low SE -64QAM),25.0,256QAM,Rank4,3.8,LEVEL_1,17.5,,0.0,0,0,0,,0,0,,0,0,0,0,0,0,,,,2434697.034833764,4576132.5412
1185,29.02718,41.09947,,,,,,,,,,,,,,,,,,,,,,0.0,,,,,,,,,,,,,0.0,0.0,0.0,,0.0,0.0,,0.0,0.0,0.0,0.0,0.0,0.0,,,,2435013.3170604883,4575193.000399999
1186,29.02718,41.10528,-72.4,-10.4,20.3,,,,,,,,,,,68.0,,,,,,,,97566.72,89948.9,6.9,0.0,26 (64QAM OR 256QAM OR 1024 QAM / Low SE -64QAM),29.0,256QAM,Rank4,6.9,LEVEL_1,,,,0,0,0,,0,0,,0,0,0,0,0,0,,,,2434797.9072269467,4575839.7696
1187,29.0272,41.10793,-74.65,-11.55,11.25,-77.1,,,,,-14.75,,,,,59.0,76.0,,,,,,94.4,96133.12,108326.75,6.2,0.0,27 (64QAM OR 256QAM / Low SE -64QAM),58.0,256QAM,Rank4,6.2,LEVEL_1,17.5,,0.0,0,0,0,,0,0,,0,0,0,0,0,0,,,,2434701.325831339,4576134.7676
1188,29.02721,41.09942,-128.05,-16.1,-1.7999999999999998,,,,,,,,,,,3.0,,,,,,22.0,145.4,3.57,,0.0,4.0,0 (QPSK),38.0,QPSK,Rank1,0.0,LEVEL_16,22.4,,12.6,0,0,0,39.0,0,0,,0,0,0,0,0,0, UL-DCCH RRCReconfigurationComplete,DL NAS transport,PDU session establishment accept,2435017.687359496,4575187.434400001
1189,29.02721,41.10791,-71.95,-11.2,10.5,-77.65,,,,,-13.4,,,,,59.0,76.0,,,,,,93.1,97336.38,78616.49,1.2,0.0,27 (64QAM OR 256QAM / Low SE -64QAM),24.0,256QAM,Rank4,1.2,LEVEL_1,17.5,,0.0,0,0,0,,0,0,,0,0,0,0,0,0,,,,2434702.906193893,4576132.5412
1190,29.02723,41.10528,-69.2,-10.4,21.5,,,,,,,,,,,68.0,,,,,,,92.6,97689.6,,10.0,0.0,25 (64QAM OR 256QAM OR 1024 QAM / Low SE -64QAM),29.0,256QAM,Rank4,10.0,LEVEL_1,17.5,,0.8,0,0,0,,0,0,,0,0,0,0,0,0,,,,2434802.1012235857,4575839.7696
1191,29.02724,41.10791,,,,,,,,,,,,,,,,,,,,,,,,0.4,0.0,27 (64QAM OR 256QAM / Low SE -64QAM),24.0,256QAM,Rank4,0.4,LEVEL_1,,,,0,0,0,,0,0,,0,0,0,0,0,0,,,,2434705.422491091,4576132.5412
1192,29.02724,41.10794,,,,,,,,,,,,,,,,,,,,,94.0,,,4.9,0.0,27 (64QAM OR 256QAM / Low SE -64QAM),57.0,256QAM,Rank4,4.9,LEVEL_1,17.5,,0.0,0,0,0,,0,0,,0,0,0,0,0,0,,,,2434704.3100942154,4576135.880799999
1193,29.02727,41.10791,-70.15,-11.100000000000001,10.3,-76.15,,,,,-15.55,,,,,59.0,76.0,,,,,,89.5,97428.42,94479.69,0.9,0.0,27 (64QAM OR 256QAM / Low SE -64QAM),24.0,256QAM,Rank4,0.9,LEVEL_1,17.5,,0.0,0,0,0,,0,0,,0,0,0,0,0,0,,,,2434707.9387882887,4576132.5412
1194,29.02728,41.10794,-72.25,-12.05,9.15,-111.7,-70.75,,,,-31.049999999999997,-13.25,,,,59.0,48.0,76.0,,,,,90.3,94801.92,77399.38,11.3,0.0,27 (64QAM OR 256QAM / Low SE -64QAM),63.0,256QAM,Rank4,11.3,LEVEL_1,17.5,,0.0,0,0,0,,0,0,,0,0,0,0,0,0,,,,2434707.665155613,4576135.880799999
1195,29.0273,41.09955,,,,,,,,,,,,,,,,,,,,,,0.0,,,,,,,,,,,,,0.0,0.0,0.0,,0.0,0.0,,0.0,0.0,0.0,0.0,0.0,0.0,,,,2435020.417644453,4575201.906
1196,29.0273,41.10791,-70.55,-11.350000000000001,9.4,-76.95,,,,,-15.9,,,,,59.0,76.0,,,,,,89.5,97935.36,94275.48,0.5,0.0,27 (64QAM OR 256QAM / Low SE -64QAM),24.0,256QAM,Rank4,0.5,LEVEL_1,17.5,,0.0,0,0,0,,0,0,,0,0,0,0,0,0,,,,2434710.4550854866,4576132.5412
1197,29.02731,41.10794,,,,,,,,,,,,,,,,,,,,,,,,,,,,,,,,,,,0.0,0.0,0.0,,0.0,0.0,,0.0,0.0,0.0,0.0,0.0,0.0,,,,2434710.181451661,4576135.880799999
1198,29.02732,41.09951,-130.4,-17.6,,,,,,,,,,,,3.0,,,,,,,,,,100.0,0.0,0 (QPSK),30.0,QPSK,Rank1,100.0,,,,,0,0,0,,0,0,,0,0,0,0,0,0, UL-CCCH RRCSetupRequest,Registration request,,2435023.578340342,4575197.4532
1199,29.02732,41.10529,-66.25,-10.4,27.35,,,,,,,,,,,68.0,,,,,,,92.8,88801.28,94843.59,8.7,0.0,25 (64QAM OR 256QAM OR 1024 QAM / Low SE -64QAM),29.0,256QAM,Rank4,8.7,LEVEL_1,17.5,,1.3,0,0,0,,0,0,,0,0,0,0,0,0,,,,2434809.279637135,4575840.8828
1200,29.02732,41.10789,-66.3,-10.85,13.45,-73.05,,,,,-14.8,,,,,59.0,76.0,,,,,,87.5,97520.69,84265.2,0.2,0.0,27 (64QAM OR 256QAM / Low SE -64QAM),24.0,256QAM,Rank4,0.2,LEVEL_1,17.5,,0.0,0,0,0,,0,0,,0,0,0,0,0,0,,,,2434712.8742165416,4576130.3148
1201,29.02732,41.1079,-69.9,-11.3,11.149999999999999,-74.44999999999999,,,,,-14.95,,,,,59.0,76.0,,,,,,89.3,97341.44,94581.34,0.5,0.0,27 (64QAM OR 256QAM / Low SE -64QAM),24.0,256QAM,Rank4,0.5,LEVEL_1,17.5,,1.0,0,0,0,,0,0,,0,0,0,0,0,0,,,,2434712.5034167836,4576131.428
1202,29.02733,41.1079,-66.96666666666667,-11.166666666666666,12.550000000000002,-73.0,,,,,-15.016666666666667,,,,,59.0,76.0,,,,,,86.0,97464.32,94296.08,0.2,0.0,27 (64QAM OR 256QAM / Low SE -64QAM),24.0,256QAM,Rank4,0.2,LEVEL_1,17.5,,3.0,0,0,0,,0,0,,0,0,0,0,0,0, UL-DCCH RRCReconfigurationComplete,,,2434713.342182644,4576131.428
1203,29.02735,41.10789,-68.2,-11.4,9.3,-72.9,,,,,-16.6,,,,,59.0,76.0,,,,,,86.4,81674.24,94256.96,6.8,0.0,24 (64QAM OR 256QAM OR 1024 QAM / Low SE -64QAM),29.0,256QAM,Rank4,6.8,LEVEL_1,17.4,,1.3,0,0,0,,0,0,,0,0,0,0,0,0,,,,2434715.390514506,4576130.3148
1204,29.02735,41.10795,-70.65,-10.95,12.350000000000001,-76.35,,,,,-18.700000000000003,,,,,59.0,76.0,,,,,,88.2,97059.77,108505.69,2.4,0.0,21 (64QAM OR 256QAM / Low SE -16QAM),74.0,256QAM,Rank4,2.4,LEVEL_1,17.5,,0.0,0,0,0,,0,0,,0,0,0,0,0,0,,,,2434713.1657125466,4576136.994
1205,29.02736,41.09959,,,,,,,,,,,,,,,,,,,,,,,,,,,,,,,,,,,0.0,0.0,0.0,,0.0,0.0,,0.0,0.0,0.0,0.0,0.0,0.0,,,,2435023.967925459,4575206.3588
1206,29.02736,41.1053,-68.2,-10.4,26.8,,,,,,,,,,,68.0,,,,,,,90.3,97233.94,95493.91,6.9,0.0,23 (64QAM OR 256QAM OR 1024 QAM / Low SE -64QAM),31.0,256QAM,Rank4,6.9,LEVEL_1,17.5,,0.0,0,0,0,,0,0,,0,0,0,0,0,0,,,,2434812.26405295,4575841.996
1207,29.02736,41.10784,-73.85,-13.75,-0.04999999999999999,-69.9,,,,,-11.45,,,,,76.0,59.0,,,,,,92.8,97152.07,97017.91,12.4,0.0,6 (QPSK OR 16QAM OR 64QAM / Low SE -QPSK),219.0,QPSK,Rank4,12.4,LEVEL_1,17.7,,7.3,0,0,0,,0,0,,0,0,0,0,0,0,,,,2434718.0832807263,4576124.7488
1208,29.02736,41.10786,-73.13333333333333,-14.6,-2.3333333333333335,-68.7,,,,,-11.366666666666665,,,,,59.0,59.0,,,,,2.0,91.0,85278.72,94695.73,14.5,0.0,7 (QPSK OR 16QAM OR 64QAM / Low SE -QPSK),165.0,QPSK,Rank4,14.5,LEVEL_1,17.9,-17.0,11.1,0,0,0,22.0,0,0,,0,0,0,0,0,0, BCCH-DL_SCH SIB1,,,2434717.341680856,4576126.9752
1209,29.02737,41.09956,,,,,,,,,,,,,,,,,,,,,,,,,,,,,,,,,,,0.0,0.0,0.0,,0.0,0.0,,0.0,0.0,0.0,0.0,0.0,0.0,,,,2435025.9190135244,4575203.0192
1210,29.02737,41.10772,-72.55000000000001,-13.65,-0.65,-66.94999999999999,,,,,-10.8,,,,,76.0,59.0,,,,,,100.9,89743.36,93135.53,8.2,0.0,9 (QPSK OR 16QAM OR 64QAM / Low SE -QPSK),88.0,16QAM,Rank4,8.2,LEVEL_1,17.7,,9.2,0,0,0,,0,0,,0,0,0,0,0,0,,,,2434723.3716418785,4576111.3904
1211,29.02737,41.10779,-71.7,-13.8,-0.35000000000000003,-69.30000000000001,,,,,-11.600000000000001,,,,,76.0,59.0,,,,,,93.2,97336.38,92142.81,9.5,8.0,6 (QPSK OR 16QAM OR 64QAM / Low SE -QPSK),169.0,QPSK,Rank4,9.5,LEVEL_1,18.3,,6.9,0,0,0,,0,0,,0,0,0,0,0,0,,,,2434720.7760463697,4576119.1828000005
1212,29.02738,41.10768,,,,,,,,,,,,,,,,,,,,,,,,66.0,0.0,28 (64QAM / Low SE -64QAM),137.0,256QAM,Rank4,66.0,LEVEL_1,,,,0,0,0,,0,0,,0,0,0,0,0,0,,,,2434725.69360635,4576106.9376
1213,29.02739,41.10764,-74.8,-14.75,-1.4000000000000001,-71.44999999999999,,,,,-11.75,,,,,76.0,59.0,,,,,,98.3,86568.96,80677.77,2.0,0.0,25 (64QAM OR 256QAM OR 1024 QAM / Low SE -64QAM),79.0,256QAM,Rank4,2.0,LEVEL_1,17.5,,2.1,0,0,0,,0,0,,0,0,0,0,0,0,,,,2434728.0155706583,4576102.484800001
1214,29.0274,41.1053,-63.2,-10.4,28.6,,,,,,,,,,,68.0,,,,,,,84.0,98461.01,,8.4,0.0,23 (64QAM OR 256QAM OR 1024 QAM / Low SE -64QAM),32.0,256QAM,Rank4,8.4,LEVEL_1,17.3,,0.8,0,0,0,,0,0,,0,0,0,0,0,0,,,,2434815.619249239,4575841.996
1215,29.02741,41.10755,-74.05,-12.1,3.7,-74.1,,,,,-12.9,,,,,76.0,59.0,,,,,,90.1,95784.96,93968.51,3.6,0.0,23 (64QAM OR 256QAM OR 1024 QAM / Low SE -64QAM),83.0,256QAM,Rank3,3.6,LEVEL_1,17.5,,0.8,0,0,0,,0,0,,0,0,0,0,0,0,,,,2434733.030297165,4576092.466
1216,29.02742,41.0996,,,,,,,,,,,,,,,,,,,,,,,,,,,,,,,,,,,0.0,0.0,0.0,,0.0,0.0,,0.0,0.0,0.0,0.0,0.0,0.0,,,,2435028.630418014,4575207.472
1217,29.02742,41.09963,,,,,,,,,,,,,,,,,,,,,,,,,,,,,,,,,,,0.0,0.0,0.0,,0.0,0.0,,0.0,0.0,0.0,0.0,0.0,0.0,,,,2435027.5181991477,4575210.8116
1218,29.02742,41.10751,,,,,,,,,,,,,,,,,,,,,,,,17.6,0.0,26 (64QAM OR 256QAM OR 1024 QAM / Low SE -64QAM),81.0,256QAM,Rank3,17.6,LEVEL_1,,,,0,0,0,,0,0,,0,0,0,0,0,0,,,,2434735.3522608094,4576088.0132
1219,29.02743,41.10531,-63.3,-10.4,26.3,,,,,,,,,,,68.0,,,,,,,,98119.75,95597.89,10.0,0.0,24 (64QAM OR 256QAM OR 1024 QAM / Low SE -64QAM),32.0,256QAM,Rank4,10.0,LEVEL_1,,,,0,0,0,,0,0,,0,0,0,0,0,0,,,,2434817.764864502,4575843.109200001
1220,29.02743,41.10746,-75.65,-10.8,9.3,-81.7,,,,,-14.75,,,,,76.0,59.0,,,,,,94.7,96112.64,93351.16,8.8,0.0,26 (64QAM OR 256QAM OR 1024 QAM / Low SE -64QAM),81.0,256QAM,Rank3,8.8,LEVEL_1,17.5,,0.5,0,0,0,,0,0,,0,0,0,0,0,0,,,,2434738.045022263,4576082.4472
1221,29.02743,41.10795,-68.4,-10.75,16.25,-80.25,,,,,-22.0,,,,,59.0,76.0,,,,,,84.5,95830.91,93721.86,7.5,0.0,24 (64QAM OR 256QAM OR 1024 QAM / Low SE -64QAM),69.0,256QAM,Rank4,7.5,LEVEL_1,17.5,,0.0,0,0,0,,0,0,,0,0,0,0,0,0,,,,2434719.8758343197,4576136.994
1222,29.02745,41.10737,-74.0,-10.7,11.45,-82.15,,,,,-16.5,,,,,76.0,59.0,,,,,,91.8,97172.51,108592.47,7.3,0.0,27 (64QAM OR 256QAM / Low SE -64QAM),77.0,256QAM,Rank3,7.3,LEVEL_1,17.5,,0.0,0,0,0,,0,0,,0,0,0,0,0,0,,,,2434743.059745953,4576072.428400001
1223,29.02746,41.10532,-63.2,-10.4,27.3,,,,,,,,,,,68.0,,,,,,,79.1,98590.72,,10.9,0.0,24 (64QAM OR 256QAM OR 1024 QAM / Low SE -64QAM),33.0,256QAM,Rank4,10.9,LEVEL_1,14.8,,0.0,0,0,0,,0,0,,0,0,0,0,0,0,,,,2434819.9104789253,4575844.2224
1224,29.02747,41.09965,-126.4,-14.0,,,,,,,,,,,,3.0,,,,,,,,,,0.0,0.0,0 (QPSK),30.0,QPSK,Rank1,0.0,,,,,0,0,0,,0,0,,0,0,0,0,0,0, BCCH-DL_SCH SIB1,,,2435030.9710757253,4575213.038
1225,29.02747,41.10733,,,,,,,,,,,,,,,,,,,,,,,,3.2,0.0,21 (64QAM OR 256QAM / Low SE -16QAM),102.0,256QAM,Rank3,3.2,LEVEL_1,,,,0,0,0,,0,0,,0,0,0,0,0,0,,,,2434746.2204817426,4576067.9756
1226,29.02748,41.10728,-72.15,-10.45,19.05,-83.15,,,,,-19.799999999999997,,,,,76.0,59.0,,,,,,88.9,97337.42,79931.93,6.1,0.0,23 (64QAM OR 256QAM OR 1024 QAM / Low SE -64QAM),83.0,256QAM,Rank4,6.1,LEVEL_1,17.5,,0.5,0,0,0,,0,0,,0,0,0,0,0,0,,,,2434748.9132420137,4576062.4096
1227,29.02748,41.10797,,,,,,,,,,,,,,,,,,,,,,,,,,,,,,,,,,,0.0,0.0,0.0,,0.0,0.0,,0.0,0.0,0.0,0.0,0.0,0.0,,,,2434723.3280558605,4576139.2204
1228,29.02749,41.10724,,,,,,,,,,,,,,,,,,,,,,,,12.3,0.0,23 (64QAM OR 256QAM OR 1024 QAM / Low SE -64QAM),79.0,256QAM,Rank4,12.3,LEVEL_1,,,,0,0,0,,0,0,,0,0,0,0,0,0,,,,2434751.2352046743,4576057.9568
1229,29.0275,41.1072,-70.30000000000001,-10.4,22.15,-81.75,,,,,-17.45,,,,,76.0,59.0,,,,,,99.2,96276.48,93898.82,18.0,0.0,24 (64QAM OR 256QAM OR 1024 QAM / Low SE -64QAM),83.0,256QAM,Rank4,18.0,LEVEL_1,17.5,,0.5,0,0,0,,0,0,,0,0,0,0,0,0,,,,2434753.5571671696,4576053.504
1230,29.02751,41.09969,,,,,,,,,,,,,,3.0,,,,,,,,,,,,,,,,,,,,,0,0,0,,0,0,,0,0,0,0,0,0, BCCH-BCH MIB,,,2435032.843595961,4575217.490800001
1231,29.02752,41.10712,-75.7,-10.45,18.299999999999997,-85.5,,,,,-17.35,,,,,76.0,59.0,,,,,,96.1,97505.28,94091.62,7.3,0.0,26 (64QAM OR 256QAM OR 1024 QAM / Low SE -64QAM),78.0,256QAM,Rank3,7.3,LEVEL_1,17.5,,0.0,0,0,0,,0,0,,0,0,0,0,0,0,,,,2434758.2010916662,4576044.5984000005
1232,29.02753,41.10534,-64.75,-10.4,26.35,-96.6,,,,,-23.1,,,,,68.0,76.0,,,,,,80.4,98611.2,95281.34,11.9,0.0,26 (64QAM OR 256QAM OR 1024 QAM / Low SE -64QAM),29.0,256QAM,Rank4,11.9,LEVEL_1,16.1,,0.0,0,0,0,,0,0,,0,0,0,0,0,0,,,,2434825.0405038106,4575846.448799999
1233,29.02754,41.09972,,,,,,,,,,,,,,,,,,,,,,,,,,,,,,,,,,,0.0,0.0,0.0,,0.0,0.0,,0.0,0.0,0.0,0.0,0.0,0.0,,,,2435034.2479826766,4575220.830399999
1234,29.02754,41.10705,-73.75,-10.45,22.8,-84.69999999999999,,,,,-16.6,,,,,76.0,59.0,,,,,,96.7,96890.88,94088.9,1.1,0.0,22 (64QAM OR 256QAM / Low SE -16QAM),92.0,256QAM,Rank3,1.1,LEVEL_1,17.5,,0.0,0,0,0,,0,0,,0,0,0,0,0,0,,,,2434762.47421924,4576036.806
1235,29.02754,41.10798,-68.4,-10.55,17.299999999999997,-80.9,,,,,-23.1,,,,,59.0,76.0,,,,,,89.1,95984.77,92545.28,5.5,0.0,26 (64QAM OR 256QAM OR 1024 QAM / Low SE -64QAM),61.0,256QAM,Rank4,5.5,LEVEL_1,17.5,,0.0,0,0,0,,0,0,,0,0,0,0,0,0,,,,2434727.989842496,4576140.3336
1236,29.02755,41.10536,-65.9,-10.4,24.5,-93.4,,,,,-25.1,,,,,68.0,76.0,,,,,,,98586.62,77561.0,10.6,12.0,23 (64QAM OR 256QAM OR 1024 QAM / Low SE -64QAM),34.0,256QAM,Rank4,10.6,LEVEL_1,,,,0,0,0,,0,0,,0,0,0,0,0,0,,,,2434825.976533293,4575848.6751999995
1237,29.02755,41.10701,,,,,,,,,,,,,,,,,,,,,91.1,,,,,,,,Rank4,,,17.5,,0.0,0,0,0,,0,0,,0,0,0,0,0,0,,,,2434764.796181081,4576032.353200001
1238,29.02756,41.09972,,,,,,,,,,,,,,,,,,,,,,,,,,,,,,,,,,,0.0,0.0,0.0,,0.0,0.0,,0.0,0.0,0.0,0.0,0.0,0.0,,,,2435035.925723366,4575220.830399999
1239,29.02756,41.10696,-70.2,-10.4,27.049999999999997,,,,,,,,,,,76.0,,,,,,,89.9,97162.21,103881.69,16.7,0.0,21 (64QAM OR 256QAM / Low SE -16QAM),85.0,64QAM,Rank4,16.7,LEVEL_1,17.5,,0.0,0,0,0,,0,0,,0,0,0,0,0,0,,,,2434767.4889386827,4576026.7872
1240,29.02758,41.10538,-67.4,-10.4,24.3,-84.1,,,,,-21.8,,,,,68.0,76.0,,,,,,85.7,98590.72,,10.0,0.0,21 (64QAM OR 256QAM / Low SE -16QAM),37.0,64QAM,Rank4,10.0,LEVEL_1,17.5,,0.0,0,0,0,,0,0,,0,0,0,0,0,0, UL-DCCH RRCReconfigurationComplete,,,2434827.7513595065,4575850.9015999995
1241,29.02758,41.10687,-71.2,-10.350000000000001,25.4,,,,,,,,,,,76.0,,,,,,,87.3,96220.04,82320.71,10.4,0.0,23 (64QAM OR 256QAM OR 1024 QAM / Low SE -64QAM),69.0,256QAM,Rank4,10.4,LEVEL_1,17.5,,1.7,0,0,0,,0,0,,0,0,0,0,0,0,,,,2434772.5036567166,4576016.7684
1242,29.02759,41.10683,,,,,,,,,,,,,,,,,,,,,,,,5.2,0.0,24 (64QAM OR 256QAM OR 1024 QAM / Low SE -64QAM),66.0,256QAM,Rank4,5.2,LEVEL_1,,,,0,0,0,,0,0,,0,0,0,0,0,0,,,,2434774.82561756,4576012.3156
1243,29.0276,41.10678,-70.15,-10.4,26.6,,,,,,,,,,,76.0,,,,,,,86.5,96035.71,92734.08,4.8,0.0,21 (64QAM OR 256QAM / Low SE -16QAM),78.0,256QAM,Rank4,4.8,LEVEL_1,17.5,,2.8,0,0,0,,0,0,,0,0,0,0,0,0,,,,2434777.518373341,4576006.7496
1244,29.02761,41.09975,,,,,,,,,,,,,,,,,,,,,,,,,,,,,,,,,,,0.0,0.0,0.0,,0.0,0.0,,0.0,0.0,0.0,0.0,0.0,0.0,,,,2435039.0078462716,4575224.17
1245,29.02762,41.1067,-65.85,-10.4,26.75,,,,,,,,,,,76.0,,,,,,,82.0,95974.31,92897.34,7.3,0.0,21 (64QAM OR 256QAM / Low SE -16QAM),76.0,256QAM,Rank4,7.3,LEVEL_1,17.5,,1.0,0,0,0,,0,0,,0,0,0,0,0,0,,,,2434782.162293867,4575997.844
1246,29.02763,41.10667,,,,,,,,,,,,,,,,,,,,,,,,13.1,0.0,24 (64QAM OR 256QAM OR 1024 QAM / Low SE -64QAM),66.0,256QAM,Rank4,13.1,LEVEL_1,,,,0,0,0,,0,0,,0,0,0,0,0,0,,,,2434784.113459287,4575994.5044
1247,29.02764,41.0998,,,,,,,,,,,,,,,,,,,,,,,,,,,,,,,,,,,0.0,0.0,0.0,,0.0,0.0,,0.0,0.0,0.0,0.0,0.0,0.0,,,,2435039.6707380614,4575229.7360000005
1248,29.02764,41.10542,-65.0,-10.4,26.3,-82.0,,,,,-20.4,,,,,68.0,76.0,,,,,,138.6,98611.2,61704.51,14.7,3.0,21 (64QAM OR 256QAM / Low SE -16QAM),41.0,64QAM,Rank4,14.7,LEVEL_1,17.5,,1.3,0,0,0,,0,0,,0,0,0,0,0,0, BCCH-DL_SCH SIB2,,,2434831.301006446,4575855.354400001
1249,29.02764,41.10663,-66.9,-10.4,27.0,,,,,,,,,,,76.0,,,,,,,81.6,94899.34,93228.13,13.1,0.0,26 (64QAM OR 256QAM OR 1024 QAM / Low SE -64QAM),65.0,256QAM,Rank4,13.1,LEVEL_1,17.3,,1.8,0,0,0,,0,0,,0,0,0,0,0,0,,,,2434786.435419307,4575990.0516
1250,29.02766,41.10544,-83.0,-18.85,-9.95,-69.2,,,,,-10.55,,,,,68.0,68.0,,,,,1.0,141.0,1085.44,94401.7,18.4,0.0,20 (64QAM OR 256QAM / Low SE -16QAM),67.0,256QAM,Rank3,18.4,LEVEL_16,17.6,-26.0,8.6,0,0,0,2.0,0,0,,0,0,0,0,0,0, BCCH-DL_SCH SIB1,,,2434832.2370298873,4575857.580800001
1251,29.02766,41.10657,-67.55000000000001,-10.4,28.799999999999997,,,,,,,,,,,76.0,,,,,,,84.1,96159.24,94062.62,10.5,0.0,26 (64QAM OR 256QAM OR 1024 QAM / Low SE -64QAM),61.0,256QAM,Rank4,10.5,LEVEL_1,17.5,,1.8,0,0,0,,0,0,,0,0,0,0,0,0,,,,2434790.337750453,4575983.3724
1252,29.02766,41.108,-71.15,-11.05,12.6,,,,,,,,,,,59.0,,,,,,,90.2,95400.8,92477.56,10.1,0.0,27 (64QAM OR 256QAM / Low SE -64QAM),65.0,256QAM,Rank4,10.1,LEVEL_1,17.5,,0.0,0,0,0,,0,0,,0,0,0,0,0,0,,,,2434737.3134109457,4576142.56
1253,29.02767,41.1065,-63.949999999999996,-10.350000000000001,30.049999999999997,,,,,,,,,,,76.0,,,,,,,79.0,97633.23,94498.87,7.6,0.0,26 (64QAM OR 256QAM OR 1024 QAM / Low SE -64QAM),28.0,256QAM,Rank4,7.6,LEVEL_1,16.0,,1.9,0,0,0,,0,0,,0,0,0,0,0,0,,,,2434793.7720922977,4575975.58
1254,29.02767,41.10654,,,,,,,,,,,,,,,,,,,,,,,,11.2,0.0,25 (64QAM OR 256QAM OR 1024 QAM / Low SE -64QAM),31.0,256QAM,Rank4,11.2,LEVEL_1,,,,0,0,0,,0,0,,0,0,0,0,0,0,,,,2434792.2889161743,4575980.0328
1255,29.02769,41.10546,-81.3,-15.0,-2.3,-75.7,,,,,-11.0,,,,,76.0,68.0,,,,,,,97484.8,,2.5,0.0,26 (64QAM OR 256QAM OR 1024 QAM / Low SE -64QAM),31.0,256QAM,Rank4,2.5,LEVEL_1,,,,0,0,0,,0,0,,0,0,0,0,0,0,,,,2434834.011849039,4575859.8072
1256,29.02769,41.10645,-65.25,-10.3,29.2,,,,,,,,,,,76.0,,,,,,,81.0,97551.31,92232.99,7.4,0.0,27 (64QAM OR 256QAM / Low SE -64QAM),26.0,256QAM,Rank4,7.4,LEVEL_1,17.0,,0.0,0,0,0,,0,0,,0,0,0,0,0,0,,,,2434797.303629549,4575970.014
1257,29.0277,41.09979,,,,,,,,,,,,,,,,,,,,,,,,,,,,,,,,,,,0.0,0.0,0.0,,0.0,0.0,,0.0,0.0,0.0,0.0,0.0,0.0,,,,2435045.0746985315,4575228.6228
1258,29.0277,41.10639,,,,,,,,,,,,,,,,,,,,,,,,6.6,0.0,27 (64QAM OR 256QAM / Low SE -64QAM),27.0,256QAM,Rank4,6.6,LEVEL_1,,,,0,0,0,,0,0,,0,0,0,0,0,0,,,,2434800.367175966,4575963.334799999
1259,29.0277,41.10641,-65.65,-10.350000000000001,30.85,,,,,,,,,,,76.0,,,,,,,82.0,93941.76,94888.63,3.8,0.0,27 (64QAM OR 256QAM / Low SE -64QAM),25.0,256QAM,Rank4,3.8,LEVEL_1,17.4,,1.8,0,0,0,,0,0,,0,0,0,0,0,0,,,,2434799.6255889176,4575965.561199999
1260,29.0277,41.10643,,,,,,,,,,,,,,,,,,,,,,,,8.0,0.0,27 (64QAM OR 256QAM / Low SE -64QAM),27.0,256QAM,Rank4,8.0,LEVEL_1,,,,0,0,0,,0,0,,0,0,0,0,0,0,,,,2434798.884001573,4575967.7876
1261,29.02771,41.10634,-65.05,-10.3,30.6,,,,,,,,,,,76.0,,,,,,,79.1,97218.56,89132.62,6.6,0.0,27 (64QAM OR 256QAM / Low SE -64QAM),27.0,256QAM,Rank4,6.6,LEVEL_1,16.2,,0.0,0,0,0,,0,0,,0,0,0,0,0,0,,,,2434803.059928076,4575957.768800001
1262,29.02771,41.10637,-66.0,-10.4,29.4,,,,,,,,,,,76.0,,,,,,,82.3,97484.8,94948.9,3.5,0.0,27 (64QAM OR 256QAM / Low SE -64QAM),25.0,256QAM,Rank4,3.5,LEVEL_1,17.4,,0.0,0,0,0,,0,0,,0,0,0,0,0,0,,,,2434801.947548122,4575961.1084
1263,29.02772,41.10631,-70.45,-10.4,28.5,,,,,,,,,,,76.0,,,,,,,87.0,95928.32,93856.36,8.3,0.0,27 (64QAM OR 256QAM / Low SE -64QAM),27.0,256QAM,Rank4,8.3,LEVEL_1,17.5,,0.0,0,0,0,,0,0,,0,0,0,0,0,0,,,,2434805.011093534,4575954.4292
1264,29.02773,41.10552,-81.5,-13.649999999999999,2.2,-78.94999999999999,,,,,-11.75,,,,,76.0,68.0,,,,,,98.7,97443.84,92007.38,4.2,0.0,25 (64QAM OR 256QAM OR 1024 QAM / Low SE -64QAM),31.0,256QAM,Rank4,4.2,LEVEL_1,17.5,,0.0,0,0,0,,0,0,,0,0,0,0,0,0,,,,2434835.142314205,4575866.4864
1265,29.02773,41.10629,-69.25,-10.4,27.75,,,,,,,,,,,76.0,,,,,,,88.2,97464.32,90921.27,4.5,0.0,27 (64QAM OR 256QAM / Low SE -64QAM),25.0,256QAM,Rank4,4.5,LEVEL_1,17.5,,0.0,0,0,0,,0,0,,0,0,0,0,0,0,,,,2434806.591466036,4575952.2028
1266,29.02773,41.10801,,,,,,,,,,,,,,,,,,,,,,,,,,,,,,,,,,,0.0,0.0,0.0,,0.0,0.0,,0.0,0.0,0.0,0.0,0.0,0.0,,,,2434742.8139572158,4576143.6732
1267,29.02775,41.09982,,,,,,,,,,,,,,,,,,,,,,,,,,,,,,,,,,,0.0,0.0,0.0,,0.0,0.0,,0.0,0.0,0.0,0.0,0.0,0.0,,,,2435048.156810045,4575231.962400001
1268,29.02775,41.10555,-80.4,-12.3,4.8,-80.4,,,,,-13.1,,,,,76.0,68.0,,,,,,96.5,96010.24,84821.2,9.4,0.0,26 (64QAM OR 256QAM OR 1024 QAM / Low SE -64QAM),28.0,256QAM,Rank4,9.4,LEVEL_1,17.5,,0.0,0,0,0,,0,0,,0,0,0,0,0,0,,,,2434835.7075434886,4575869.826
1269,29.02776,41.09985,,,,,,,,,,,,,,,,,,,,,,,,,,,,,,,,,,,0.0,0.0,0.0,,0.0,0.0,,0.0,0.0,0.0,0.0,0.0,0.0,,,,2435047.8834423223,4575235.302
1270,29.02776,41.10627,-67.0,-10.4,28.9,,,,,,,,,,,76.0,,,,,,,87.0,97587.2,89023.48,2.2,0.0,27 (64QAM OR 256QAM / Low SE -64QAM),25.0,256QAM,Rank4,2.2,LEVEL_1,17.5,,0.0,0,0,0,,0,0,,0,0,0,0,0,0,,,,2434809.849412117,4575949.9764
1271,29.02777,41.10558,-79.3,-11.4,6.9,-82.9,,,,,-15.7,,,,,76.0,68.0,,,,,,96.0,83869.99,,9.1,0.0,26 (64QAM OR 256QAM OR 1024 QAM / Low SE -64QAM),27.0,256QAM,Rank4,9.1,LEVEL_1,17.5,,0.0,0,0,0,,0,0,,0,0,0,0,0,0,,,,2434836.2727705706,4575873.1656
1272,29.02777,41.10601,-78.0,-10.55,17.1,,,,,,,,,,,76.0,,,,,,,92.8,72274.56,90783.15,6.2,0.0,25 (64QAM OR 256QAM OR 1024 QAM / Low SE -64QAM),24.0,256QAM,Rank4,6.2,LEVEL_1,17.5,,0.0,0,0,0,,0,0,,0,0,0,0,0,0,,,,2434820.3288035356,4575921.0331999995
1273,29.02777,41.10605,-76.25,-10.4,18.85,,,,,,,,,,,76.0,,,,,,,95.9,96926.75,92306.63,9.0,0.0,26 (64QAM OR 256QAM OR 1024 QAM / Low SE -64QAM),28.0,256QAM,Rank4,9.0,LEVEL_1,17.5,,1.0,0,0,0,,0,0,,0,0,0,0,0,0,,,,2434818.8456368395,4575925.4860000005
1274,29.02777,41.10609,-74.19999999999999,-10.4,24.8,,,,,,,,,,,76.0,,,,,,,90.6,94279.25,92301.25,6.7,0.0,23 (64QAM OR 256QAM OR 1024 QAM / Low SE -64QAM),32.0,256QAM,Rank4,6.7,LEVEL_1,17.5,,1.5,0,0,0,,0,0,,0,0,0,0,0,0,,,,2434817.3624689565,4575929.938800001
1275,29.02778,41.10561,-76.9,-11.1,8.8,-82.7,,,,,-15.2,,,,,76.0,68.0,,,,,,96.5,88576.0,73404.71,7.1,0.0,25 (64QAM OR 256QAM OR 1024 QAM / Low SE -64QAM),27.0,256QAM,Rank4,7.1,LEVEL_1,17.5,,0.0,0,0,0,,0,0,,0,0,0,0,0,0,,,,2434835.9992003404,4575876.5052
1276,29.02778,41.10596,-77.5,-10.6,18.9,,,,,,,,,,,76.0,,,,,,,94.6,53555.2,,10.0,0.0,26 (64QAM OR 256QAM OR 1024 QAM / Low SE -64QAM),23.0,256QAM,Rank4,10.0,LEVEL_1,17.5,,0.0,0,0,0,,0,0,,0,0,0,0,0,0,,,,2434823.0215508784,4575915.467200001
1277,29.02778,41.1061,-72.3,-10.4,23.2,,,,,,,,,,,76.0,,,,,,,92.4,95247.56,94139.23,11.1,0.0,24 (64QAM OR 256QAM OR 1024 QAM / Low SE -64QAM),66.0,256QAM,Rank4,11.1,LEVEL_1,17.5,,0.0,0,0,0,,0,0,,0,0,0,0,0,0,,,,2434817.830465654,4575931.052
1278,29.02778,41.10612,-71.0,-10.4,24.6,,,,,,,,,,,76.0,,,,,,,89.0,96931.84,,4.4,0.0,23 (64QAM OR 256QAM OR 1024 QAM / Low SE -64QAM),68.0,256QAM,Rank4,4.4,LEVEL_1,17.5,,0.8,0,0,0,,0,0,,0,0,0,0,0,0,,,,2434817.0888808635,4575933.278399999
1279,29.02779,41.1059,-79.2,-10.5,20.3,,,,,,,,,,,76.0,,,,,,,93.8,71827.12,,9.9,0.0,26 (64QAM OR 256QAM OR 1024 QAM / Low SE -64QAM),26.0,256QAM,Rank4,9.9,LEVEL_1,17.5,,2.2,0,0,0,,0,0,,0,0,0,0,0,0,,,,2434826.0850886474,4575908.788
1280,29.02779,41.10593,-79.4,-10.5,17.7,,,,,,,,,,,76.0,,,,,,,95.7,50196.48,66593.18,8.9,0.0,26 (64QAM OR 256QAM OR 1024 QAM / Low SE -64QAM),21.0,256QAM,Rank4,8.9,LEVEL_1,17.5,,0.0,0,0,0,,0,0,,0,0,0,0,0,0,,,,2434824.9727154174,4575912.1276
1281,29.02779,41.10613,-70.2,-10.4,26.4,,,,,,,,,,,76.0,,,,,,,,96701.48,94017.74,11.5,0.0,24 (64QAM OR 256QAM OR 1024 QAM / Low SE -64QAM),70.0,256QAM,Rank4,11.5,LEVEL_1,,,,0,0,0,,0,0,,0,0,0,0,0,0,,,,2434817.556876828,4575934.3916
1282,29.02779,41.10627,-69.9,-10.4,29.8,,,,,,,,,,,76.0,,,,,,,83.8,88596.48,92921.59,6.6,0.0,25 (64QAM OR 256QAM OR 1024 QAM / Low SE -64QAM),26.0,256QAM,Rank4,6.6,LEVEL_1,17.4,,2.3,0,0,0,,0,0,,0,0,0,0,0,0,,,,2434812.3657721626,4575949.9764
1283,29.0278,41.09984,,,,,,,,,,,,,,,,,,,,,,,,,,,,,,,,,,,0.0,0.0,0.0,,0.0,0.0,,0.0,0.0,0.0,0.0,0.0,0.0,,,,2435051.60966324,4575234.1888
1284,29.0278,41.10564,-76.7,-11.4,11.7,-83.2,,,,,-15.6,,,,,76.0,68.0,,,,,,94.0,81096.55,,6.5,0.0,27 (64QAM OR 256QAM / Low SE -64QAM),25.0,256QAM,Rank4,6.5,LEVEL_1,17.5,,0.0,0,0,0,,0,0,,0,0,0,0,0,0,,,,2434836.564423405,4575879.8448
1285,29.0278,41.10587,-75.4,-10.4,24.3,,,,,,,,,,,76.0,,,,,,,91.1,64266.24,52775.23,8.6,0.0,26 (64QAM OR 256QAM OR 1024 QAM / Low SE -64QAM),23.0,256QAM,Rank4,8.6,LEVEL_1,17.5,,1.1,0,0,0,,0,0,,0,0,0,0,0,0,,,,2434828.0362530006,4575905.4484
1286,29.02781,41.09988,,,,,,,,,,,,,,,,,,,,,,,,,,,,,,,,,,,0.0,0.0,0.0,,0.0,0.0,,0.0,0.0,0.0,0.0,0.0,0.0,,,,2435050.9655463696,4575238.6416
1287,29.02781,41.10567,-72.5,-10.6,16.2,-85.0,,,,,-16.6,,,,,76.0,68.0,,,,,,91.8,74178.56,68137.58,3.4,0.0,27 (64QAM OR 256QAM / Low SE -64QAM),22.0,256QAM,Rank4,3.4,LEVEL_1,17.5,,0.8,0,0,0,,0,0,,0,0,0,0,0,0,,,,2434836.2908499236,4575883.184400001
1288,29.02781,41.10571,-69.2,-10.6,20.2,,,,,,,,,,,76.0,,,,,,,88.3,81309.87,,5.2,0.0,27 (64QAM OR 256QAM / Low SE -64QAM),24.0,256QAM,Rank4,5.2,LEVEL_1,17.5,,0.0,0,0,0,,0,0,,0,0,0,0,0,0,,,,2434834.807691271,4575887.6372
1289,29.02781,41.10574,-72.9,-10.6,25.1,,,,,,,,,,,76.0,,,,,,,88.0,65655.44,64630.85,3.9,0.0,27 (64QAM OR 256QAM / Low SE -64QAM),22.0,256QAM,Rank4,3.9,LEVEL_1,17.5,,0.0,0,0,0,,0,0,,0,0,0,0,0,0,,,,2434833.695321502,4575890.976799999
1290,29.02781,41.10577,-69.4,-10.4,24.3,,,,,,,,,,,76.0,,,,,,,85.9,67915.24,,6.6,0.0,27 (64QAM OR 256QAM / Low SE -64QAM),22.0,256QAM,Rank4,6.6,LEVEL_1,17.5,,0.0,0,0,0,,0,0,,0,0,0,0,0,0,,,,2434832.582951066,4575894.3164
1291,29.02781,41.10584,-73.75,-10.5,25.55,,,,,,,,,,,76.0,,,,,,,86.5,67232.31,62083.67,8.7,0.0,27 (64QAM OR 256QAM / Low SE -64QAM),23.0,256QAM,Rank4,8.7,LEVEL_1,17.5,,0.0,0,0,0,,0,0,,0,0,0,0,0,0,,,,2434829.9874174534,4575902.1088000005
1292,29.02781,41.10614,-71.9,-10.4,26.6,,,,,,,,,,,76.0,,,,,,,86.8,97326.05,,13.7,0.0,26 (64QAM OR 256QAM OR 1024 QAM / Low SE -64QAM),67.0,256QAM,Rank4,13.7,LEVEL_1,17.5,,0.0,0,0,0,,0,0,,0,0,0,0,0,0,,,,2434818.863660804,4575935.5048
1293,29.02781,41.10803,-72.65,-11.25,9.45,-81.0,,,,,-16.2,,,,,59.0,48.0,,,,,,92.4,96440.32,93563.24,14.6,0.0,25 (64QAM OR 256QAM OR 1024 QAM / Low SE -64QAM),73.0,256QAM,Rank4,14.6,LEVEL_1,17.5,,0.0,0,0,0,,0,0,,0,0,0,0,0,0,,,,2434748.782458968,4576145.8996
1294,29.02782,41.10616,-71.9,-10.4,26.4,,,,,,,,,,,76.0,,,,,,,90.9,97049.63,94102.84,6.0,0.0,25 (64QAM OR 256QAM OR 1024 QAM / Low SE -64QAM),63.0,256QAM,Rank4,6.0,LEVEL_1,17.5,,0.0,0,0,0,,0,0,,0,0,0,0,0,0,,,,2434818.960862742,4575937.7312
1295,29.02782,41.10627,-71.15,-10.4,28.0,,,,,,,,,,,76.0,,,,,,,89.9,95400.84,92974.64,6.9,0.0,25 (64QAM OR 256QAM OR 1024 QAM / Low SE -64QAM),65.0,256QAM,Rank4,6.9,LEVEL_1,17.5,,0.0,0,0,0,,0,0,,0,0,0,0,0,0,,,,2434814.8821322084,4575949.9764
1296,29.02784,41.10617,-73.0,-10.3,27.0,,,,,,,,,,,76.0,,,,,,,89.4,97505.28,,9.4,0.0,25 (64QAM OR 256QAM OR 1024 QAM / Low SE -64QAM),62.0,256QAM,Rank4,9.4,LEVEL_1,17.5,,0.5,0,0,0,,0,0,,0,0,0,0,0,0,,,,2434820.267645346,4575938.8444
1297,29.02785,41.09986,,,,,,,,,,,,,,,,,,,,,,,,,,,,,,,,,,,0.0,0.0,0.0,,0.0,0.0,,0.0,0.0,0.0,0.0,0.0,0.0,,,,2435055.062513585,4575236.4152
1298,29.02785,41.10628,-73.95,-10.4,26.75,,,,,,,,,,,76.0,,,,,,,90.7,96174.08,92341.28,7.8,0.0,26 (64QAM OR 256QAM OR 1024 QAM / Low SE -64QAM),59.0,256QAM,Rank4,7.8,LEVEL_1,17.5,,0.0,0,0,0,,0,0,,0,0,0,0,0,0,,,,2434817.0276977415,4575951.0896
1299,29.02786,41.09991,,,,,,,,,,,,,,,,,,,,,,,,,,,,,,,,,,,0.0,0.0,0.0,,0.0,0.0,,0.0,0.0,0.0,0.0,0.0,0.0,,,,2435054.0476459186,4575241.9812
1300,29.02788,41.10619,-76.05,-10.4,25.15,,,,,,,,,,,76.0,,,,,,,92.7,96481.28,93848.68,9.7,0.0,26 (64QAM OR 256QAM OR 1024 QAM / Low SE -64QAM),62.0,256QAM,Rank4,9.7,LEVEL_1,17.5,,0.5,0,0,0,,0,0,,0,0,0,0,0,0,,,,2434822.8812088002,4575941.0708
1301,29.02789,41.10629,-75.3,-10.4,27.299999999999997,,,,,,,,,,,76.0,,,,,,,88.6,95042.7,92470.13,9.9,0.0,26 (64QAM OR 256QAM OR 1024 QAM / Low SE -64QAM),62.0,256QAM,Rank4,9.9,LEVEL_1,17.5,,0.0,0,0,0,,0,0,,0,0,0,0,0,0,,,,2434820.0120488596,4575952.2028
1302,29.02791,41.09987,,,,,,,,,,,,,,,,,,,,,,,,,,,,,,,,,,,0.0,0.0,0.0,,0.0,0.0,,0.0,0.0,0.0,0.0,0.0,0.0,,,,2435059.7249771883,4575237.5284
1303,29.02792,41.10623,-78.65,-10.45,24.6,-105.4,,,,,-25.85,,,,,76.0,48.0,,,,,,91.9,96834.52,94313.74,17.1,0.0,25 (64QAM OR 256QAM OR 1024 QAM / Low SE -64QAM),68.0,256QAM,Rank4,17.1,LEVEL_1,17.5,,0.5,0,0,0,,0,0,,0,0,0,0,0,0,,,,2434824.7531799152,4575945.5236
1304,29.02793,41.10631,-81.15,-10.5,22.9,,,,,,,,,,,76.0,,,,,,,97.3,95724.16,93124.42,17.5,0.0,26 (64QAM OR 256QAM OR 1024 QAM / Low SE -64QAM),66.0,256QAM,Rank4,17.5,LEVEL_1,17.5,,0.0,0,0,0,,0,0,,0,0,0,0,0,0,,,,2434822.625603125,4575954.4292
1305,29.02794,41.10804,-75.6,-13.0,3.2,-76.55000000000001,,,,,-14.100000000000001,,,,,59.0,48.0,,,,,,96.1,98489.6,93599.28,12.9,0.0,23 (64QAM OR 256QAM OR 1024 QAM / Low SE -64QAM),75.0,256QAM,Rank4,12.9,LEVEL_1,17.5,,0.5,0,0,0,,0,0,,0,0,0,0,0,0,,,,2434759.3155848486,4576147.012800001
1306,29.02795,41.10625,-82.2,-10.5,18.6,-98.0,,,,,-22.5,,,,,76.0,48.0,,,,,,96.7,97418.25,93518.05,7.3,0.0,20 (64QAM OR 256QAM / Low SE -16QAM),80.0,256QAM,Rank4,7.3,LEVEL_1,17.5,,0.0,0,0,0,,0,0,,0,0,0,0,0,0,,,,2434826.5279504317,4575947.75
1307,29.02796,41.10634,,,,,,,,,,,,,,,,,,,,,,,,,,,,,Rank4,,,,,,0,0,0,,0,0,,0,0,0,0,0,0,,,,2434824.0295727705,4575957.768800001
1308,29.02797,41.09989,,,,,,,,,,,,,,,,,,,,,,,,,,,,,,,,,,,0.0,0.0,0.0,,0.0,0.0,,0.0,0.0,0.0,0.0,0.0,0.0,,,,2435064.0166905355,4575239.7548
1309,29.02797,41.09994,,,,,,,,,,,,,,,,,,,,,,,,,,,,,,,,,,,0.0,0.0,0.0,,0.0,0.0,,0.0,0.0,0.0,0.0,0.0,0.0,,,,2435062.162946176,4575245.3208
1310,29.02798,41.10627,-84.3,-10.7,17.3,-93.2,,,,,-18.5,,,,,76.0,48.0,,,,,,97.6,96977.88,,9.8,0.0,20 (64QAM OR 256QAM / Low SE -16QAM),81.0,64QAM,Rank4,9.8,LEVEL_1,17.5,,0.0,0,0,0,,0,0,,0,0,0,0,0,0,,,,2434828.302719119,4575949.9764
1311,29.02799,41.10636,-80.1,-10.45,18.7,,,,,,,,,,,76.0,,,,,,,97.8,95662.08,92633.23,12.0,0.0,23 (64QAM OR 256QAM OR 1024 QAM / Low SE -64QAM),72.0,256QAM,Rank4,12.0,LEVEL_1,17.5,,0.0,0,0,0,,0,0,,0,0,0,0,0,0,,,,2434825.8043364184,4575959.995200001
1312,29.02801,41.10804,,,,,,,,,,,,,,,,,,,,,,,,,,,,,,,,,,,0.0,0.0,0.0,,0.0,0.0,,0.0,0.0,0.0,0.0,0.0,0.0,,,,2434765.186933352,4576147.012800001
1313,29.02802,41.0999,,,,,,,,,,,,,,,,,,,,,,,,,,,,,,,,,,,0.0,0.0,0.0,,0.0,0.0,,0.0,0.0,0.0,0.0,0.0,0.0,,,,2435067.84028204,4575240.868
1314,29.02802,41.1063,-79.1,-10.5,17.3,-90.5,,,,,-18.5,,,,,76.0,48.0,,,,,,99.5,97361.92,93210.37,11.7,0.0,22 (64QAM OR 256QAM / Low SE -16QAM),78.0,256QAM,Rank4,11.7,LEVEL_1,17.5,,0.0,0,0,0,,0,0,,0,0,0,0,0,0,,,,2434830.545475571,4575953.316
1315,29.02805,41.10632,-79.3,-10.5,20.5,-89.8,,,,,-22.2,,,,,76.0,48.0,,,,,,94.9,95518.72,,12.9,0.0,23 (64QAM OR 256QAM OR 1024 QAM / Low SE -64QAM),68.0,256QAM,Rank4,12.9,LEVEL_1,17.5,,0.5,0,0,0,,0,0,,0,0,0,0,0,0,,,,2434832.320239812,4575955.5424
1316,29.02806,41.10641,-80.0,-10.55,19.05,,,,,,,,,,,76.0,,,,,,,95.1,95411.31,92839.23,13.9,0.0,22 (64QAM OR 256QAM / Low SE -16QAM),76.0,256QAM,Rank4,13.9,LEVEL_1,17.5,,0.9,0,0,0,,0,0,,0,0,0,0,0,0,,,,2434829.821845087,4575965.561199999
1317,29.02808,41.09994,,,,,,,,,,,,,,,,,,,,,,,,,,,,,,,,,,,0.0,0.0,0.0,,0.0,0.0,,0.0,0.0,0.0,0.0,0.0,0.0,,,,2435071.3904890567,4575245.3208
1318,29.02808,41.10804,-77.33333333333333,-14.233333333333334,-4.0,-79.23333333333333,-79.8,,,,-15.233333333333334,-16.466666666666665,,,,48.0,59.0,76.0,,,,1.0,101.0,97387.46,79189.98,4.3,0.0,20 (64QAM OR 256QAM / Low SE -16QAM),95.0,256QAM,Rank4,4.3,LEVEL_16,17.5,-20.0,0.0,0,0,0,18.0,0,0,,0,0,0,0,0,0, BCCH-DL_SCH SIB1,,,2434771.058281856,4576147.012800001
1319,29.02809,41.09989,,,,,,,,,,,,,,,,,,,,,,,,,,,,,,,,,,,0.0,0.0,0.0,,0.0,0.0,,0.0,0.0,0.0,0.0,0.0,0.0,,,,2435074.083108614,4575239.7548
1320,29.02809,41.10643,,,,,,,,,,,,,,,,,,,,,,,,,,,,,,,,,,,0.0,0.0,0.0,,0.0,0.0,,0.0,0.0,0.0,0.0,0.0,0.0,,,,2434831.5966024594,4575967.7876
1321,29.02812,41.10646,-82.65,-10.9,13.5,-92.85,,,,,-19.450000000000003,,,,,76.0,48.0,,,,,,97.9,95590.66,92687.46,8.4,0.0,22 (64QAM OR 256QAM / Low SE -16QAM),76.0,256QAM,Rank4,8.4,LEVEL_1,17.5,,0.0,0,0,0,,0,0,,0,0,0,0,0,0,,,,2434833.000558706,4575971.1272
1322,29.02813,41.10637,-83.65,-10.8,15.1,-93.15,,,,,-19.95,,,,,76.0,48.0,,,,,,96.7,96354.62,92826.73,5.7,0.0,22 (64QAM OR 256QAM / Low SE -16QAM),68.0,256QAM,Rank4,5.7,LEVEL_1,17.5,,0.0,0,0,0,,0,0,,0,0,0,0,0,0,,,,2434837.1765351137,4575961.1084
1323,29.02815,41.09989,,,,,,,,,,,,,,,,,,,,,,,,,,,,,,,,,,,0.0,0.0,0.0,,0.0,0.0,,0.0,0.0,0.0,0.0,0.0,0.0,,,,2435079.116317654,4575239.7548
1324,29.02815,41.09994,,,,,,,,,,,,,,,,,,,,,,,,,,,,,,,,,,,0.0,0.0,0.0,,0.0,0.0,,0.0,0.0,0.0,0.0,0.0,0.0,,,,2435077.262561799,4575245.3208
1325,29.02818,41.10642,-81.25,-10.85,12.75,-89.7,,,,,-19.55,,,,,76.0,48.0,,,,,,99.2,95395.84,92734.54,10.4,0.0,22 (64QAM OR 256QAM / Low SE -16QAM),72.0,256QAM,Rank4,10.4,LEVEL_1,17.5,,0.0,0,0,0,,0,0,,0,0,0,0,0,0,,,,2434839.5164640434,4575966.6744
1326,29.02818,41.10651,-82.55000000000001,-11.600000000000001,10.45,-87.55000000000001,,,,,-15.899999999999999,,,,,76.0,48.0,,,,,,97.9,95825.92,92879.92,7.9,0.0,21 (64QAM OR 256QAM / Low SE -16QAM),74.0,256QAM,Rank4,7.9,LEVEL_1,17.5,,0.0,0,0,0,,0,0,,0,0,0,0,0,0,,,,2434836.1792628057,4575976.6932
1327,29.02821,41.09993,,,,,,,,,,,,,,,,,,,,,,,,,,,,,,,,,,,0.0,0.0,0.0,,0.0,0.0,,0.0,0.0,0.0,0.0,0.0,0.0,,,,2435082.6665190924,4575244.2076
1328,29.02821,41.10644,,,,,,,,,,,,,,,,,,,,,97.7,,,,,,,,,,,17.5,,0.0,0.0,0.0,0.0,,0.0,0.0,,0.0,0.0,0.0,0.0,0.0,0.0,,,,2434841.2912178193,4575968.9008
1329,29.02821,41.10802,-71.15,-11.05,9.3,-92.1,-86.75,,,,-22.049999999999997,-20.6,,,,48.0,59.0,76.0,,,,,87.6,97566.72,98484.97,11.4,0.0,25 (64QAM OR 256QAM OR 1024 QAM / Low SE -64QAM),65.0,256QAM,Rank4,11.4,LEVEL_1,17.5,,0.5,0,0,0,,0,0,,0,0,0,0,0,0,,,,2434782.7038390487,4576144.786400001
1330,29.02823,41.10646,-81.4,-11.45,9.2,-86.30000000000001,,,,,-15.25,,,,,76.0,48.0,,,,,,97.4,95825.92,92547.79,10.6,0.0,23 (64QAM OR 256QAM OR 1024 QAM / Low SE -64QAM),75.0,256QAM,Rank4,10.6,LEVEL_1,17.5,,0.0,0,0,0,,0,0,,0,0,0,0,0,0,,,,2434842.22718551,4575971.1272
1331,29.02823,41.10655,-81.7,-11.4,8.9,-87.5,,,,,-15.2,,,,,76.0,48.0,,,,,,97.9,95472.75,,10.2,0.0,22 (64QAM OR 256QAM / Low SE -16QAM),72.0,256QAM,Rank4,10.2,LEVEL_1,17.5,,0.0,0,0,0,,0,0,,0,0,0,0,0,0,,,,2434838.8899758533,4575981.146
1332,29.02825,41.10657,-78.2,-10.9,8.6,-85.5,,,,,-15.4,,,,,76.0,48.0,,,,,,95.5,96030.72,98073.98,,,,,,,,,17.5,,0.0,0.0,0.0,0.0,,0.0,0.0,,0.0,0.0,0.0,0.0,0.0,0.0,,,,2434839.8259385903,4575983.3724
1333,29.02826,41.10648,,,,,,,,,,,,,,,,,,,,,97.0,,,,,,,,,,,17.5,,0.0,0.0,0.0,0.0,,0.0,0.0,,0.0,0.0,0.0,0.0,0.0,0.0,,,,2434844.001935881,4575973.3536
1334,29.02827,41.10803,,,,,,,,,,,,,,,,,,,,,,96108.24,,,,,,,,,,,,,0.0,0.0,0.0,,0.0,0.0,,0.0,0.0,0.0,0.0,0.0,0.0,,,,2434787.3656121558,4576145.8996
1335,29.02828,41.09988,,,,,,,,,,,,,,,,,,,,,,,,,,,,,,,,,,,0.0,0.0,0.0,,0.0,0.0,,0.0,0.0,0.0,0.0,0.0,0.0,,,,2435090.392356515,4575238.6416
1336,29.02828,41.10649,-77.7,-11.0,11.95,-84.25,,,,,-15.350000000000001,,,,,76.0,48.0,,,,,,95.2,95805.44,92034.11,4.3,0.0,24 (64QAM OR 256QAM OR 1024 QAM / Low SE -64QAM),63.0,256QAM,Rank4,4.3,LEVEL_1,17.5,,0.0,0,0,0,,0,0,,0,0,0,0,0,0,,,,2434845.3087023166,4575974.4668000005
1337,29.02828,41.10659,-75.95,-10.75,12.2,-84.8,,,,,-18.4,,,,,76.0,48.0,,,,,,94.5,95241.91,88828.23,8.2,0.0,24 (64QAM OR 256QAM OR 1024 QAM / Low SE -64QAM),66.0,256QAM,Rank4,8.2,LEVEL_1,17.5,,0.0,0,0,0,,0,0,,0,0,0,0,0,0,,,,2434841.600682604,4575985.5988
1338,29.0283,41.10651,,,,,,,,,,,,,,,,,,,,,93.1,,,,,,,,,,,17.5,,0.0,0.0,0.0,0.0,,0.0,0.0,,0.0,0.0,0.0,0.0,0.0,0.0,,,,2434846.2446662006,4575976.6932
1339,29.0283,41.10661,,,,,,,,,,,,,,,,,,,,,94.1,,,,,,,,,,,17.5,,0.0,0.0,0.0,0.0,,0.0,0.0,,0.0,0.0,0.0,0.0,0.0,0.0,,,,2434842.5366424494,4575987.825200001
1340,29.02832,41.10663,-78.05000000000001,-11.8,9.85,-84.30000000000001,,,,,-16.9,,,,,76.0,48.0,,,,,,95.7,96707.84,94294.88,8.5,0.0,27 (64QAM OR 256QAM / Low SE -64QAM),37.0,256QAM,Rank4,8.5,LEVEL_1,17.5,,0.0,0,0,0,,0,0,,0,0,0,0,0,0,,,,2434843.4726009755,4575990.0516
1341,29.02833,41.10653,-78.4,-10.899999999999999,11.85,-85.7,,,,,-16.950000000000003,,,,,76.0,48.0,,,,,,95.7,95364.88,92075.54,10.0,0.0,26 (64QAM OR 256QAM OR 1024 QAM / Low SE -64QAM),59.0,256QAM,Rank4,10.0,LEVEL_1,17.5,,0.0,0,0,0,,0,0,,0,0,0,0,0,0,,,,2434848.0194121255,4575978.9196
1342,29.02833,41.10803,-75.1,-11.75,6.8,-81.85,,,,,-16.2,,,,,48.0,76.0,,,,,,94.0,97798.83,105945.32,5.1,0.0,27 (64QAM OR 256QAM / Low SE -64QAM),60.0,256QAM,Rank4,5.1,LEVEL_1,17.5,,0.5,0,0,0,,0,0,,0,0,0,0,0,0, UL-DCCH RRCReconfigurationComplete,,,2434792.3981973543,4576145.8996
1343,29.02835,41.09986,,,,,,,,,,,,,,,,,,,,,,,,,,,,,,,,,,,0.0,0.0,0.0,,0.0,0.0,,0.0,0.0,0.0,0.0,0.0,0.0,,,,2435097.0059414054,4575236.4152
1344,29.02835,41.10666,,,,,,,,,,,,,,,,,,,,,95.9,,,,,,,,,,,17.5,,0.0,0.0,0.0,0.0,,0.0,0.0,,0.0,0.0,0.0,0.0,0.0,0.0,,,,2434844.876536293,4575993.3911999995
1345,29.02836,41.0999,,,,,,,,,,,,,,,,,,,,,,,,,,,,,,,,,,,0.0,0.0,0.0,,0.0,0.0,,0.0,0.0,0.0,0.0,0.0,0.0,,,,2435096.3617955875,4575240.868
1346,29.02838,41.10657,-78.9,-12.95,6.3,-81.19999999999999,,,,,-13.95,,,,,76.0,48.0,,,,,,95.8,95227.01,92675.54,6.2,0.0,25 (64QAM OR 256QAM OR 1024 QAM / Low SE -64QAM),63.0,256QAM,Rank4,6.2,LEVEL_1,17.5,,0.0,0,0,0,,0,0,,0,0,0,0,0,0,,,,2434850.7301156376,4575983.3724
1347,29.02838,41.10668,-81.15,-14.2,4.85,-79.55,-86.25,,,,-12.65,-17.950000000000003,,,,76.0,48.0,59.0,,,,,97.6,97218.56,106834.42,3.1,0.0,26 (64QAM OR 256QAM OR 1024 QAM / Low SE -64QAM),26.0,256QAM,Rank4,3.1,LEVEL_1,17.5,,0.0,0,0,0,,0,0,,0,0,0,0,0,0,,,,2434846.651272968,4575995.6175999995
1348,29.02841,41.1066,,,,,,,,,,,,,,,,,,,,,95.2,,,,,,,,,,,17.5,,0.0,0.0,0.0,0.0,,0.0,0.0,,0.0,0.0,0.0,0.0,0.0,0.0,,,,2434852.1340522906,4575986.712
1349,29.02842,41.09985,,,,,,,,,,,,,,,,,,,,,,,,,,,,,,,,,,,0.0,0.0,0.0,,0.0,0.0,,0.0,0.0,0.0,0.0,0.0,0.0,,,,2435103.2487754747,4575235.302
1350,29.02845,41.10663,-80.7,-12.2,5.75,-83.65,,,,,-14.5,,,,,76.0,48.0,,,,,,95.9,95421.32,92719.76,11.9,0.0,23 (64QAM OR 256QAM OR 1024 QAM / Low SE -64QAM),72.0,256QAM,Rank4,11.9,LEVEL_1,17.5,,0.0,0,0,0,,0,0,,0,0,0,0,0,0,,,,2434854.376768059,4575990.0516
1351,29.02845,41.10674,-77.4,-11.149999999999999,9.55,-82.9,-81.5,,,,-17.05,-12.9,,,,76.0,48.0,59.0,,,,,98.4,97368.09,75161.64,7.8,12.0,26 (64QAM OR 256QAM OR 1024 QAM / Low SE -64QAM),35.0,256QAM,Rank3,7.8,LEVEL_1,17.5,,0.0,0,0,0,,0,0,,0,0,0,0,0,0, UL-DCCH RRCReconfigurationComplete,,,2434850.297910658,4576002.296800001
1352,29.02846,41.10809,-79.45,-11.95,8.1,-85.1,-88.4,,,,-15.95,-17.8,,,,48.0,59.0,76.0,,,,,94.3,96542.72,94200.79,9.1,0.0,25 (64QAM OR 256QAM OR 1024 QAM / Low SE -64QAM),64.0,256QAM,Rank4,9.1,LEVEL_1,17.5,,0.0,0,0,0,,0,0,,0,0,0,0,0,0,,,,2434801.0772386855,4576152.578799999
1353,29.02848,41.10665,,,,,,,,,,,,,,,,,,,,,96.1,,,,,,,,,,,17.5,,0.0,0.0,0.0,0.0,,0.0,0.0,,0.0,0.0,0.0,0.0,0.0,0.0,,,,2434856.1515037734,4575992.278
1354,29.0285,41.10808,,,,,,,,,,,,,,,,,,,,,,,,,,,,,,,,,,,0.0,0.0,0.0,,0.0,0.0,,0.0,0.0,0.0,0.0,0.0,0.0,,,,2434804.803108659,4576151.4656
1355,29.02851,41.09986,,,,,,,,,,,,,,,,,,,,,,,,,,,,,,,,,,,0.0,0.0,0.0,,0.0,0.0,,0.0,0.0,0.0,0.0,0.0,0.0,,,,2435110.427838308,4575236.4152
1356,29.02851,41.10668,-74.0,-10.7,12.2,-83.30000000000001,,,,,-18.75,,,,,76.0,48.0,,,,,,89.2,95458.35,92690.55,6.2,5.0,21 (64QAM OR 256QAM / Low SE -16QAM),73.0,64QAM,Rank4,6.2,LEVEL_1,17.5,,0.0,0,0,0,,0,0,,0,0,0,0,0,0, UL-DCCH RRCReconfigurationComplete,,,2434857.5554317487,4575995.6175999995
1357,29.02852,41.10679,-78.5,-11.2,11.8,-83.8,,,,,-16.7,,,,,76.0,48.0,,,,,,92.6,97377.3,93639.64,7.9,0.0,22 (64QAM OR 256QAM / Low SE -16QAM),35.0,256QAM,Rank4,7.9,LEVEL_1,17.5,,1.8,0,0,0,,0,0,,0,0,0,0,0,0,,,,2434854.3153418773,4576007.862799999
1358,29.02854,41.10807,-78.45,-11.1,8.8,-86.19999999999999,-92.25,,,,-17.950000000000003,-21.85,,,,48.0,59.0,76.0,,,,,96.1,96686.08,94114.74,9.0,0.0,25 (64QAM OR 256QAM OR 1024 QAM / Low SE -64QAM),63.0,256QAM,Rank4,9.0,LEVEL_1,17.5,,0.0,0,0,0,,0,0,,0,0,0,0,0,0,,,,2434808.528979581,4576150.3524
1359,29.02856,41.10683,-81.8,-13.6,-2.6,-87.19999999999999,-83.45,,,,-18.95,-15.6,,,,76.0,48.0,59.0,,,,4.0,103.7,,,31.0,2.0,22 (64QAM OR 256QAM / Low SE -16QAM),121.0,64QAM,Rank3,31.0,LEVEL_1,17.5,-14.0,1.6,0,0,0,21.0,0,0,,0,0,0,0,0,0, BCCH-DL_SCH SIB1,,,2434856.1872318326,4576012.3156
1360,29.02857,41.09981,,,,,,,,,,,,,,,,,,,,,,,,,,,,,,,,,,,0.0,0.0,0.0,,0.0,0.0,,0.0,0.0,0.0,0.0,0.0,0.0,,,,2435117.314829356,4575230.8492
1361,29.02858,41.10673,-77.4,-10.8,9.9,-84.5,,,,,-17.5,,,,,76.0,48.0,,,,,,93.2,103193.34,93948.88,8.7,2.0,20 (64QAM OR 256QAM / Low SE -16QAM),52.0,64QAM,Rank4,8.7,LEVEL_16,17.5,,0.0,0,0,0,,0,0,,0,0,0,0,0,0, BCCH-DL_SCH SIB2,,,2434861.5728667253,4576001.1836
1362,29.02859,41.09984,,,,,,,,,,,,,,,,,,,,,,,,,,,,,,,,,,,0.0,0.0,0.0,,0.0,0.0,,0.0,0.0,0.0,0.0,0.0,0.0,,,,2435117.880299377,4575234.1888
1363,29.02859,41.10686,-87.6,-15.25,-1.05,-86.94999999999999,-82.7,,,,-16.4,-11.3,,,,48.0,59.0,76.0,,,,,106.1,96087.76,94354.13,13.3,0.0,24 (64QAM OR 256QAM OR 1024 QAM / Low SE -64QAM),91.0,256QAM,Rank3,13.3,LEVEL_1,17.5,,2.5,0,0,0,,0,0,,0,0,0,0,0,0,,,,2434857.5911458386,4576015.6552
1364,29.02862,41.10676,-88.1,-15.0,-2.0,-79.7,,,,,-11.1,,,,,76.0,76.0,,,,,4.0,104.1,47226.88,,15.3,0.0,14 (16QAM OR 64QAM / Low SE -QPSK),135.0,64QAM,Rank4,15.3,LEVEL_1,17.5,-14.0,0.0,0,0,0,1.0,0,0,,0,0,0,0,0,0, BCCH-DL_SCH SIB1,,,2434863.8155664443,4576004.5232
1365,29.02864,41.10807,-80.05000000000001,-10.9,10.25,-91.69999999999999,-91.0,,,,-19.65,-22.0,,,,48.0,59.0,76.0,,,,,95.0,94715.03,94009.69,6.7,0.0,26 (64QAM OR 256QAM OR 1024 QAM / Low SE -64QAM),61.0,256QAM,Rank4,6.7,LEVEL_1,17.5,,0.0,0,0,0,,0,0,,0,0,0,0,0,0,,,,2434816.916616468,4576150.3524
1366,29.02866,41.09983,,,,,,,,,,,,,,,,,,,,,,,,,,,,,,,,,,,0.0,0.0,0.0,,0.0,0.0,,0.0,0.0,0.0,0.0,0.0,0.0,,,,2435124.123138151,4575233.0756
1367,29.02866,41.10679,-83.19999999999999,-13.95,-0.65,-82.0,,,,,-12.3,,,,,48.0,76.0,,,,,,102.5,95764.48,92821.52,14.5,0.0,15 (16QAM OR 64QAM OR 256QAM / Low SE -16QAM),129.0,64QAM,Rank4,14.5,LEVEL_1,17.5,,0.0,0,0,0,,0,0,,0,0,0,0,0,0,,,,2434866.0582624306,4576007.862799999
1368,29.02867,41.10692,-84.1,-12.899999999999999,2.8499999999999996,-84.55,,,,,-12.5,,,,,48.0,76.0,,,,,,103.7,96752.55,94440.48,19.8,0.0,25 (64QAM OR 256QAM OR 1024 QAM / Low SE -64QAM),94.0,256QAM,Rank3,19.8,LEVEL_1,17.5,,2.0,0,0,0,,0,0,,0,0,0,0,0,0,,,,2434862.0765217077,4576022.3344
1369,29.02871,41.10695,,,,,,,,,,,,,,,,,,,,,103.4,,,,,,,,,,,17.5,,1.0,0.0,0.0,0.0,,0.0,0.0,,0.0,0.0,0.0,0.0,0.0,0.0,,,,2434864.319204042,4576025.674
1370,29.02872,41.09976,,,,,,,,,,,,,,,,,,,,,,,,,,,,,,,,,,,0.0,0.0,0.0,,0.0,0.0,,0.0,0.0,0.0,0.0,0.0,0.0,,,,2435131.7516547157,4575225.2832
1371,29.02872,41.10806,-82.6,-11.0,9.35,-91.15,,,,,-17.4,,,,,48.0,59.0,,,,,,99.1,94873.27,92639.68,4.6,0.0,27 (64QAM OR 256QAM / Low SE -64QAM),73.0,256QAM,Rank3,4.6,LEVEL_1,17.5,,0.0,0,0,0,,0,0,,0,0,0,0,0,0,,,,2434823.997544881,4576149.239200001
1372,29.02873,41.09981,,,,,,,,,,,,,,,,,,,,,,,,,,,,,,,,,,,0.0,0.0,0.0,,0.0,0.0,,0.0,0.0,0.0,0.0,0.0,0.0,,,,2435130.7367364764,4575230.8492
1373,29.02873,41.10684,-86.95,-13.8,2.6500000000000004,-83.55000000000001,,,,,-11.85,,,,,48.0,76.0,,,,,,95.1,96031.48,93258.94,13.0,0.0,16 (16QAM OR 64QAM OR 256QAM / Low SE -16QAM),118.0,64QAM,Rank4,13.0,LEVEL_1,17.5,,0.0,0,0,0,,0,0,,0,0,0,0,0,0,,,,2434870.0756739117,4576013.4288
1374,29.02876,41.10698,-89.45,-14.25,0.95,-86.4,,,,,-12.15,,,,,48.0,76.0,,,,,,106.2,97725.37,101894.88,6.9,0.0,20 (64QAM OR 256QAM / Low SE -16QAM),110.0,64QAM,Rank3,6.9,LEVEL_1,17.5,,0.6,0,0,0,,0,0,,0,0,0,0,0,0,,,,2434867.4006602555,4576029.0136
1375,29.02876,41.10806,,,,,,,,,,,,,,,,,,,,,,,,,,,,,Rank4,,,,,,0,0,0,,0,0,,0,0,0,0,0,0,,,,2434827.352600147,4576149.239200001
1376,29.02879,41.09974,,,,,,,,,,,,,,,,,,,,,,,,,,,,,,,,,,,0.0,0.0,0.0,,0.0,0.0,,0.0,0.0,0.0,0.0,0.0,0.0,,,,2435138.3652597936,4575223.056799999
1377,29.0288,41.1069,-89.5,-14.45,0.6000000000000001,-90.19999999999999,-86.8,,,,-15.25,-12.6,,,,48.0,76.0,76.0,,,,,105.4,96153.6,93365.99,10.4,0.0,10 (16QAM OR 64QAM / Low SE -QPSK),164.0,16QAM,Rank4,10.4,LEVEL_1,17.5,,0.5,0,0,0,,0,0,,0,0,0,0,0,0,,,,2434873.7222633497,4576020.108
1378,29.02881,41.09978,,,,,,,,,,,,,,,,,,,,,,,,,,,,,,,,,,,0.0,0.0,0.0,,0.0,0.0,,0.0,0.0,0.0,0.0,0.0,0.0,,,,2435138.5599661684,4575227.5096
1379,29.02881,41.10805,-81.85,-11.05,12.5,-91.4,-107.85,,,,-19.950000000000003,-28.05,,,,48.0,59.0,76.0,,,,,93.5,96051.84,92924.19,10.6,0.0,26 (64QAM OR 256QAM OR 1024 QAM / Low SE -64QAM),60.0,256QAM,Rank4,10.6,LEVEL_1,17.5,,0.0,0,0,0,,0,0,,0,0,0,0,0,0,,,,2434831.917239208,4576148.126
1380,29.02884,41.10704,-88.35,-13.55,1.95,-86.80000000000001,,,,,-12.3,,,,,48.0,76.0,,,,,,104.6,96931.84,102232.98,16.2,0.0,22 (64QAM OR 256QAM / Low SE -16QAM),103.0,256QAM,Rank3,16.2,LEVEL_1,17.5,,0.0,0,0,0,,0,0,,0,0,0,0,0,0,,,,2434871.8860054924,4576035.692799999
1381,29.02886,41.09972,,,,,,,,,,,,,,,,,,,,,,,,,,,,,,,,,,,0.0,0.0,0.0,,0.0,0.0,,0.0,0.0,0.0,0.0,0.0,0.0,,,,2435144.978868151,4575220.830399999
1382,29.02888,41.10697,-88.19999999999999,-12.8,3.05,-90.55,-88.6,,,,-14.25,-13.3,,,,48.0,59.0,76.0,,,,,105.4,95931.67,92460.97,18.6,0.0,16 (16QAM OR 64QAM OR 256QAM / Low SE -16QAM),128.0,64QAM,Rank4,18.6,LEVEL_1,17.5,,0.0,0,0,0,,0,0,,0,0,0,0,0,0,,,,2434877.8368044677,4576027.9004
1383,29.0289,41.10805,-78.3,-10.649999999999999,15.35,-101.2,-120.4,,,,-25.549999999999997,-34.3,,,,48.0,59.0,76.0,,,,,94.6,94863.36,77649.47,12.4,0.0,27 (64QAM OR 256QAM / Low SE -64QAM),59.0,256QAM,Rank4,12.4,LEVEL_1,17.5,,0.0,0,0,0,,0,0,,0,0,0,0,0,0,,,,2434839.466114706,4576148.126
1384,29.02891,41.10711,-88.5,-13.0,3.8,-89.3,,,,,-12.6,,,,,48.0,76.0,,,,,,104.3,97075.2,,10.7,0.0,20 (64QAM OR 256QAM / Low SE -16QAM),107.0,64QAM,Rank3,10.7,LEVEL_1,17.5,,1.0,0,0,0,,0,0,,0,0,0,0,0,0,,,,2434875.161745506,4576043.4852
1385,29.02892,41.10805,,,,,,,,,,,,,,,,,,,,,,,,,,,,,,,,,,,0.0,0.0,0.0,,0.0,0.0,,0.0,0.0,0.0,0.0,0.0,0.0,,,,2434841.143642594,4576148.126
1386,29.02894,41.10714,-87.9,-12.8,4.5,-88.5,,,,,-12.6,,,,,48.0,76.0,,,,,,103.6,,78318.27,,,,,,,,,17.5,,0.0,0,0,0,,0,0,,0,0,0,0,0,0, UL-DCCH RRCReconfigurationComplete,,,2434876.5656291386,4576046.8248000005
1387,29.02895,41.09974,,,,,,,,,,,,,,,,,,,,,,,,,,,,,,,,,,,0.0,0.0,0.0,,0.0,0.0,,0.0,0.0,0.0,0.0,0.0,0.0,,,,2435151.787181218,4575223.056799999
1388,29.02895,41.10805,-76.35,-10.45,18.95,-136.4,-98.0,,,,-37.85,-23.2,,,,48.0,59.0,76.0,,,,,95.2,95616.1,104327.62,4.3,0.0,25 (64QAM OR 256QAM OR 1024 QAM / Low SE -64QAM),63.0,256QAM,Rank4,4.3,LEVEL_1,17.5,,0.0,0,0,0,,0,0,,0,0,0,0,0,0,,,,2434843.659934427,4576148.126
1389,29.02897,41.10703,-87.95,-12.4,4.7,-90.75,,,,,-13.8,,,,,48.0,76.0,,,,,,103.5,96747.52,93578.83,17.1,0.0,16 (16QAM OR 64QAM OR 256QAM / Low SE -16QAM),124.0,64QAM,Rank4,17.1,LEVEL_1,17.5,,0.0,0,0,0,,0,0,,0,0,0,0,0,0,,,,2434883.1609189473,4576034.5796
1390,29.02897,41.10717,-86.1,-12.0,5.2,-89.7,,,,,-14.1,,,,,48.0,76.0,,,,,,102.4,97198.08,94054.31,8.8,0.0,19 (64QAM OR 256QAM / Low SE -16QAM),111.0,64QAM,Rank3,8.8,LEVEL_1,17.5,,0.5,0,0,0,,0,0,,0,0,0,0,0,0,,,,2434877.9695098046,4576050.1644
1391,29.02899,41.09969,,,,,,,,,,,,,,,,,,,,,,,,,,,,,,,,,,,0.0,0.0,0.0,,0.0,0.0,,0.0,0.0,0.0,0.0,0.0,0.0,,,,2435156.9964636555,4575217.490800001
1392,29.02899,41.1072,-86.3,-11.8,6.4,-89.0,,,,,-12.0,,,,,48.0,76.0,,,,,,101.8,,,,,,,,,,,17.5,,0.0,0.0,0.0,0.0,,0.0,0.0,,0.0,0.0,0.0,0.0,0.0,0.0,,,,2434878.5346127017,4576053.504
1393,29.029,41.10706,,,,,,,,,,,,,,,,,,,,,103.0,,,,,,,,,,,17.5,,0.0,0.0,0.0,0.0,,0.0,0.0,,0.0,0.0,0.0,0.0,0.0,0.0,,,,2434884.564805127,4576037.919199999
1394,29.029,41.10803,-79.6,-10.5,16.75,-95.4,,,,,-21.9,,,,,48.0,76.0,,,,,,100.9,95354.88,93904.0,9.4,0.0,23 (64QAM OR 256QAM OR 1024 QAM / Low SE -64QAM),74.0,256QAM,Rank4,9.4,LEVEL_1,17.5,,0.0,0,0,0,,0,0,,0,0,0,0,0,0,,,,2434848.595398736,4576145.8996
1395,29.02901,41.10722,-86.75,-12.5,5.1,-88.19999999999999,,,,,-12.6,,,,,48.0,76.0,,,,,,103.2,97320.96,93290.05,3.9,0.0,16 (16QAM OR 64QAM OR 256QAM / Low SE -16QAM),137.0,64QAM,Rank3,3.9,LEVEL_1,17.5,,0.0,0,0,0,,0,0,,0,0,0,0,0,0,,,,2434879.4705297747,4576055.7304
1396,29.02903,41.10801,-83.95,-10.6,12.65,-96.05000000000001,,,,,-18.8,,,,,48.0,76.0,,,,,,100.3,95825.92,92341.84,8.4,0.0,23 (64QAM OR 256QAM OR 1024 QAM / Low SE -64QAM),85.0,256QAM,Rank3,8.4,LEVEL_1,17.5,,0.0,0,0,0,,0,0,,0,0,0,0,0,0,,,,2434851.8533363934,4576143.6732
1397,29.02904,41.10709,-86.55,-12.55,5.9,-89.7,,,,,-14.149999999999999,,,,,48.0,76.0,,,,,,101.5,96460.8,92975.59,11.1,0.0,14 (16QAM OR 64QAM / Low SE -QPSK),130.0,64QAM,Rank4,11.1,LEVEL_1,17.5,,0.0,0,0,0,,0,0,,0,0,0,0,0,0,,,,2434886.8074645465,4576041.2588
1398,29.02904,41.10728,-87.0,-11.9,3.6,-88.8,,,,,-12.3,,,,,48.0,76.0,,,,,,102.1,95472.75,90490.34,8.5,1.0,13 (16QAM OR 64QAM / Low SE -QPSK),164.0,64QAM,Rank3,8.5,LEVEL_2,17.5,,0.0,0,0,0,,0,0,,0,0,0,0,0,0,,,,2434879.7619517413,4576062.4096
1399,29.02904,41.108,,,,,,,,,,,,,,,,,,,,,102.5,,,,,,,,,,,17.5,,0.0,0.0,0.0,0.0,,0.0,0.0,,0.0,0.0,0.0,0.0,0.0,0.0,,,,2434853.0629233937,4576142.56
1400,29.02905,41.09967,,,,,,,,,,,,,,,,,,,,,,,,,,,,,,,,,,,0.0,0.0,0.0,,0.0,0.0,,0.0,0.0,0.0,0.0,0.0,0.0,,,,2435162.7712098667,4575215.264400001
1401,29.02906,41.1073,-87.1,-11.6,6.5,-89.3,,,,,-12.5,,,,,48.0,76.0,,,,,,102.2,,,,,,,,,,,17.5,,0.5,0.0,0.0,0.0,,0.0,0.0,,0.0,0.0,0.0,0.0,0.0,0.0,,,,2434880.697864307,4576064.636
1402,29.02906,41.108,-85.75,-10.8,10.649999999999999,-96.1,,,,,-20.3,,,,,48.0,59.0,,,,,,103.2,96077.17,92904.42,11.5,0.0,23 (64QAM OR 256QAM OR 1024 QAM / Low SE -64QAM),96.0,256QAM,Rank3,11.5,LEVEL_1,17.5,,0.0,0,0,0,,0,0,,0,0,0,0,0,0,,,,2434854.7404525597,4576142.56
1403,29.02907,41.0997,,,,,,,,,,,,,,,,,,,,,,,,,,,,,,,,,,,0.0,0.0,0.0,,0.0,0.0,,0.0,0.0,0.0,0.0,0.0,0.0,,,,2435163.3366681873,4575218.604
1404,29.02907,41.10712,,,,,,,,,,,,,,,,,,,,,103.1,,,,,,,,,,,17.5,,0.0,0.0,0.0,0.0,,0.0,0.0,,0.0,0.0,0.0,0.0,0.0,0.0,,,,2434888.211344409,4576044.5984000005
1405,29.02907,41.10732,-86.4,-12.6,5.8,-87.6,,,,,-13.5,,,,,48.0,76.0,,,,,,102.2,96542.72,92607.63,7.3,1.0,11 (16QAM OR 64QAM / Low SE -QPSK),171.0,16QAM,Rank3,7.3,LEVEL_2,17.5,,0.0,0,0,0,,0,0,,0,0,0,0,0,0,,,,2434880.7950022845,4576066.8624
1406,29.02909,41.10735,-86.55000000000001,-12.35,6.75,-88.94999999999999,,,,,-13.45,,,,,48.0,76.0,,,,,,103.9,94796.95,111137.27,15.3,0.0,14 (16QAM OR 64QAM / Low SE -QPSK),165.0,64QAM,Rank3,15.3,LEVEL_2,17.5,,0.0,0,0,0,,0,0,,0,0,0,0,0,0,,,,2434881.3600941794,4576070.202
1407,29.02909,41.10798,-86.85,-11.1,9.1,-104.35,,,,,-23.450000000000003,,,,,48.0,59.0,,,,,,102.4,95288.44,93063.98,10.1,0.0,22 (64QAM OR 256QAM / Low SE -16QAM),94.0,256QAM,Rank3,10.1,LEVEL_1,17.5,,0.0,0,0,0,,0,0,,0,0,0,0,0,0,,,,2434857.9983924543,4576140.3336
1408,29.0291,41.10714,-87.1,-13.2,2.45,-86.35,,,,,-12.95,,,,,48.0,76.0,,,,,,102.8,95457.28,92992.8,33.1,0.0,21 (64QAM OR 256QAM / Low SE -16QAM),107.0,64QAM,Rank4,33.1,LEVEL_1,17.5,,0.0,0,0,0,,0,0,,0,0,0,0,0,0,,,,2434889.9860382373,4576046.8248000005
1409,29.0291,41.10785,-80.0,-10.7,21.0,-89.4,,,,,-18.9,,,,,48.0,76.0,,,,,,95.7,,,4.6,0.0,27 (64QAM OR 256QAM / Low SE -64QAM),62.0,256QAM,Rank4,4.6,LEVEL_1,17.5,,0.0,0,0,0,,0,0,,0,0,0,0,0,0,,,,2434863.6578516685,4576125.862
1410,29.0291,41.10787,-83.9,-10.9,14.0,-116.2,-100.2,,,,-26.1,-20.0,,,,48.0,59.0,76.0,,,,,99.7,96107.6,92445.4,5.5,0.0,26 (64QAM OR 256QAM OR 1024 QAM / Low SE -64QAM),75.0,256QAM,Rank4,5.5,LEVEL_1,17.5,,0.0,0,0,0,,0,0,,0,0,0,0,0,0,,,,2434862.916207196,4576128.0884
1411,29.0291,41.10793,,,,,,,,,,,,,,,,,,,,,100.6,,,,,,,,,,,17.5,,0.0,0.0,0.0,0.0,,0.0,0.0,,0.0,0.0,0.0,0.0,0.0,0.0,,,,2434860.691271998,4576134.7676
1412,29.0291,41.10795,-86.44999999999999,-11.25,9.2,-94.9,-94.95,,,,-19.3,-18.05,,,,48.0,59.0,76.0,,,,,102.5,96153.6,93545.17,5.8,0.0,24 (64QAM OR 256QAM OR 1024 QAM / Low SE -64QAM),79.0,256QAM,Rank3,5.8,LEVEL_1,17.5,,0.0,0,0,0,,0,0,,0,0,0,0,0,0,,,,2434859.949626338,4576136.994
1413,29.02911,41.10739,-87.44999999999999,-13.45,3.4,-86.9,,,,,-12.85,,,,,48.0,76.0,,,,,4.0,103.3,49436.15,75247.77,21.6,3.0,16 (16QAM OR 64QAM OR 256QAM / Low SE -16QAM),176.0,64QAM,Rank3,21.6,LEVEL_16,17.5,-8.0,0.5,0,0,0,20.0,0,0,,0,0,0,0,0,0, BCCH-DL_SCH SIB1,,,2434881.554365032,4576074.654800001
1414,29.02911,41.1078,-82.65,-10.8,11.3,-92.5,,,,,-15.95,,,,,48.0,76.0,,,,,,101.3,95784.96,88877.52,7.5,0.0,24 (64QAM OR 256QAM OR 1024 QAM / Low SE -64QAM),84.0,256QAM,Rank3,7.5,LEVEL_1,17.5,,0.0,0,0,0,,0,0,,0,0,0,0,0,0,,,,2434866.35072869,4576120.296
1415,29.02911,41.10783,-80.35,-10.649999999999999,18.5,-92.5,,,,,-18.9,,,,,48.0,76.0,,,,,,98.6,95779.94,84266.71,10.3,0.0,27 (64QAM OR 256QAM / Low SE -64QAM),74.0,256QAM,Rank3,10.3,LEVEL_1,17.5,,0.0,0,0,0,,0,0,,0,0,0,0,0,0,,,,2434865.2382625993,4576123.6356
1416,29.02911,41.1079,-82.25,-10.85,11.8,-108.75,-92.80000000000001,,,,-26.3,-19.05,,,,48.0,59.0,76.0,,,,,100.1,95928.32,92952.15,9.2,0.0,24 (64QAM OR 256QAM OR 1024 QAM / Low SE -64QAM),84.0,256QAM,Rank3,9.2,LEVEL_1,17.5,,0.0,0,0,0,,0,0,,0,0,0,0,0,0,,,,2434862.6425057906,4576131.428
1417,29.02912,41.09966,,,,,,,,,,,,,,,,,,,,,,,,,,,,,,,,,,,0.0,0.0,0.0,,0.0,0.0,,0.0,0.0,0.0,0.0,0.0,0.0,,,,2435169.014068454,4575214.1512
1418,29.02913,41.09967,,,,,,,,,,,,,,,,,,,,,,,,,,,,,,,,,,,0.0,0.0,0.0,,0.0,0.0,,0.0,0.0,0.0,0.0,0.0,0.0,,,,2435169.4821777316,4575215.264400001
1419,29.02913,41.10743,-90.65,-15.899999999999999,-1.2,-85.1,,,,,-11.899999999999999,,,,,76.0,48.0,,,,,,107.9,95723.52,92537.51,11.4,0.0,26 (64QAM OR 256QAM OR 1024 QAM / Low SE -64QAM),112.0,256QAM,Rank2,11.4,LEVEL_1,17.5,,1.1,0,0,0,,0,0,,0,0,0,0,0,0,,,,2434881.7486326545,4576079.1076
1420,29.02913,41.10773,,,,,,,,,,,,,,,,,,,,,,95805.44,,,,,,,,,,,,,0.0,0.0,0.0,,0.0,0.0,,0.0,0.0,0.0,0.0,0.0,0.0,,,,2434870.6240163706,4576112.5035999995
1421,29.02913,41.10776,-86.30000000000001,-11.2,9.95,-93.9,,,,,-17.3,,,,,48.0,76.0,,,,,,102.2,95769.49,105654.26,9.9,0.0,22 (64QAM OR 256QAM / Low SE -16QAM),94.0,256QAM,Rank3,9.9,LEVEL_1,17.5,,0.0,0,0,0,,0,0,,0,0,0,0,0,0,,,,2434869.511551071,4576115.8432
1422,29.02914,41.10745,-90.8,-15.4,-1.3,-86.2,,,,,-11.9,,,,,76.0,48.0,,,,,,107.6,,,,,,,,,,,17.5,,0.0,0.0,0.0,0.0,,0.0,0.0,,0.0,0.0,0.0,0.0,0.0,0.0,,,,2434881.845765255,4576081.334
1423,29.02914,41.10747,-90.2,-15.0,-0.4,-84.0,,,,,-11.4,,,,,76.0,48.0,,,,,,107.1,96301.97,93186.52,8.6,0.0,25 (64QAM OR 256QAM OR 1024 QAM / Low SE -64QAM),113.0,256QAM,Rank2,8.6,LEVEL_1,17.5,,1.1,0,0,0,,0,0,,0,0,0,0,0,0,,,,2434881.1041256934,4576083.5604
1424,29.02914,41.10762,-89.7,-14.4,3.8,-81.7,,,,,-11.0,,,,,76.0,76.0,,,,,7.0,103.9,,,7.2,0.0,19 (64QAM OR 256QAM / Low SE -16QAM),111.0,64QAM,Rank3,7.2,LEVEL_16,17.4,-11.0,3.8,0,0,0,19.0,0,0,,0,0,0,0,0,0, BCCH-DL_SCH SIB1,,,2434875.5418195296,4576100.2584
1425,29.02914,41.10764,-88.4,-12.6,6.4,-84.5,,,,,-11.3,,,,,48.0,76.0,,,,,,104.2,96271.52,91719.96,8.9,0.0,19 (64QAM OR 256QAM / Low SE -16QAM),110.0,64QAM,Rank3,8.9,LEVEL_2,17.5,,0.0,0,0,0,,0,0,,0,0,0,0,0,0,,,,2434874.8001774466,4576102.484800001
1426,29.02914,41.10767,-88.05,-12.9,6.1,-88.8,,,,,-13.3,,,,,48.0,76.0,,,,,,103.9,95334.4,92862.76,12.8,0.0,21 (64QAM OR 256QAM / Low SE -16QAM),103.0,64QAM,Rank3,12.8,LEVEL_1,17.5,,1.2,0,0,0,,0,0,,0,0,0,0,0,0,,,,2434873.6877137665,4576105.8244
1427,29.02914,41.10771,-87.85,-12.05,7.85,-91.6,,,,,-15.85,,,,,48.0,76.0,,,,,,103.8,96256.0,93619.83,10.1,0.0,21 (64QAM OR 256QAM / Low SE -16QAM),103.0,256QAM,Rank3,10.1,LEVEL_2,17.5,,0.0,0,0,0,,0,0,,0,0,0,0,0,0,,,,2434872.2044278206,4576110.277199999
1428,29.02915,41.10751,-89.25,-14.9,0.19999999999999998,-84.3,,,,,-11.45,,,,,76.0,48.0,,,,,,107.3,95667.05,92781.9,7.0,0.0,25 (64QAM OR 256QAM OR 1024 QAM / Low SE -64QAM),118.0,256QAM,Rank2,7.0,LEVEL_1,17.5,,0.0,0,0,0,,0,0,,0,0,0,0,0,0,,,,2434880.4596165237,4576088.0132
1429,29.02915,41.10755,-86.75,-12.45,3.0,-86.94999999999999,,,,,-12.4,,,,,76.0,48.0,,,,,,102.0,95794.92,102499.41,3.0,0.0,27 (64QAM OR 256QAM / Low SE -64QAM),100.0,256QAM,Rank2,3.0,LEVEL_1,17.5,,0.0,0,0,0,,0,0,,0,0,0,0,0,0,,,,2434878.976334814,4576092.466
1430,29.02915,41.10758,-85.69999999999999,-12.35,3.4,-88.35,,,,,-13.45,,,,,76.0,48.0,,,,,,104.9,96303.88,83869.27,0.0,0.0,24 (64QAM OR 256QAM OR 1024 QAM / Low SE -64QAM),80.0,256QAM,Rank3,0.0,LEVEL_1,17.5,,0.0,0,0,0,,0,0,,0,0,0,0,0,0, UL-DCCH RRCReconfigurationComplete,,,2434877.863872753,4576095.8056
1431,29.02915,41.10759,,,,,,,,,,,,,,,,,,,,,97.7,96276.48,,,,,,,,,,17.7,,4.0,0.0,0.0,0.0,,0.0,0.0,,0.0,0.0,0.0,0.0,0.0,0.0,,,,2434877.4930519178,4576096.9188
1432,29.02915,41.10761,-80.95,-11.0,6.199999999999999,-86.8,,,,,-15.850000000000001,,,,,76.0,48.0,,,,,,98.6,98122.02,94470.77,8.3,0.0,22 (64QAM OR 256QAM / Low SE -16QAM),132.0,256QAM,Rank2,8.3,LEVEL_1,17.8,,11.4,0,0,0,,0,0,,0,0,0,0,0,0, BCCH-DL_SCH SIB1,,,2434876.7514100247,4576099.1452
1433,29.02917,41.09964,,,,,,,,,,,,,,,,,,,,,,,,,,,,,,,,,,,0.0,0.0,0.0,,0.0,0.0,,0.0,0.0,0.0,0.0,0.0,0.0,,,,2435173.9499484743,4575211.9248
1434,29.02917,41.10718,-87.1,-12.25,5.0,-88.2,,,,,-13.45,,,,,48.0,76.0,,,,,,103.5,95969.28,92994.13,13.3,0.0,22 (64QAM OR 256QAM / Low SE -16QAM),98.0,256QAM,Rank3,13.3,LEVEL_1,17.5,,0.0,0,0,0,,0,0,,0,0,0,0,0,0,,,,2434894.3741954635,4576051.2776
1435,29.02918,41.09963,,,,,,,,,,,,,,,,,,,,,,,,,,,,,,,,,,,0.0,0.0,0.0,,0.0,0.0,,0.0,0.0,0.0,0.0,0.0,0.0,,,,2435175.1595820896,4575210.8116
1436,29.02919,41.1072,,,,,,,,,,,,,,,,,,,,,102.8,,,,,,,,,,,17.5,,0.0,0.0,0.0,0.0,,0.0,0.0,,0.0,0.0,0.0,0.0,0.0,0.0,,,,2434895.310108746,4576053.504
1437,29.02922,41.10722,-86.4,-11.5,6.7,-88.94999999999999,,,,,-14.25,,,,,48.0,76.0,,,,,,103.1,96148.56,92934.9,6.6,0.0,21 (64QAM OR 256QAM / Low SE -16QAM),95.0,256QAM,Rank3,6.6,LEVEL_1,17.5,,0.0,0,0,0,,0,0,,0,0,0,0,0,0,,,,2434897.084795256,4576055.7304
1438,29.02923,41.09962,,,,,,,,,,,,,,,,,,,,,,,,,,,,,,,,,,,0.0,0.0,0.0,,0.0,0.0,,0.0,0.0,0.0,0.0,0.0,0.0,,,,2435179.724702373,4575209.6984
1439,29.02924,41.10724,,,,,,,,,,,,,,,,,,,,,104.0,,,,,,,,,,,17.5,,0.0,0.0,0.0,0.0,,0.0,0.0,,0.0,0.0,0.0,0.0,0.0,0.0,,,,2434898.020705646,4576057.9568
1440,29.02925,41.10725,-88.15,-11.85,6.55,-91.15,,,,,-14.75,,,,,48.0,76.0,,,,,,104.1,95682.56,93886.06,11.0,0.0,21 (64QAM OR 256QAM / Low SE -16QAM),103.0,256QAM,Rank3,11.0,LEVEL_1,17.5,,0.0,0,0,0,,0,0,,0,0,0,0,0,0,,,,2434898.488660346,4576059.07
1441,29.02927,41.10726,,,,,,,,,,,,,,,,,,,,,104.1,,,,,,,,,,,17.5,,0.0,0.0,0.0,0.0,,0.0,0.0,,0.0,0.0,0.0,0.0,0.0,0.0,,,,2434899.795388753,4576060.1832
1442,29.02928,41.09959,,,,,,,,,,,,,,,,,,,,,,,,,,,,,,,,,,,0.0,0.0,0.0,,0.0,0.0,,0.0,0.0,0.0,0.0,0.0,0.0,,,,2435185.031350394,4575206.3588
1443,29.0293,41.10727,-88.65,-11.9,6.300000000000001,-91.94999999999999,,,,,-13.95,,,,,48.0,76.0,,,,,,104.4,96312.39,94918.93,10.8,0.0,20 (64QAM OR 256QAM / Low SE -16QAM),68.0,64QAM,Rank3,10.8,LEVEL_1,17.5,,1.1,0,0,0,,0,0,,0,0,0,0,0,0,,,,2434901.9408904817,4576061.2964
1444,29.02932,41.09956,,,,,,,,,,,,,,,,,,,,,,,,,,,,,,,,,,,0.0,0.0,0.0,,0.0,0.0,,0.0,0.0,0.0,0.0,0.0,0.0,,,,2435189.49912919,4575203.0192
1445,29.02934,41.09959,,,,,,,,,,,,,,,,,,,,,,,,,,,,,,,,,,,0.0,0.0,0.0,,0.0,0.0,,0.0,0.0,0.0,0.0,0.0,0.0,,,,2435190.0645824233,4575206.3588
1446,29.02934,41.10728,-90.55,-12.3,4.75,-92.8,,,,,-13.649999999999999,,,,,48.0,76.0,,,,,,105.3,97955.84,94472.46,9.1,0.0,21 (64QAM OR 256QAM / Low SE -16QAM),48.0,64QAM,Rank3,9.1,LEVEL_2,17.5,,0.0,0,0,0,,0,0,,0,0,0,0,0,0,,,,2434904.925165151,4576062.4096
1447,29.02936,41.09954,,,,,,,,,,,,,,,,,,,,,,,,,,,,,,,,,,,0.0,0.0,0.0,,0.0,0.0,,0.0,0.0,0.0,0.0,0.0,0.0,,,,2435193.596146578,4575200.7928
1448,29.02936,41.10727,,,,,,,,,,,,,,,,,,,,,107.3,,,,,,,,,,,17.5,,1.0,0.0,0.0,0.0,,0.0,0.0,,0.0,0.0,0.0,0.0,0.0,0.0,,,,2434906.9735339303,4576061.2964
1449,29.02938,41.10727,-92.0,-12.95,5.45,-91.30000000000001,,,,,-13.3,,,,,48.0,76.0,,,,,,107.2,97894.4,94984.13,9.0,0.0,20 (64QAM OR 256QAM / Low SE -16QAM),50.0,64QAM,Rank3,9.0,LEVEL_2,17.5,,0.0,0,0,0,,0,0,,0,0,0,0,0,0,,,,2434908.6510817464,4576061.2964
1450,29.0294,41.09957,,,,,,,,,,,,,,,,,,,,,,,,,,,,,,,,,,,0.0,0.0,0.0,,0.0,0.0,,0.0,0.0,0.0,0.0,0.0,0.0,,,,2435195.8393437546,4575204.1324
1451,29.02941,41.09953,,,,,,,,,,,,,,,,,,,,,,,,,,,,,,,,,,,0.0,0.0,0.0,,0.0,0.0,,0.0,0.0,0.0,0.0,0.0,0.0,,,,2435198.161274241,4575199.6796
1452,29.02941,41.10725,-91.65,-12.3,4.65,-93.0,,,,,-13.65,,,,,48.0,76.0,,,,,,107.8,97751.04,94721.27,9.8,0.0,23 (64QAM OR 256QAM OR 1024 QAM / Low SE -64QAM),51.0,256QAM,Rank3,9.8,LEVEL_2,17.5,,0.0,0,0,0,,0,0,,0,0,0,0,0,0,,,,2434911.9090469624,4576059.07
1453,29.02944,41.10724,-89.35,-11.35,7.8,-96.1,,,,,-15.5,,,,,48.0,76.0,,,,,,107.9,97807.35,94085.9,8.4,0.0,23 (64QAM OR 256QAM OR 1024 QAM / Low SE -64QAM),52.0,256QAM,Rank3,8.4,LEVEL_2,17.5,,0.0,0,0,0,,0,0,,0,0,0,0,0,0,,,,2434914.7961914716,4576057.9568
1454,29.02945,41.09951,,,,,,,,,,,,,,,,,,,,,,,,,,,,,,,,,,,0.0,0.0,0.0,,0.0,0.0,,0.0,0.0,0.0,0.0,0.0,0.0,,,,2435202.2582950145,4575197.4532
1455,29.02946,41.09956,,,,,,,,,,,,,,,,,,,,,,,,,,,,,,,,,,,0.0,0.0,0.0,,0.0,0.0,,0.0,0.0,0.0,0.0,0.0,0.0,,,,2435201.2433426226,4575203.0192
1456,29.02947,41.10722,-88.94999999999999,-11.149999999999999,8.399999999999999,-95.5,,,,,-16.25,,,,,48.0,76.0,,,,,,105.8,96931.84,94627.2,9.9,0.0,23 (64QAM OR 256QAM OR 1024 QAM / Low SE -64QAM),52.0,256QAM,Rank3,9.9,LEVEL_2,17.5,,0.0,0,0,0,,0,0,,0,0,0,0,0,0,,,,2434918.054158925,4576055.7304
1457,29.02949,41.10723,-87.17333333333333,-10.9,10.221428571428572,-97.11333333333332,,,,,-16.186666666666667,,,,,48.0,76.0,,,,,,106.7,98575.41,95019.3,8.6,0.0,23 (64QAM OR 256QAM OR 1024 QAM / Low SE -64QAM),51.0,256QAM,Rank3,8.6,LEVEL_2,17.5,,0.0,0,0,0,,0,0,,0,0,0,0,0,0,,,,2434919.36088551,4576056.8436
1458,29.0295,41.09951,,,,,,,,,,,,,,,,,,,,,,,,,,,,,,,,,,,0.0,0.0,0.0,,0.0,0.0,,0.0,0.0,0.0,0.0,0.0,0.0,,,,2435206.4526601476,4575197.4532
1459,29.02954,41.0995,,,,,,,,,,,,,,,,,,,,,,,,,,,,,,,,,,,0.0,0.0,0.0,,0.0,0.0,,0.0,0.0,0.0,0.0,0.0,0.0,,,,2435210.1789181367,4575196.34
1460,29.02958,41.09954,,,,,,,,,,,,,,,,,,,,,,,,,,,,,,,,,,,0.0,0.0,0.0,,0.0,0.0,,0.0,0.0,0.0,0.0,0.0,0.0,,,,2435212.051344734,4575200.7928
1461,29.02964,41.09951,,,,,,,,,,,,,,,,,,,,,,,,,,,,,,,,,,,0.0,0.0,0.0,,0.0,0.0,,0.0,0.0,0.0,0.0,0.0,0.0,,,,2435218.196882521,4575197.4532
1462,29.02964,41.09954,,,,,,,,,,,,,,,,,,,,,,,,,,,,,,,,,,,0.0,0.0,0.0,,0.0,0.0,,0.0,0.0,0.0,0.0,0.0,0.0,,,,2435217.084580595,4575200.7928
1463,29.02969,41.09951,,,,,,,,,,,,,,,,,,,,,,,,,,,,,,,,,,,0.0,0.0,0.0,,0.0,0.0,,0.0,0.0,0.0,0.0,0.0,0.0,,,,2435222.3912476534,4575197.4532
1464,29.0297,41.09953,,,,,,,,,,,,,,,,,,,,,,,,,,,,,,,,,,,0.0,0.0,0.0,,0.0,0.0,,0.0,0.0,0.0,0.0,0.0,0.0,,,,2435222.488584605,4575199.6796
1465,29.02974,41.09952,,,,,,,,,,,,,,,,,,,,,,,,,,,,,,,,,,,0.0,0.0,0.0,,0.0,0.0,,0.0,0.0,0.0,0.0,0.0,0.0,,,,2435226.2148442753,4575198.5664
1466,29.02983,41.09955,,,,,,,,,,,,,,,,,,,,,,,,,,,,,,,,,,,0.0,0.0,0.0,,0.0,0.0,,0.0,0.0,0.0,0.0,0.0,0.0,,,,2435232.652390938,4575201.906
1467,29.02987,41.09953,,,,,,,,,,,,,,,,,,,,,,,,,,,,,,,,,,,0.0,0.0,0.0,,0.0,0.0,,0.0,0.0,0.0,0.0,0.0,0.0,,,,2435236.7494217153,4575199.6796
1468,29.02989,41.09957,,,,,,,,,,,,,,,,,,,,,,,,,,,,,,,,,,,0.0,0.0,0.0,,0.0,0.0,,0.0,0.0,0.0,0.0,0.0,0.0,,,,2435236.9440845097,4575204.1324
1469,29.02996,41.09958,,,,,,,,,,,,,,,,,,,,,,,,0.0,0.0,1 (QPSK),42.0,QPSK,Rank1,0.0,,,,,0,0,0,,0,0,,0,0,0,0,0,0,,,,2435242.4454185655,4575205.2456
1470,29.02999,41.09956,,,,,,,,,,,,,,,,,,,,,,,,,,,,,,,,,,,0.0,0.0,0.0,,0.0,0.0,,0.0,0.0,0.0,0.0,0.0,0.0,,,,2435245.7035791883,4575203.0192
1471,29.03001,41.0996,,,,,,,,,,,,,,,,,,,,,,,,,,,,,,,,,,,0.0,0.0,0.0,,0.0,0.0,,0.0,0.0,0.0,0.0,0.0,0.0,,,,2435245.8982341955,4575207.472
1472,29.03005,41.09957,,,,,,,,,,,,,,38.0,,,,,,10.0,,0.0,,0.0,0.0,1 (QPSK),42.0,QPSK,Rank1,0.0,,,20.0,0.0,0,0,0,36.0,0,0,,0,0,0,0,0,0, BCCH-DL_SCH SIB2,Registration request,,2435250.3660406745,4575204.1324
1473,29.03008,41.09963,,,,,,,,,,,,,,38.0,,,,,,,,,,0.0,1.0,0 (QPSK),36.0,QPSK,Rank1,0.0,,,,,0,0,0,,0,0,,0,0,0,0,0,0, BCCH-DL_SCH SIB1,,,2435250.6580165485,4575210.8116
1474,29.03011,41.09958,,,,,,,,,,,,,,,,,,,,,,,,,,,,,,,,,,,0.0,0.0,0.0,,0.0,0.0,,0.0,0.0,0.0,0.0,0.0,0.0,,,,2435255.028500554,4575205.2456
1475,29.03017,41.09959,,,,,,,,,,,,,,,,,,,,,,,,,,,,,,,,,,,0.0,0.0,0.0,,0.0,0.0,,0.0,0.0,0.0,0.0,0.0,0.0,,,,2435259.6909588273,4575206.3588
1476,29.0302,41.09968,,,,,,,,,,,,,,,,,,,,,,,,,,,,,,,,,,,0.0,0.0,0.0,,0.0,0.0,,0.0,0.0,0.0,0.0,0.0,0.0,,,,2435258.8705973504,4575216.3776
1477,29.03023,41.0996,,,,,,,,,,,,,,,,,,,,,,,,,,,,,,,,,,,0.0,0.0,0.0,,0.0,0.0,,0.0,0.0,0.0,0.0,0.0,0.0,,,,2435264.3534154925,4575207.472
1478,29.03032,41.09972,,,,,,,,,,,,,,,,,,,,,,,,,,,,,,,,,,,0.0,0.0,0.0,,0.0,0.0,,0.0,0.0,0.0,0.0,0.0,0.0,,,,2435267.4539384483,4575220.830399999
1479,29.03034,41.09963,-101.7,-10.5,,,,,,,,,,,,38.0,,,,,,,,,,0.0,0.0,1 (QPSK),25.0,QPSK,Rank1,0.0,LEVEL_16,,,,0,0,0,,0,0,,0,0,0,0,0,0, BCCH-BCH MIB,,,2435272.4686753917,4575210.8116
1480,29.03038,41.09974,,,,,,,,,,,,,,,,,,,,,,,,,,,,,,,,,,,0.0,0.0,0.0,,0.0,0.0,,0.0,0.0,0.0,0.0,0.0,0.0,,,,2435271.745603954,4575223.056799999
1481,29.0304,41.09965,,,,,,,,,,,,,,,,,,,,,114.5,,,,,,,,,,,22.6,,0.0,0.0,0.0,0.0,,0.0,0.0,,0.0,0.0,0.0,0.0,0.0,0.0,,,,2435276.7603486194,4575213.038
1482,29.03044,41.09976,,,,,,,,,,,,,,,,,,,,,,,,,,,,,,,,,,,0.0,0.0,0.0,,0.0,0.0,,0.0,0.0,0.0,0.0,0.0,0.0,,,,2435276.037266098,4575225.2832
1483,29.03045,41.09967,,,,,,,,,,,,,,,,,,,,,,,,,,,,,,,,,,,0.0,0.0,0.0,,0.0,0.0,,0.0,0.0,0.0,0.0,0.0,0.0,,,,2435280.2131475015,4575215.264400001
1484,29.03051,41.09968,,,,,,,,,,,,,,,,,,,,,,,,,,,,,,,,,,,0.0,0.0,0.0,,0.0,0.0,,0.0,0.0,0.0,0.0,0.0,0.0,,,,2435284.875593867,4575216.3776
1485,29.03056,41.0997,,,,,,,,,,,,,,,,,,,,,,,,,,,,,,,,,,,0.0,0.0,0.0,,0.0,0.0,,0.0,0.0,0.0,0.0,0.0,0.0,,,,2435288.328387579,4575218.604
1486,29.03057,41.09979,,,,,,,,,,,,,,,,,,,,,,,,,,,,,,,,,,,0.0,0.0,0.0,,0.0,0.0,,0.0,0.0,0.0,0.0,0.0,0.0,,,,2435285.830230812,4575228.6228
1487,29.03063,41.0998,,,,,,,,,,,,,,,,,,,,,,,,,,,,,,,,,,,0.0,0.0,0.0,,0.0,0.0,,0.0,0.0,0.0,0.0,0.0,0.0,,,,2435290.4926655586,4575229.7360000005
1488,29.03067,41.09972,,,,,,,,,,,,,,,,,,,,,,,,,,,,,,,,,,,0.0,0.0,0.0,,0.0,0.0,,0.0,0.0,0.0,0.0,0.0,0.0,,,,2435296.8144005057,4575220.830399999
1489,29.03068,41.09981,,,,,,,,,,,,,,,,,,,,,,,,,,,,,,,,,,,0.0,0.0,0.0,,0.0,0.0,,0.0,0.0,0.0,0.0,0.0,0.0,,,,2435294.316229504,4575230.8492
1490,29.03072,41.09972,,,,,,,,,,,,,,,,,,,,,,,,,,,,,,,,,,,0.0,0.0,0.0,,0.0,0.0,,0.0,0.0,0.0,0.0,0.0,0.0,,,,2435301.008752228,4575220.830399999
1491,29.03073,41.09982,,,,,,,,,,,,,,,,,,,,,,,,,,,,,,,,,,,0.0,0.0,0.0,,0.0,0.0,,0.0,0.0,0.0,0.0,0.0,0.0,,,,2435298.1397920977,4575231.962400001
1492,29.03077,41.09973,-102.30000000000001,-10.45,12.8,,,,,,,,,,,38.0,,,,,,,,,51975.12,,,,,,,,,,,,0.0,0.0,0.0,,0.0,0.0,,0.0,0.0,0.0,0.0,0.0,0.0,,,,2435304.8323207265,4575221.9436
1493,29.03079,41.09983,,,,,,,,,,,,,,,,,,,,,,,,,,,,,,,,,,,0.0,0.0,0.0,,0.0,0.0,,0.0,0.0,0.0,0.0,0.0,0.0,,,,2435302.80222228,4575233.0756
1494,29.03086,41.09974,-107.03333333333335,-10.533333333333333,15.350000000000001,-121.95,,,,,-14.3,,,,,38.0,278.0,,,,,10.0,120.7,0.0,,0.0,0.0,6 (QPSK OR 16QAM OR 64QAM / Low SE -QPSK),20.0,QPSK,Rank1,0.0,LEVEL_16,22.1,26.0,0.0,0,0,0,38.0,0,0,,0,0,0,0,0,0, BCCH-BCH MIB,Registration reject,,2435312.011368229,4575223.056799999
1495,29.03088,41.09984,,,,,,,,,,,,,,,,,,,,,,,,,,,,,,,,,,,0.0,0.0,0.0,,0.0,0.0,,0.0,0.0,0.0,0.0,0.0,0.0,,,,2435309.98125729,4575234.1888
1496,29.0309,41.09975,,,,,,,,,,,,,,,,,,,,,,,,,,,,,,,,,,,0.0,0.0,0.0,,0.0,0.0,,0.0,0.0,0.0,0.0,0.0,0.0,,,,2435314.996063552,4575224.17
1497,29.03092,41.09985,,,,,,,,,,,,,,,,,,,,,,,,,,,,,,,,,,,0.0,0.0,0.0,,0.0,0.0,,0.0,0.0,0.0,0.0,0.0,0.0,,,,2435312.965946507,4575235.302
1498,29.03094,41.09975,-109.3,-10.9,,,,,,,,,,,,38.0,,,,,,,121.0,0.86,,0.0,0.0,1 (QPSK),32.0,QPSK,Rank1,0.0,LEVEL_8,22.3,,0.0,0,0,0,,0,0,,0,0,0,0,0,0, BCCH-DL_SCH SIB1,,,2435318.3515433976,4575224.17
1499,29.03096,41.09985,,,,,,,,,,,,,,,,,,,,,,,,,,,,,,,,,,,0.0,0.0,0.0,,0.0,0.0,,0.0,0.0,0.0,0.0,0.0,0.0,,,,2435316.3214212437,4575235.302
1500,29.03102,41.09976,,,,,,,,,,,,,,,,,,,,,,,,,,,,,,,,,,,0.0,0.0,0.0,,0.0,0.0,,0.0,0.0,0.0,0.0,0.0,0.0,,,,2435324.691716448,4575225.2832
1501,29.03104,41.09985,,,,,,,,,,,,,,,,,,,,,,,,,,,,,,,,,,,0.0,0.0,0.0,,0.0,0.0,,0.0,0.0,0.0,0.0,0.0,0.0,,,,2435323.032370717,4575235.302
1502,29.03105,41.09977,,,,,,,,,,,,,,,,,,,,,,,,,,,,,,,,,,,0.0,0.0,0.0,,0.0,0.0,,0.0,0.0,0.0,0.0,0.0,0.0,,,,2435326.8375388514,4575226.3964
1503,29.03107,41.09985,,,,,,,,,,,,,,,,,,,,,,,,,,,,,,,,,,,0.0,0.0,0.0,,0.0,0.0,,0.0,0.0,0.0,0.0,0.0,0.0,,,,2435325.548976769,4575235.302
1504,29.03108,41.09978,,,,,,,,,,,,,,,,,,,,,,,,,,,,,,,,,,,0.0,0.0,0.0,,0.0,0.0,,0.0,0.0,0.0,0.0,0.0,0.0,,,,2435328.9833604144,4575227.5096
1505,29.03111,41.09985,,,,,,,,,,,,,,,,,,,,,,,,,,,,,,,,,,,0.0,0.0,0.0,,0.0,0.0,,0.0,0.0,0.0,0.0,0.0,0.0,,,,2435328.9044515057,4575235.302
1506,29.03112,41.09978,,,,,,,,,,,,,,,,,,,,,,,,,,,,,,,,,,,0.0,0.0,0.0,,0.0,0.0,,0.0,0.0,0.0,0.0,0.0,0.0,,,,2435332.338838727,4575227.5096
1507,29.03114,41.09985,,,,,,,,,,,,,,,,,,,,,,,,,,,,,,,,,,,0.0,0.0,0.0,,0.0,0.0,,0.0,0.0,0.0,0.0,0.0,0.0,,,,2435331.421057558,4575235.302
1508,29.03115,41.09978,,,,,,,,,,,,,,,,,,,,,,,,,,,,,,,,,,,0.0,0.0,0.0,,0.0,0.0,,0.0,0.0,0.0,0.0,0.0,0.0,,,,2435334.8554474614,4575227.5096
1509,29.03115,41.09979,,,,,,,,,,,,,,,,,,,,,,,,,,,,,,,,,,,0.0,0.0,0.0,,0.0,0.0,,0.0,0.0,0.0,0.0,0.0,0.0,,,,2435334.484658939,4575228.6228
1510,29.03116,41.09979,,,,,,,,,,,,,,,,,,,,,,,,,,,,,,,,,,,0.0,0.0,0.0,,0.0,0.0,,0.0,0.0,0.0,0.0,0.0,0.0,,,,2435335.323528389,4575228.6228
1511,29.03116,41.09983,,,,,,,,,,,,,,,,,,,,,,,,,,,,,,,,,,,0.0,0.0,0.0,,0.0,0.0,,0.0,0.0,0.0,0.0,0.0,0.0,,,,2435333.840373044,4575233.0756
1512,29.03117,41.09979,,,,,,,,,,,,,,,,,,,,,,,,,,,,,,,,,,,0.0,0.0,0.0,,0.0,0.0,,0.0,0.0,0.0,0.0,0.0,0.0,,,,2435336.1623978396,4575228.6228
1513,29.03117,41.09981,,,,,,,,,,,,,,,,,,,,,,,,,,,,,,,,,,,0.0,0.0,0.0,,0.0,0.0,,0.0,0.0,0.0,0.0,0.0,0.0,,,,2435335.4208200597,4575230.8492
