Longitude,Latitude
29.025396147012,41.10522808112902
29.02522620607228,41.107926638253204
29.02268336438336,41.10777756681852
29.026461581471953,41.10537162763587
29.023145317914402,41.10761281634808
29.02805799518393,41.106689415487
29.025115871368524,41.10487672733577
29.01746762097822,41.10716242658617
29.015645402727696,41.10623786351553
29.027866723755995,41.10800368548824
29.020317744903206,41.10569506318946
29.030631632387646,41.099726741501925
29.02422003989521,41.10489855698989
29.01617356601519,41.10463194871655
29.026724059859834,41.10539316738947
29.017588344387743,41.10314978076599
29.018528647099078,41.1019163922929
29.020230995515796,41.104465906462536
29.02588505144155,41.107669904009896
29.022125487676128,41.1075881005599
29.02708552256481,41.10775025883423
29.025074054352498,41.09914067515453
29.026107735948685,41.10764174218353
29.020230995515796,41.104465906462536
29.025191702238633,41.10751313765087
29.02562290103505,41.105257004691325
29.018439783923217,41.106452559384635
29.024445263452375,41.107703297360906
29.021458015008374,41.10793022051574
29.027396545371662,41.10788089680742
29.02161014741749,41.10460025165868
29.024815118852324,41.10773862103788
29.025910712493275,41.10721764622956
29.02391109394144,41.10480581750421
29.02153336223868,41.10020408295654
29.028173333244663,41.099712043997535
29.01699660765264,41.1069154727302
29.0240213962579,41.104663372480566
29.015403548182462,41.106171669284755
29.027785854611075,41.09961634748361
29.024325903571594,41.10488132208052
29.022969172515783,41.10693431562375
29.021586778896733,41.10710729239403
29.03030759683337,41.09974460053877
29.017620579220925,41.10244745645151
29.027377768457168,41.10794619251455
29.015473393752202,41.106221037935256
29.023192593162953,41.10538758827134
29.02755434940166,41.10707230779922
29.023389635483042,41.10768554868125
29.020480126474,41.10565594441716
29.027484645212652,41.09927006200239
29.021882627189118,41.10457139920999
29.024782134383617,41.10773596722161
29.02644047412289,41.10697022454894
29.026477291198503,41.106913671869535
29.01851897687939,41.101397896644464
29.022045759017345,41.1075733112221
29.028785430837935,41.107300879387665
29.02061462111621,41.10782657181489
29.030640328367983,41.099733830911404
29.01746762097822,41.10716242658617
29.015403617735302,41.10616425855027
29.020656106159063,41.105740254100375
29.024624053032543,41.10783042945797
29.02111618196992,41.104471567449956
29.021360584726906,41.10634887866206
29.015742605515754,41.10630526989838
29.015583460954225,41.10526485668282
29.028358142807566,41.10648367505132
29.02864924923213,41.10786484236549
29.028976694657835,41.10736446908938
29.02559065561041,41.105095508566464
29.01532961559888,41.10627857753086
29.022962902909995,41.10771793711797
29.02208025654552,41.09985972981057
29.021659414048603,41.10013793612277
29.025589692603084,41.099035264276765
29.025311097684924,41.099066841501454
29.02064811279313,41.10572717357163
29.022133964128408,41.10758147053054
29.025615302605,41.107729862694
29.02699226411036,41.107883897852645
29.02108994239955,41.10060436523706
29.02241479223361,41.09993509791344
29.02030152446824,41.10547978923922
29.021955003466633,41.1048108988035
29.015708849133425,41.106027771422646
29.023986708826502,41.107715232565106
29.016684773621744,41.10703285831063
29.020170837731776,41.104434655094906
29.021208073477272,41.105805616376124
29.02736374811378,41.107918700482344
29.03089020239851,41.0997265616803
29.0163115967467,41.104540953956516
29.020142751854742,41.1055877653774
29.02250573027773,41.106945446760236
29.021910249293978,41.10795099971579
29.020121261523432,41.10439256386881
29.023403549460163,41.10769060020179
29.021545303634085,41.106995995477256
29.022120201963034,41.107588828484644
29.02872195224706,41.10723113334643
29.01746452093932,41.10284729550412
29.016130551149203,41.10681267750209
29.02541457116397,41.09900955428456
29.022124493158675,41.10800623832532
29.02627845575075,41.107712234874434
29.027752009092808,41.10573110285883
29.02738982682426,41.107911103900605
29.021206329848777,41.105805616376124
29.02774458600741,41.10641190352729
29.021501259200775,41.106035479145596
29.026713711806963,41.09934280927215
29.021146555387052,41.104472732755326
29.022743265786765,41.1065993790629
29.030712915076368,41.099710788149785
29.026860893933055,41.10520730726649
29.027876500124815,41.09974365605284
29.026300370901353,41.10535052408425
29.020096464900558,41.10436464639306
29.022259869640422,41.104672646505584
29.01664714916134,41.10679749353686
29.022737902466588,41.10741393340572
29.023935991155334,41.09953293992213
29.025238414063814,41.107777594205565
29.028771703569813,41.10785325798081
29.02114420367477,41.10056042826056
29.021157085960777,41.105801903671775
29.015606801904156,41.10519918017664
29.028252712713478,41.10683256042764
29.02536138756927,41.107809743289856
29.02887652923724,41.107932671012904
29.019171100059868,41.10768311211348
29.024249111604707,41.09908655475206
29.026073928350712,41.107571899787
29.02856236080777,41.10772920473771
29.023503802907285,41.10768937754276
29.023022170438214,41.10761804927842
29.022038461225282,41.10754724982377
29.016170110420923,41.10465507918318
29.015523296277205,41.10530792497423
29.021386241417346,41.10795441219398
29.0159054088904,41.10642850162899
29.01751928097895,41.10296203675414
29.022864449944827,41.10616031189772
29.023737572157142,41.10485978173697
29.028971935152104,41.106909183546584
29.028736577092246,41.10794614993178
29.02166009806055,41.10710991008221
29.027609827301998,41.107241498590106
29.0286277518829,41.107427861224224
29.022645635614953,41.10533833960937
29.02272545633478,41.10644406616371
29.020608042852174,41.10572717357163
29.02691648198519,41.099352140831826
29.021857028072795,41.10705259548868
29.02427655078719,41.104764923695996
29.02699226411036,41.107883897852645
29.02121878984097,41.10030374717798
29.022142997196585,41.10800623832532
29.020309157191765,41.104374869440065
29.01656550444842,41.104087462594634
29.027410373729154,41.10789685468033
29.02745497483213,41.107805057848836
29.022124476189717,41.10758408173591
29.02323521976416,41.10488420600441
29.021745483741608,41.104561191940824
29.022631861250865,41.104789819629055
29.027738635196346,41.09967898968401
29.02737785106532,41.10790710662286
29.01581709933393,41.105740423583
29.022617695416706,41.104842232853755
29.015484029642533,41.10534828181033
29.021539708713075,41.10698812005827
29.023505764893887,41.10463864366124
29.02177925120626,41.10456905685916
29.020244419109797,41.1045115646766
29.027315679481486,41.10801317578391
29.025397558842755,41.10790606339555
29.023986708826502,41.107715232565106
29.01614306841224,41.104522351385405
29.02660956887186,41.10701953397107
29.026383474709696,41.107912742978556
29.024227216539437,41.10489855698989
29.016176055447566,41.10650199885906
29.029630337132982,41.09971502636551
29.018634213879817,41.10759586207681
29.026828145093436,41.10522377630144
29.025980896648814,41.10768646651998
29.015730110015852,41.10623999181897
29.021655086177084,41.10715450412417
29.021208975386827,41.10793892430803
29.026751841608043,41.10518710142574
29.02394439728235,41.10480473076117
29.021911303105952,41.10457900791403
29.023558170825808,41.1076870879216
29.029078050224086,41.10787861495153
29.021579488469957,41.107010533691245
29.028909267268553,41.09958461154065
29.021780865807095,41.104583775928624
29.022794932019206,41.10777111766759
29.021426935933683,41.10642967978408
29.02671416039253,41.10519148999486
29.0263762914969,41.10521506853137
29.027672685588037,41.099702446168024
29.023145317914402,41.10761499965305
29.02211419071118,41.107547282934405
29.021161463172408,41.10445894013696
29.02186955439837,41.10791502254578
29.026494489226486,41.107763839626365
29.02601638461464,41.107923287921466
29.021568919113008,41.106991998430296
29.026159493825798,41.10533667772606
29.026793992547162,41.09919839488079
29.026715127198333,41.09936059003627
29.02313603780642,41.10486690282717
29.021948561057933,41.10754702998468
29.027801733349392,41.10801426724869
29.022740445679844,41.10588543437194
29.01698385233701,41.10701356019334
29.02322875718395,41.10764779640024
29.022808885067807,41.10603709735649
29.026779690341137,41.10522658305191
29.018585707744233,41.10739813616211
29.01926697274698,41.1012139921173
29.025329299794016,41.099199044781955
29.022113827700654,41.107977934350714
29.02182034080295,41.10705380350131
29.0256347421317,41.1052181605548
29.016724573064085,41.1070642247121
29.02430182072027,41.104758122722316
29.02214210284866,41.10800175685719
29.026105227727857,41.107551494238535
29.016879286868228,41.10709129074616
29.02217640428361,41.10763099178697
29.02925315945334,41.10713447390182
29.025202122314465,41.10500993654577
29.020256711524578,41.10508856814555
29.02031796951663,41.10551868658189
29.021814832520786,41.107151123147716
29.025821418271555,41.10507635313763
29.02059576000464,41.10785794879803
29.026616864952796,41.0995653356342
29.022264961334773,41.10757244598115
29.021873240905176,41.10719046642538
29.022283461991275,41.107985213299614
29.02778167316884,41.106181884278115
29.02464144510348,41.10504464060612
29.0233662034005,41.10480966676429
29.027549607920744,41.10780753513885
29.017917963335417,41.10256914935217
29.020264586167904,41.104483375404264
29.020403228556518,41.10569736031877
29.027785854611075,41.09970802132899
29.023637856717244,41.10752695355502
29.022120853280015,41.10761381755383
29.017483629062923,41.103107996091964
29.02652163544972,41.10700193590705
29.02313640362536,41.107713062429674
29.021016421661088,41.10576190345347
29.026377700919824,41.10522628073912
29.027803647926522,41.10653284910038
29.022725073679332,41.10714982094307
29.021901786969018,41.10756000085507
29.028808532766426,41.10721842581041
29.0236639003422,41.10770283175768
29.021343810248094,41.10785676224084
29.026438867730384,41.10521833933301
29.02133918971156,41.10788382310168
29.021200348266564,41.10445165447413
29.022331546162267,41.099832144518615
29.02211950582054,41.10754263535738
29.02666842570057,41.10520480172129
29.024626132956865,41.10785411729146
29.021206329848777,41.10579884936301
29.022507440280254,41.10701410934762
29.022626197423122,41.10686191212275
29.027831933966215,41.10603784114387
29.026067180027574,41.10775526554433
29.030837171797074,41.099726741501925
29.016604757666144,41.10654264804036
29.02378324964667,41.107691062747186
29.02299756163032,41.10773610818717
29.028475652642058,41.099692170028355
29.027595618234127,41.107432651181945
29.029770500597593,41.09972523936457
29.029369859133027,41.09961098336068
29.021663925191056,41.10711459609135
29.028421237420616,41.10796975529139
29.021116050250296,41.10065339482457
29.02119038922828,41.10764536667773
29.02598646887178,41.10792337238717
29.021650076120668,41.10700915433246
29.022283461991275,41.1079644285355
29.021304262581022,41.10798227356771
29.029900832324547,41.09973250859567
29.021948561057933,41.10754702998468
29.026793992547162,41.09919839488079
29.028044852347033,41.09975253806969
29.02346390777143,41.10472331566781
29.01674801352646,41.107037982879525
29.028573657429604,41.10671826207792
29.025400959101187,41.10763384973826
29.018963894654643,41.10763156372208
29.027500427053443,41.09954081706448
29.026524591995024,41.10655458685604
29.01931293546456,41.10754821647868
29.021623220392396,41.10020071888118
29.01906671813239,41.10129088974447
29.027489431752993,41.10796393264602
29.018402900822764,41.10152212135164
29.024044535445846,41.10484582494442
29.02049570848403,41.10789550393549
29.020267908276836,41.10448234899262
29.02810292857175,41.10705569219172
29.02303293457954,41.107701497340294
29.027729674960323,41.106401624740506
29.021338835219243,41.10600011998304
29.024083610185237,41.10500567122729
29.0186855983168,41.10728692477833
29.017697670824766,41.10731500415713
29.018404236234055,41.10748376512143
29.023165760445334,41.107708007120856
29.02032400922106,41.10441182163707
29.01547616120074,41.10615542210696
29.019023495315775,41.10128574292041
29.022889074925263,41.105100738631414
29.018246219024782,41.10219656317333
29.018782049303187,41.107345023776446
29.02031293860833,41.100859910061764
29.022124493158675,41.107977934350714
29.02114474266361,41.104525738439484
29.02024001437415,41.10439852755958
29.030778241810275,41.099726741501925
29.02666652146395,41.09928810823976
29.022784899580387,41.10777111766759
29.025913039290764,41.0995653356342
29.027310124880305,41.107860265175724
29.01746997780323,41.10312100177514
29.02618474055046,41.099026251090265
29.026570827331884,41.10699988422747
29.021589817318585,41.10698984493828
29.02438002773364,41.099308314853424
29.02135307947951,41.10635625867558
29.028058163562235,41.10581890083558
29.02667442612175,41.10572552358232
29.023177156732824,41.10764779640024
29.027494915890777,41.107966199290956
29.02781369802941,41.10600152924748
29.021614521224475,41.10699073774644
29.02163950676372,41.107011901718955
29.020558632229054,41.10570598132139
29.02690035137253,41.10521068741816
29.03089698056648,41.099745922854495
29.022036320818334,41.10753630031347
29.024027000549264,41.09906180788102
29.02033871254714,41.105708143718196
29.01908017365158,41.107212794084326
29.025608295614347,41.105036738642646
29.023910992629876,41.10772205090794
29.025836993212252,41.10771469383475
29.026576946257993,41.1055790697541
29.020287786978848,41.100824997379014
29.016214930619963,41.104510144540455
29.021738035534447,41.100217162049645
29.024339143367417,41.1047855571714
29.02481903207575,41.107757664318875
29.02355497888845,41.107697488138214
29.02786291430767,41.10578925214472
29.026632337725133,41.105196822772044
29.016298196415462,41.10445841931632
29.026367904042676,41.105372382305106
29.026632337725133,41.105196822772044
29.016468743090034,41.10429921451215
29.01984533602615,41.1047673132141
29.026334108012655,41.10617476588177
29.027373468130012,41.10788238013511
29.026658387875482,41.10519118742686
29.026513885099003,41.1069818760527
29.028512101657675,41.107356271205504
29.026684136951097,41.10610204068487
29.027442248315012,41.10774286546665
29.025102038569386,41.10790299048053
29.019072490367837,41.101253502500064
29.023170896158508,41.10768634274379
29.028952214994522,41.10696879500944
29.028902387618725,41.106927472723285
29.01532347027848,41.10628514931343
29.02430147025553,41.10769892764254
29.024711137322935,41.10493420110334
29.021505687010407,41.100223444130734
29.02873479001793,41.099620953772394
29.015735086572136,41.106228872244984
29.016758003833676,41.10668321010611
29.030865261585117,41.099745922854495
29.029770500597593,41.09974460053877
29.026631293438275,41.10673673734615
29.021360584726906,41.10634887866206
29.026914532665977,41.10519099463094
29.028262488999857,41.106596051777366
29.02346809635899,41.09924440782088
29.021925420880574,41.10800623832532
29.027854593313528,41.10805082321679
29.029630337132982,41.09972523936457
29.0277294679665,41.106598571279086
29.023288724770236,41.10474743798894
29.015616939984554,41.10528325600378
29.0263503494122,41.10628935710757
29.02042366569,41.10573831106999
29.019315923122846,41.10120884472292
29.021660617914907,41.10008892506783
29.026665493170242,41.10535075291388
29.018647836564337,41.10737475909553
29.029102094116986,41.09959162218648
29.015491803544226,41.10632272499288
29.020140876614143,41.10553360072584
29.021160277898137,41.10580988483568
29.02670051390681,41.09923993807244
29.026275603874776,41.10776080210084
29.025730040851204,41.107774795513585
29.02162467269491,41.10704765418072
29.02212821020411,41.10797472130128
29.0231022276494,41.10751808696502
29.022660544922473,41.10585719708403
29.026278568378064,41.10532276671938
29.026801536743935,41.107933711403945
29.025589692603084,41.099035264276765
29.024809191130217,41.10773663753562
29.02135449260537,41.10639623102567
29.021099983871913,41.105800779176526
29.026346789584608,41.10697905165293
29.02166009806055,41.10712319470543
29.024782134383617,41.10773519937823
29.027739844651432,41.10662415883697
29.02799693913873,41.09961148572047
29.020298939561943,41.10550361475945
29.02212466866075,41.10800623832532
29.030837171797074,41.0997265616803
29.02745497483213,41.107804699099354
29.023514983251975,41.10761362954598
29.02197979988259,41.10459702371403
29.028723380344847,41.10801031316345
29.02774274483561,41.106493729561876
29.024713564471664,41.107678310757095
29.023217140975685,41.107657510605414
29.02873323871665,41.10735083262914
29.022711925031032,41.10741329249186
29.023812631792364,41.107726829646104
29.022572205937042,41.10766757925529
29.01765058745765,41.10251655227505
29.015363311909827,41.10629258916633
29.02029986337996,41.10549151988547
29.025937620640324,41.107220586456826
29.024265951636217,41.104821599840825
29.026364337207504,41.10528673637771
29.021185931937904,41.10583185226049
29.021067648667405,41.105800779176526
29.022988569928295,41.106134435470786
29.021797264641904,41.10456645901834
29.025268361371122,41.09904180072582
29.021604283566813,41.10007631561194
29.022626892988427,41.10613973447576
29.02268647178076,41.10478569020112
29.02002233092692,41.1049439958429
29.029273440664074,41.10710133314402
29.017138978491563,41.10353747278638
29.021612567376014,41.107916085402756
29.02286885830168,41.09957230071838
29.023012433383915,41.09955099897224
29.022587187708023,41.106116536207736
29.025717043355556,41.10801039329908
29.025358968628325,41.107749166738714
29.022599379072663,41.09974796208448
29.02296668149739,41.105135475572844
29.023139852931536,41.10458454017339
29.030837171797074,41.0997265616803
29.017529775208086,41.102924707845304
29.030872157763877,41.099745922854495
29.021160277898137,41.105801903671775
29.022799222224446,41.10602083088554
29.022118906278212,41.10754805736752
29.023064371088584,41.10463311513703
29.019392803747188,41.1070634170059
29.025102038569386,41.10790052580431
29.02586726498557,41.107391092018126
29.0253866963033,41.10772942729619
29.02208285706343,41.10748055156995
29.016741266978684,41.10381261752161
29.01899431570781,41.101293609346705
29.021430205655932,41.107502775065306
29.026589554586227,41.10791397958803
29.02055229464225,41.10791761085562
29.026205731596047,41.107667604172036
29.025191974705244,41.10502412439348
29.02396327311941,41.10773859887792
29.028769194315093,41.10801069506494
29.02641993421378,41.1062464114297
29.020307493770076,41.10547860791844
29.026658387875482,41.10519118742686
29.017482495545096,41.10283282463168
29.027834346684195,41.099702446168024
29.026831470532414,41.099294887100804
29.01929368540348,41.10118939830243
29.022205903690274,41.10759690480338
29.017533513317396,41.10289942757742
29.017483629062923,41.10312333401184
29.025208440337405,41.09915579610603
29.021340419891416,41.10616912692995
29.023708584442826,41.09936528418273
29.025972516575646,41.105428406906704
29.028530946480366,41.108076821842545
29.021283316714594,41.10047148960607
29.026267138558797,41.10515507526725
29.027833030267338,41.099702446168024
29.026157776589073,41.107567077726436
29.027782313702172,41.10617515841029
29.02321746029229,41.104752304755664
29.024620927752707,41.10781417139272
29.01898069018405,41.10128690307234
29.017381131909847,41.103288482483464
29.020102646600844,41.10442020973088
29.026491006199773,41.106910675395554
29.020478835936775,41.10568369764706
29.026781837461943,41.105205950896284
29.021625313228242,41.10704765418072
29.028894624597168,41.107315886507614
29.026496397067305,41.10558231024853
29.020535177112272,41.107939251600726
29.029477618173225,41.099687833513755
29.021344515872677,41.10615552939923
29.023105099174117,41.10755269330712
29.02221450364353,41.10468904564687
29.023380330184512,41.1075744572427
29.02466846097816,41.09913712789589
29.019304813796325,41.10120877887126
29.023305935017905,41.10765216316803
29.02197738170766,41.10480652087288
29.01916977996889,41.10124292962553
29.02780744278034,41.10612863188209
29.027841239681916,41.0997430642478
29.02026623550089,41.104410961783344
29.026034302350833,41.10793090133346
29.025107011118024,41.10791586342493
29.02013922655969,41.104423827711344
29.02267406163957,41.1059819845641
29.022107578498577,41.107976144545944
29.02894518640697,41.1072912294404
29.025972516575646,41.10543543152263
29.016468743090034,41.10429921451215
29.015583460954225,41.10526485668282
29.027575245265574,41.108019211757366
29.023907763276842,41.10771289550699
29.02294342535037,41.10470048795957
29.022532575778776,41.10682325151226
29.018591195988865,41.10740090570153
29.020651009853747,41.10796999078669
29.024356279512762,41.104815002662924
29.01817494138822,41.107412810865945
29.02906487847652,41.10696998161742
29.021734066389946,41.104586042951
29.027999458677733,41.106242286113265
29.027866338871885,41.10578515627864
29.02293506282365,41.10773694290522
29.02900053775295,41.10686673104694
29.029409892415362,41.10710810749444
29.02396327311941,41.10773859887792
29.016222571571745,41.106686050950195
29.025972964306092,41.10752346909592
29.02023948011988,41.104419217989864
29.02109593100869,41.104461652933495
29.017226119269314,41.103523712012446
29.016563213164723,41.10690513172668
29.022060698469442,41.10801350976731
29.01553839698295,41.10534828181033
29.025073797685224,41.10500840332486
29.03035769708778,41.099726741501925
29.025577229800057,41.10511748970527
29.029995523625402,41.09972523936457
29.017475682533064,41.102987772806856
29.019214156082104,41.10725905409836
29.027932598817852,41.10805682596018
29.02026991187966,41.10446065698179
29.017683633975004,41.102567196908424
29.028866063878798,41.10683432361992
29.015519468148998,41.10535217437474
29.02294730660771,41.10774060669751
29.015573379688124,41.10623699029829
29.026391073255613,41.1063293614196
29.020580104760654,41.10079563535656
29.024163500685844,41.105008531723854
29.023871896563104,41.10767752646657
29.017052632972113,41.103478797072924
29.021168131289926,41.10582296536442
29.023421488046985,41.10765926088393
29.019314259158566,41.10121225845249
29.021254164793397,41.10053937544192
29.01614987272121,41.1045953482601
29.026620509100386,41.09924570881036
29.0232913394674,41.10757853431124
29.017462880970303,41.102969436488586
29.027843165724974,41.099702446168024
29.020996768731543,41.10069118384626
29.02777517327579,41.107835726016496
29.021566187599902,41.107009284030774
29.02738982682426,41.107911103900605
29.02110399191342,41.10451477247757
29.020195471632874,41.104342084241274
29.022175161728793,41.10762033330291
29.020263449872107,41.10765202705678
29.021864183826512,41.10457594719376
29.02810292857175,41.10705569219172
29.02650471837001,41.106560421808894
29.026136157121012,41.107631027568175
29.01840473385736,41.101511871599335
29.028044852347033,41.0997617602145
29.025842716388063,41.107661806142886
29.022826262804113,41.1051331722962
29.027427195839024,41.10784334023894
29.021780865807095,41.104583775928624
29.024643954453122,41.09903462583291
29.02877513631489,41.107300879387665
29.023733960161206,41.09935205985405
29.0215133911431,41.10697818021295
29.021429176340142,41.10584348108618
29.021679659835506,41.10700098926889
29.024289685888643,41.107750237654464
29.02048231043459,41.10570304435336
29.022912916899852,41.09951357117471
29.0257445459046,41.107651082582294
29.02585537677975,41.10539074655971
29.024621994117332,41.099128968483114
29.026802786934482,41.10522723714437
29.017208937508773,41.10348684354452
29.028679965799423,41.10741215331138
29.03089698056648,41.099745922854495
29.026670871349527,41.10520164438214
29.02862027054309,41.10743584838124
29.01865666867158,41.1071394698453
29.02879700155825,41.107181784797724
29.021569866162135,41.10021379426461
29.026436400008603,41.10614536311521
29.01762711807421,41.10270283980856
29.017536002339337,41.102979510348284
29.027807256972423,41.09970094390805
29.015572463817318,41.10524475534099
29.02880699669349,41.107312390299114
29.023162211142424,41.107701949331606
29.024514987473605,41.09926654158957
29.02541220920982,41.09918109104262
29.025086752412005,41.09913562563591
29.022743058526775,41.10741662320093
29.023653981809268,41.099280417816026
29.02638643509564,41.10617048652134
29.028422773483268,41.1064751741735
29.02259404482477,41.09986002168117
29.01765058745765,41.10251655227505
29.028063747677432,41.106804771329045
29.028923867456758,41.10728930750294
29.026004191190047,41.10541229987181
29.019325769632403,41.10120877887126
29.02114436459464,41.10452064656784
29.029023311803424,41.09959670348374
29.02026141764763,41.1076830160678
29.019013154794713,41.10736422724487
29.026348914812527,41.10526115338901
29.0200751328422,41.10554820993527
29.019986252935418,41.1077607038848
29.028656389342494,41.10740894026195
29.02708552256481,41.10775025883423
29.023507242850147,41.10771620895774
29.03014678383483,41.099607379110715
29.03006707145714,41.09972523936457
29.020200359489753,41.1043730003585
29.02205987556828,41.10469900626742
29.023526055638047,41.10479371487633
29.02893177526912,41.10734846441498
29.027964695850464,41.10574792704987
29.023774737642626,41.107695586112996
29.020372568618683,41.10570579173986
29.02917905627341,41.107157103901315
29.022122330227084,41.107976144545944
29.027003804944236,41.10534438793764
29.02315156022026,41.104792298236475
29.01746762097822,41.10716242658617
29.022896525960856,41.10594954300127
29.018960839962542,41.10139963123339
29.0204392406456,41.107816452402574
29.02283117787232,41.10657025237563
29.025470554196538,41.10765446747033
29.020131371740902,41.10562679544824
29.02228520380388,41.10763937700442
29.022532575778776,41.10682325151226
29.02251080961939,41.10478856614722
29.025077215969013,41.10768802960912
29.015539067148396,41.10630799402141
29.025689367805725,41.09899480319386
29.028040221348526,41.10669837491977
29.026481588127787,41.10762653460597
29.0279521211655,41.1067994218967
29.018183127369294,41.10179926869209
29.01747803414531,41.102987514041715
29.021331185303385,41.10606761690046
29.0274237866125,41.107968794114065
29.027746472188102,41.10616125472332
29.016120488295247,41.104532949154546
29.0261665907165,41.105328747680936
29.023176096679368,41.09932523855504
29.0193388569938,41.101268694769914
29.02755984007646,41.10783805540408
29.021878483543276,41.10755609787063
29.028590627903046,41.10671826207792
29.023922521184577,41.10766273837479
29.02613920816568,41.10525334872616
29.02404577005966,41.10466666403708
29.024289685888643,41.107750237654464
29.016200016842486,41.10461679149229
29.0263891238753,41.106264724764294
29.02551517298768,41.09900955428456
29.0198526933307,41.10769391953738
29.015975668652207,41.10634768248776
29.02434417262832,41.10750005360722
29.024613418543346,41.10785226817144
29.022142655017333,41.10758609798741
29.023547098053974,41.10768937754276
29.02556410924275,41.10510529720969
29.02263435066874,41.09958545420553
29.021540140406657,41.100223444130734
29.024665852603164,41.104968803197615
29.023558170825808,41.1076870879216
29.016226813923836,41.10463680462147
29.02774721172456,41.10661451766722
29.021655086177084,41.10715722448106
29.02344093858272,41.10489652450073
29.016900839629006,41.10711718806031
29.016545575930863,41.10673786092189
29.025722148791704,41.09913806573594
29.029132597023334,41.107853841569096
29.03089698056648,41.099745922854495
29.021433467252127,41.106434770176435
29.016176055447566,41.10650199885906
29.02292829603679,41.10460773636758
29.02394563963612,41.107700772917774
29.01543323543276,41.10621340244396
29.023168753407678,41.10580636780031
29.029089467322905,41.107914117325016
29.026316197393392,41.10628376658132
29.026530399774536,41.10700843208741
29.02959462896475,41.09971502636551
29.028173333244663,41.099737421890985
29.02412228051116,41.10498621599613
29.017208937508773,41.10348684354452
29.02584785875114,41.10757262088945
29.03086667929102,41.099745922854495
29.023638491377245,41.10772587937772
29.020004799637004,41.10099240748614
29.02150210077979,41.10022258228333
29.0232913394674,41.10757853431124
29.016510869385723,41.10667611170062
29.025329299794016,41.099199044781955
29.020486218595533,41.105670153554705
29.016741507929858,41.10392056207038
29.017152638425337,41.10355058717256
29.018837083722467,41.10665317517226
29.02787840258525,41.099656558645464
29.024782134383617,41.10773519937823
29.024622674586922,41.10783480415538
29.016921276374113,41.10382453308026
29.022106923653975,41.10761540621491
29.020755929389818,41.10762755443756
29.027964251406264,41.10665385306422
29.027757648192765,41.10572054362417
29.02785806385333,41.108019850804304
29.02720355549714,41.09957760058186
29.030601270567274,41.09984300234142
29.021205788041204,41.100537108334166
29.016273583379398,41.10444959788761
29.02391130259357,41.105225367051915
29.022692930438396,41.09974721888121
29.01927873080416,41.10731356212679
29.017024534325113,41.10722276736489
29.01609451592606,41.106448553067345
29.01692510966676,41.107063453959725
29.017683228616924,41.102567196908424
29.021798301623434,41.107170157167715
29.02880397252611,41.10775258882156
29.020465004297048,41.107882894164426
29.02807387875578,41.09975253806969
29.0203063222207,41.10549740147254
29.028782445155244,41.10733468085916
29.018910259914627,41.10128409516198
29.01617060786453,41.10465597151265
29.022761429545504,41.1069298944971
29.026151922742383,41.107767854231554
29.015421492342092,41.10615290566532
29.027083960221066,41.107744666003754
29.01615757896703,41.104616954299935
29.018676195944145,41.101899064264686
29.02628575819573,41.10531579757787
29.0203063222207,41.10552889576608
29.026293719160645,41.10774273164252
29.021639961389127,41.107130819081476
29.02298411924636,41.104771649498915
29.01687801815509,41.1038297335711
29.023113367661516,41.107674215146965
29.023028652123248,41.105156654971566
29.017767993103046,41.1027811004906
29.021549653743108,41.10698812005827
29.026378626082437,41.10522628073912
29.02303293457954,41.107701497340294
29.021756201350986,41.10006499539633
29.0226010279262,41.106693613939896
29.020279613576587,41.104356717444944
29.02168026764471,41.10021103902052
29.02651164614732,41.10715521702024
29.01796842864614,41.102427298601704
29.02168026764471,41.10021103902052
29.01933429373532,41.10121079576084
29.02452402366829,41.09904752800409
29.030834960309654,41.09974356266594
29.028214104024602,41.099714404186095
29.022803403618298,41.107778597014175
29.01817494138822,41.107412810865945
29.026676215210003,41.1054285069805
29.030269757464758,41.09953070299315
29.02166009806055,41.10699773932378
29.01711755151569,41.10709484050383
29.028923867456758,41.10728930750294
29.029305805524725,41.09960891736805
29.02284130882369,41.10496210494597
29.018764268863734,41.10734423285731
29.021154546311866,41.100557837473794
29.02638519234327,41.10655543207475
29.024617023836225,41.0990491797167
29.021078010350326,41.100616291447835
29.02735368736746,41.10779715922438
29.026467274805363,41.105677191788665
29.02528028871331,41.107933953981664
29.020420842253532,41.10570304435336
29.026004191190047,41.10541229987181
29.021513112297033,41.100230579717696
29.02673108743304,41.10520324022528
29.015604174866716,41.1062878491835
29.029910841392034,41.0997335294885
29.027722328152308,41.10650903156929
29.02897681376186,41.10696863131114
29.021707194083355,41.10005655325012
29.017880382757863,41.10248359872952
29.025934549319867,41.10786092046094
29.02774318752511,41.10599739696145
29.02562290103505,41.105257004691325
29.024188383539798,41.10475632287764
29.023012433383915,41.09955099897224
29.016490041829975,41.10678817744345
29.015712762283336,41.106447165501656
29.026567945957805,41.107004844236656
29.021604283566813,41.10007251177568
29.021872341454145,41.10456215859231
29.023861757665134,41.107737266163305
29.02138516554066,41.10633785920633
29.017518076798247,41.10704348082662
29.028309699468387,41.106641245227785
29.024909145778008,41.10770521208446
29.020253513857863,41.10454788258955
29.027867987331064,41.108019850804304
29.020255498930617,41.10435988798275
29.024356747694505,41.104785686264414
29.02716099530614,41.10781752310283
29.022429343661898,41.10517289310078
29.02156535842309,41.107954889520926
29.018650915030243,41.10750810123561
29.029266949711914,41.10713447390182
29.026456677363566,41.10524096827081
29.01757410018573,41.10279727626856
29.022962902909995,41.107704715390746
29.024711137322935,41.10493420110334
29.021130417040425,41.10053529946484
29.028675878419023,41.107382063073594
29.026068664554334,41.107896672566916
29.021663877985,41.107155503691914
29.015571232850355,41.105745163979705
29.02277853565243,41.107389255897715
29.029441406964768,41.09961098336068
29.029249313533445,41.107837453824885
29.021144022056266,41.10445965222659
29.02778167316884,41.10617515841029
29.01831077901658,41.10757963791768
29.0232719356766,41.10757284615667
29.02272995247327,41.099518825758516
29.016248738075923,41.104498148215555
29.020374885877168,41.1044026060022
29.020052938221934,41.10101819315907
29.024209760649512,41.104852409075285
29.026770615750177,41.105670266398015
29.026389375082527,41.105219257590605
29.026713711806963,41.09934280927215
29.02158951040984,41.107124574064215
29.01750743280764,41.10704008169118
29.027980971110203,41.106706673624274
29.030328165349342,41.099724381313365
29.024623208028164,41.099173091153276
29.02336266049821,41.10770292438745
29.02281086463832,41.107444597355915
29.02751201371433,41.1078055634552
29.022478757526468,41.09979436128793
29.029319655406084,41.10723742478491
29.02792858229176,41.099702446168024
29.021344515872677,41.106146458132116
29.02551517298768,41.09900955428456
29.028780791545575,41.10730091256131
29.02311165979178,41.10755269330712
29.022093950617805,41.10013100872392
29.02019611024653,41.10550589707704
29.01665878698853,41.10679429323665
29.02014797682734,41.10436291710213
29.02992011673545,41.09970719468795
29.020449464667987,41.10573071576848
29.02262836765854,41.09976275336057
29.021799235771013,41.1071878487372
29.02217640428361,41.10763099178697
29.022856676398046,41.09971561363882
29.025458765684508,41.098882288272556
29.028607196825607,41.108050144884444
29.024325903571594,41.10488132208052
29.018279567212904,41.101700315463326
29.02135449260537,41.106398520646835
29.023270163815884,41.10754124581132
29.029102807467563,41.10784259680323
29.02110432680063,41.10064736642281
29.02161579510577,41.10015138287481
29.020432140729074,41.10793714181631
29.01616725338643,41.104596491781834
29.02121878984097,41.10030374717798
29.024478684346366,41.10775890275262
29.022599379072663,41.09974796208448
29.02613349547,41.10797241432502
29.022864156671567,41.104721366988066
29.026567945957805,41.107004844236656
29.027119953345558,41.10785896250754
29.023831251172336,41.10479800236722
29.01658708601783,41.104087462594634
29.022537518423103,41.10692898118317
29.02891875234846,41.107209410855106
29.025552012872648,41.1050461806364
29.023498545324433,41.10767956368644
29.02321235055045,41.10760651145937
29.026351162117777,41.10794352804773
29.02059503239457,41.10085509483257
29.029210349300907,41.10719314565495
29.02165355588092,41.10008047440662
29.022508528874823,41.10697603090032
29.020480657371454,41.10768010629338
29.025307923377145,41.107881785978
29.026617656937216,41.10777455454144
29.028157437560406,41.10668616748132
29.022531129110455,41.10789152333127
29.021884495170855,41.1075470963079
29.01892581620889,41.10750058728373
29.017613623091602,41.10259009758994
29.020175533464002,41.104624778487995
29.016307402256157,41.10454584403124
29.02396327311941,41.10773859887792
29.023785422202323,41.09922863592545
29.023558170825808,41.107697488138214
29.025655543755168,41.09899480319386
29.01717731131277,41.10361380420922
29.02435297917148,41.107739107797705
29.022566409026837,41.10700633926951
29.024196704447405,41.104852409075285
29.020235740900084,41.104347118389235
29.022703261884686,41.10704267325184
29.02115740085451,41.10060063671231
29.022681113026366,41.106816928386245
29.027441937487524,41.10788029501891
29.02047274381524,41.105619325356926
29.021578048156528,41.100184161574916
29.021943027825518,41.107539543725174
29.023837579116233,41.10483140903184
29.02666606643189,41.105438494982344
29.020296234814815,41.10443510081416
29.02651549156697,41.106909274194884
29.02905812660646,41.10687329359652
29.01906671813239,41.10128189254437
29.025811131726513,41.098982876914256
29.02988873690693,41.099734387539705
29.029441406964768,41.09961098336068
29.029003576898017,41.10690523320952
29.0199597457178,41.10511528462363
29.019198584025172,41.10771481654799
29.017065568999527,41.1034769175379
29.02816123523014,41.10690594224154
29.01792496092286,41.10729054284346
29.020678530773207,41.10572717357163
29.02166619018209,41.10710870206958
29.02112959195676,41.10053666743026
29.019257342545714,41.10753948722087
29.021540140406657,41.100224812096165
29.02386037451627,41.10769984978931
29.02732440649372,41.10788238013511
29.023403549460163,41.10769060020179
29.030774935333195,41.099723868678524
29.02289597361648,41.105515665065575
29.02541220920982,41.09918109104262
29.02583252215961,41.107988502861566
29.025959424828205,41.107220586456826
29.020298939561943,41.105432870455225
29.024643954453122,41.09899305708519
29.026400553075515,41.10523652694501
29.021771979371344,41.104575646577246
29.018246219024782,41.10219961824416
29.02315704517744,41.10747022238861
29.023002642783293,41.104847028591315
29.017366044845616,41.10333885873212
29.022781508644986,41.099851233662456
29.027746872572923,41.106318074912004
29.027833248530353,41.10574354195558
29.027469639804103,41.09927359182443
29.02422339757358,41.09904869390273
29.027672810987813,41.106482823549705
29.020089017719215,41.104405411743905
29.022443998978538,41.09978400756365
29.030347575716192,41.09974374248756
29.028792826307114,41.10742288982576
29.016222571571745,41.106686050950195
29.02632079646382,41.10770487922873
29.023143482680197,41.09937859738145
29.015430496117553,41.10611829636964
29.024628365443796,41.10785161670337
29.022152072567675,41.104661013080566
29.02141106975665,41.106059746440614
29.023584193006226,41.107692289177244
29.02446497457983,41.09906180788102
29.02181841336395,41.10001577900019
29.021210639351107,41.1079199034957
29.028017943674723,41.105919258744116
29.02885284590172,41.10721708836555
29.027515447680024,41.10793057616841
29.01614094356935,41.104633402525394
29.01921898573252,41.10121620829347
29.022616324112068,41.09966757219544
29.029995523625402,41.09972523936457
29.02162049484514,41.107102323967844
29.028728647655843,41.108043656082124
29.021405688513838,41.10641175917261
29.023584193006226,41.10769272967839
29.027541853554222,41.10706220995583
29.022532575778776,41.10682325151226
29.020157506606402,41.10436291710213
29.025991513294045,41.10788245250351
29.026013275070593,41.107597204807284
29.02141244217226,41.10643050190905
29.02948005115387,41.09973904393109
29.02931901810472,41.10723742478491
29.027834346684195,41.099702446168024
29.022283461991275,41.1079644285355
29.017305643839233,41.10324136660253
29.02268896685223,41.10660066379547
29.021886732071856,41.10753668351022
29.015206289608624,41.1062150440967
29.02760910831003,41.107235597985735
29.027758101214342,41.1057448488699
29.02295503815088,41.10517900572591
29.0162122682648,41.10457143505923
29.023023949093794,41.104751356839046
29.017546226850097,41.10291972522738
29.01706082079808,41.1034769175379
29.02738628528946,41.1078501380351
29.02510733785323,41.10790299048053
29.02434139029998,41.10485660705916
29.022943858982075,41.10457938965477
29.01990877704626,41.10478319603838
29.02612347117895,41.10528797271171
29.020823781185282,41.107896854363595
29.017545669808587,41.10289919247746
29.02151211071007,41.100223444130734
29.02254082081085,41.09973070876505
29.019982177143728,41.10508138175495
29.02873596870454,41.10733146780973
29.02114655792651,41.10448243545088
29.028806724381635,41.10787095580027
29.024209760649512,41.104852409075285
29.027999465219956,41.10585459404708
29.028187038886788,41.10649431390218
29.022781939798893,41.107612750757916
29.021814832520786,41.10714883352655
29.02789859990412,41.1058089129345
29.02109913425778,41.100604515604566
29.02031293860833,41.100859910061764
29.02659628936228,41.10614826606217
29.020345700617,41.10571127696708
29.017160314150356,41.10355046375524
29.028142681324464,41.10697059050155
29.022811093045096,41.10645383861505
29.02269271115138,41.105978778798104
29.023856949662655,41.107691371506725
29.0225457638638,41.10697918823381
29.0259420754858,41.10718459696279
29.027515447680024,41.10793057616841
29.021097792446763,41.10054501077291
29.026626200272226,41.10655862711878
29.02662384865998,41.10659876212267
29.028750354995637,41.099620953772394
29.024406069682694,41.104791821672045
29.021685330394423,41.100242966136186
29.017328526020776,41.10706148918989
29.016193474966755,41.104589537061734
29.017475682533064,41.10302260417965
29.029052652730144,41.10787913516045
29.02146277305521,41.10633436739642
29.01691611421314,41.107019915174334
29.023891158635436,41.10771297360164
29.028774917544432,41.10733468085916
29.023841798646068,41.10767844572884
29.023285338408552,41.107427202290474
29.023482166496667,41.10767147383661
29.02251080961939,41.10478856614722
29.017787967452325,41.10719734332109
29.025663097235547,41.09899480319386
29.02210204179332,41.10755879850887
29.026410568742886,41.10523639019895
29.02780400385859,41.099702446168024
29.02622513481071,41.10585497474907
29.026005637118672,41.10764897368389
29.0225457638638,41.10697918823381
29.028214104024602,41.099714404186095
29.025102038569386,41.10790052580431
29.020403228556518,41.10569736031877
29.020778688704212,41.10083629722919
29.021465278532013,41.106103409439775
29.01668565261618,41.107023980717955
29.029832914002277,41.099687833513755
29.02296999484658,41.10500798199268
29.02142516473684,41.10607987908714
29.020298939561943,41.1055203021271
29.028554137061317,41.10810712019303
29.019178334197353,41.1072248157952
29.019306858700567,41.101268694769914
29.02736239535818,41.10788011322892
29.017529775208086,41.10293542041756
29.023042566610034,41.107735876435825
29.0277514745343,41.10669922887834
29.025208214436002,41.10500952689339
29.02628201745289,41.10771185343076
29.028898257260277,41.10693305507808
29.029230809495534,41.107829817599125
29.027836225432388,41.106544494872324
29.02277073850992,41.10775829063762
29.02646170596509,41.106280140065856
29.029342895120877,41.10723655651143
29.02061462111621,41.10780783420725
29.01914228085011,41.10716677911933
29.025854516039168,41.107150200606604
29.0211456164832,41.10796241203397
29.02090355594108,41.10069948178732
29.02060846078204,41.10080127074053
29.02371810690449,41.09924741760082
29.02155110087571,41.10021180108037
29.021144022056266,41.104471567449956
29.021444577636526,41.10755187613283
29.026378114356167,41.10525800395977
29.02591111506202,41.10789132689299
29.027751139571812,41.106168499860736
29.028587357346392,41.10796924752321
29.027997649976374,41.106608327829086
29.02184933563584,41.10458208231931
29.017467626190985,41.10313770294751
29.03031727444073,41.09974374248756
29.01669471223369,41.10703854052063
29.026440433134297,41.10611722003533
29.020010212338843,41.104407306237775
29.021881722943323,41.104556337079714
29.01617060786453,41.10466013181503
29.026755898264618,41.10519970382945
29.02254993980405,41.10659521165924
29.023202271180818,41.107661978736644
29.022784899580387,41.10777111766759
29.02876854994525,41.10783168179196
29.02602086938677,41.10749947028437
29.024572372941197,41.10780401314176
29.026676215210003,41.1054285069805
29.015368908157157,41.10629258916633
29.016545575930863,41.10673786092189
29.025552718206583,41.10501578941623
29.016758933643686,41.10394580930589
29.025191974705244,41.10502368389233
29.020163981976314,41.10458882561127
29.026706363063468,41.105443460264134
29.02177320114841,41.10459421874087
29.02262313871633,41.107668131111595
29.021540140406657,41.100223444130734
29.023143482680197,41.09937859738145
29.0157088043477,41.105202873891585
29.030774935333195,41.099723868678524
29.029275046711316,41.10714988388272
29.017462880970303,41.102969436488586
29.026663710197504,41.107795428062346
29.020317104369873,41.10569506318946
29.03071814195259,41.09984895669113
29.02140946537458,41.106389495865564
29.02520928939811,41.10795055034853
29.01537139728651,41.1061301752813
29.021954590376506,41.10800421188387
29.027785854611075,41.099702446168024
29.021508878947763,41.10023360011488
29.02367828190649,41.09923817406661
29.022142997196585,41.10800623832532
29.021866614629573,41.107951495776234
29.025931396231478,41.10750772796943
29.029210741432195,41.10713611096021
29.02140425095452,41.106437881922574
29.022775468086582,41.10479384579902
29.021814832520786,41.10714883352655
29.015780753534575,41.106206271616514
29.029234091983838,41.107839921033516
29.022811093045096,41.10642167731662
29.027405411998952,41.105315865779
29.024623670594917,41.107857734368395
29.022212418315885,41.107609930625145
29.02166009806055,41.1070941732355
29.02658540333507,41.10716473133722
29.027841593185663,41.10637919217124
29.02193304236343,41.107576813909816
29.016200016842486,41.10461679149229
29.017948440163877,41.10250535092424
29.025073797685224,41.10500840332486
29.017030509781634,41.10714539722158
29.02019805778049,41.104429315408574
29.02951833021945,41.09959309923378
29.023589662115953,41.09932625731238
29.02097830770772,41.10573900880869
29.0223441692756,41.09988102632975
29.019819745824027,41.10753962615522
29.023979789766514,41.107674222357
29.022137898012854,41.10797052645413
29.022308910468443,41.09972234558155
29.02158951040984,41.10711008142837
29.015742605515754,41.10630119628504
29.022801857074754,41.107119856462596
29.02185773230362,41.10752801578562
29.029178269054864,41.09961618659916
29.02666652146395,41.09928810823976
29.025910712493275,41.10721764622956
29.020580104760654,41.10079563535656
29.02386821751162,41.10765679084945
29.01606303519442,41.106412860015176
29.02292312804125,41.104591990185604
29.02391976791475,41.10769347032173
29.02282802612744,41.10593013035691
29.020695219167816,41.10787492093069
29.018339772608375,41.107057087701584
29.02743392717868,41.10788216758962
29.025143840589482,41.09904180072582
29.021445954127817,41.10027213905757
29.02128338626743,41.10047148960607
29.023141636774536,41.10482111003733
29.022111961193914,41.10797472130128
29.01843360866048,41.10155837757519
29.022620149569587,41.09965756317774
29.01765058745765,41.10251655227505
29.015415896094765,41.106131807023374
29.02190535712585,41.104571462931005
29.02671651184158,41.105436957196304
29.015606801904156,41.10519918017664
29.029091205476895,41.10784019111608
29.02033871254714,41.105708143718196
29.02823342005465,41.1067633707388
29.02398400915309,41.1077295710135
29.023026556208304,41.10569528928321
29.02850440748912,41.10745025508548
29.022803403618298,41.10777111766759
29.023230229097763,41.1075627650837
29.02671651184158,41.10543968715811
29.025439468874715,41.10521632051061
29.021886116293526,41.10457346265414
29.02163139025082,41.107136341962615
29.026105080589556,41.107725901986036
29.027596976808486,41.107959893651675
29.023365429470847,41.107682150176046
29.028750354995637,41.099620953772394
29.02064760168815,41.10079494996627
29.0215133911431,41.10697340421442
29.015715312420713,41.106126008828596
29.02178820948895,41.100108646663884
29.020657365288685,41.10781416429849
29.015218925946776,41.106079624513825
29.023069749729682,41.10474497070969
29.021873987488046,41.10793821113453
29.024613418543346,41.10785226817144
29.025107011118024,41.10791586342493
29.027614319464845,41.107397259836326
29.02389188655201,41.099446172658425
29.028202779203006,41.10670820378887
29.02322875718395,41.10764779640024
29.018332298767078,41.10716281901319
29.027430420610273,41.10532116951058
29.015339868346594,41.10610915111489
29.021120718429817,41.104450788792974
29.026881399994185,41.107692047892826
29.026428338343393,41.10520320293318
29.021649202654874,41.10709824248537
29.027484645212652,41.099279721223844
29.017066076380573,41.10709481012327
29.023304361984138,41.104712130040774
29.020524669074618,41.10572038262623
29.025661620516644,41.09899480319386
29.021143834404164,41.10580384598969
29.025191702238633,41.10751313765087
29.02164705656466,41.10019495125966
29.02176053414215,41.10457084386776
29.02546112434584,41.09906422652009
29.025713003910994,41.10511660903868
29.028525893122282,41.1080957901754
29.018635173209958,41.10190618299718
29.020318327295623,41.10445916074259
29.022231958408682,41.09976368859737
29.026132465116305,41.107639697185746
29.0261665907165,41.105328747680936
29.01609451592606,41.106448553067345
29.025878499105197,41.10528152684892
29.02538772976822,41.10765717758067
29.024636078366708,41.10766176175941
29.026501196873546,41.107014962933086
29.021360584726906,41.106346589040896
29.023182521308378,41.09932523855504
29.023305111548673,41.10476838750153
29.0221408213671,41.10757787792353
29.028641683847308,41.10788823744718
29.022642608901364,41.10758355709094
29.020102050345248,41.10494334048723
29.029229614828836,41.10718692773814
29.023099257610994,41.09937704733043
29.020417954722067,41.1077170249031
29.024780067879014,41.10758200202817
29.027192255942637,41.10801429119025
29.022956301818226,41.09946772952235
29.02783928415286,41.10577770713297
29.021593337540345,41.107116773810375
29.02059503239457,41.10085509483257
29.020309289626663,41.10765310712726
29.020279584702465,41.10443885589068
29.022013593406253,41.100012841768354
29.021165808499397,41.10445741259978
29.022108203440315,41.10758845449896
29.027449080362462,41.105294109099724
29.027996449078923,41.10618154258102
29.022122330227084,41.107976144545944
29.022122912319464,41.10754610641202
29.026369348421962,41.10522349560656
29.024617023836225,41.0990491797167
29.025951748086733,41.10730936913339
29.019086862934326,41.101253502500064
29.016168082307136,41.10464069094246
29.026368470117674,41.10524670706703
29.028808532766426,41.10721842581041
29.02019704571455,41.10789302233934
29.025489705384302,41.10496666684259
29.023917291752554,41.107696553366395
29.022497947397405,41.09964315066919
29.021807361895263,41.107070002828884
29.02628575819573,41.10532537563172
29.015410848351486,41.10615290566532
29.021700194164957,41.10017852624393
29.028848909695796,41.10692846462588
29.02189844392767,41.10756047802167
29.016327059593458,41.10457523029127
29.02300888873801,41.10593604092338
29.022383307434882,41.10004905457254
29.019311207714107,41.10123451084835
29.024994220419327,41.107699859289845
29.02956802118418,41.09961080353905
29.019477493862063,41.10728428967532
29.02869561431986,41.10807141544518
29.015329540592322,41.106208720037166
29.029630337132982,41.09971502636551
29.027806851614343,41.099703998978875
29.030601270567274,41.09984300234142
29.025470554196538,41.10765446747033
29.021719655109774,41.100185594500694
29.027973910785,41.1061020832676
29.01933065079316,41.10120859681166
29.01844771179173,41.10174999389433
29.019252980159024,41.1012139921173
29.027561318200082,41.10543847346589
29.015983468354836,41.10636037103665
29.030697786176486,41.099733830911404
29.028022164571205,41.0997617602145
29.026785782462674,41.10519740141005
29.0241367738268,41.10499914085594
29.019978755489998,41.104961941859784
29.01546744829918,41.10611397684175
29.019477493862063,41.10728428967532
29.02462932489422,41.10785455779261
29.020580104760654,41.10079563535656
29.028953976226063,41.10729130016328
29.021864183826512,41.10457594719376
29.028750354995637,41.099620953772394
29.018960839962542,41.10139963123339
29.02424418733775,41.10498813665227
29.02367828190649,41.09923817406661
29.015559895841022,41.10539256921072
29.02121025886944,41.10447332395247
29.024617020287614,41.107838421232316
29.015521660774482,41.10647956942867
29.015598454012807,41.10527895250985
29.026387368382366,41.10525385545998
29.02772271333652,41.1065957903969
29.02452402366829,41.09902652116714
29.0291200016577,41.10692243434993
29.024636078366708,41.10766176175941
29.028811703579983,41.10732676988324
29.021487241668016,41.1063142347499
29.018417910818908,41.10148292154068
29.020242140633957,41.10434358880406
29.01813134492855,41.107233572949
29.023499525619876,41.107694515122
29.02467996768623,41.10772443282426
29.02514056733626,41.10491629526324
29.022068511939846,41.10754661839729
29.026402462262066,41.105238569260216
29.022120171146465,41.10754348522684
29.026386484351267,41.10623932608855
29.024649073475207,41.10772884487957
29.02824389994541,41.10692624510067
29.022677036333324,41.09969943108387
29.0174629171294,41.102839619434405
29.020769652734362,41.10075367754508
29.023237361048327,41.10761486097527
29.02344093858272,41.10489652450073
29.028044852347033,41.0997617602145
29.026551995005764,41.10557269607082
29.029052642468674,41.10687329359652
29.022981661463437,41.104730516684064
29.021141909093817,41.10446769560467
29.018790640027497,41.1072936670263
29.02207576527613,41.105207072117295
29.028923744106585,41.10688295939583
29.021649202654874,41.10711459609135
29.02766055956888,41.106782680650205
29.015339998441885,41.1061301752813
29.02312695027426,41.10507771388461
29.02792542777814,41.10606969319638
29.01733325553582,41.10724773547943
29.017620173862845,41.10248309652638
29.017428896489108,41.10293968822183
29.024130037392016,41.10476641827135
29.02141106975665,41.106059746440614
29.027841593185663,41.10637919217124
29.026366075820064,41.105216697411734
29.025852330242472,41.099033390528
29.02113073854793,41.104520661426434
29.02163950676372,41.10700323462757
29.021655086177084,41.10715722448106
29.02149978084665,41.1062491975921
29.015571857992985,41.105401834199824
29.02658540333507,41.10716473133722
29.015571232850355,41.105745163979705
29.027785854611075,41.09970802132899
29.030777950721998,41.09986831786534
29.02671651184158,41.105436957196304
29.02910576393629,41.10781586803531
29.024801145896312,41.10773498497893
29.021843370020218,41.10460177724944
29.02641993421378,41.106255161736534
29.026804680476317,41.099294887100804
29.02481903207575,41.1077411711107
29.01859112692711,41.10125676842955
29.022406031099294,41.09971719369692
29.02599658783897,41.10753456953756
29.02873806457835,41.10735083262914
29.020064088915635,41.10439417032177
29.02903348594241,41.10790559856692
29.021060553720865,41.10066517180306
29.026078336448112,41.10758470163637
29.023450168796312,41.10464146662942
29.019041857796218,41.10129955866265
29.02020643997317,41.10549295293575
29.02906458436713,41.10783965650811
29.01622847788812,41.10463755889581
29.015363311909827,41.10629258916633
29.029023311803424,41.09959670348374
29.021418744715945,41.10641220307341
29.028214104024602,41.099714404186095
29.02309100151752,41.1048671429694
29.02221373690528,41.107596973584215
29.027082614613573,41.107702452557156
29.022524938219494,41.10614479978744
29.0261349161935,41.10765140116782
29.01893860339734,41.101288591317314
29.02155782781344,41.10021770855218
29.02264385906167,41.1070597314487
29.02755589620711,41.107086061695576
29.024339290226273,41.10483465185147
29.02330282747579,41.10470857927052
29.02276967442935,41.10742705258113
29.024547680373225,41.107724920138494
29.023914642929526,41.10773807534621
29.022559150032738,41.10698989140191
29.022644235591923,41.104749132186335
29.02113915667736,41.10447084510917
29.025921279562805,41.09927285647222
29.023481515539704,41.10765436222304
29.021111988350942,41.10453374195518
29.016226813923836,41.10463680462147
29.03014678383483,41.099607379110715
29.027593391644878,41.107236203730004
29.028044852347033,41.0997617602145
29.017822961998643,41.10238214786339
29.030834960309654,41.09974356266594
29.02866584840057,41.107195429492364
29.02452402366829,41.09904752800409
29.02119006270076,41.1044653316842
29.023237361048327,41.10761486097527
29.02391976791475,41.107691005645506
29.026063965121143,41.10773222356344
29.0216060951179,41.107167528433344
29.02117234068833,41.10583377264169
29.021544739667796,41.10680551353308
29.0211958741013,41.10577810129177
29.02109160636383,41.10060397484493
29.021961092920872,41.10798583816488
29.022504601881856,41.10698117608132
29.029169786413807,41.10719822335874
29.022677036333324,41.09969943108387
29.023798400001315,41.10498198173496
29.02135307947951,41.10635625867558
29.024667400842837,41.104917153418796
29.022018817860186,41.10472468801474
29.027980971110203,41.106706673624274
29.02896713315931,41.107303612872656
29.029409892415362,41.10710810749444
29.023822609819202,41.10483141637761
29.02813582902886,41.10631842395994
29.02748793821896,41.09969030872986
29.023907763276842,41.10771289550699
29.02158951040984,41.107093808754655
29.020582560614617,41.107703749765236
29.028049969740167,41.09961148572047
29.021198328820105,41.107912209926
29.026665493170242,41.10535075291388
29.021758478407392,41.10458865376618
29.016704374303234,41.10679860765738
29.025688569221202,41.09898605881308
29.023141751029424,41.10763824375026
29.022646736254796,41.10707753546948
29.021525759637903,41.10688536431162
29.018256619003285,41.10682593009302
29.022554215410906,41.104716549034606
29.029441406964768,41.09961098336068
29.021575883491057,41.10700060600499
29.020088516675372,41.10480893106825
29.02280193310364,41.1063328071293
29.025766724325152,41.09902726112858
29.02159841007712,41.106798601732066
29.022142997196585,41.10800623832532
29.020523395968596,41.10791784069878
29.02138381939982,41.10793644216399
29.022227322736452,41.09965993769534
29.020301663921323,41.107451409103376
29.029342895120877,41.10723264889336
29.02211467862231,41.10467881047154
29.03089698056648,41.099745922854495
29.026607128105702,41.10703692234147
29.022500157222733,41.10759086434796
29.02277628914653,41.10742803086608
29.03078175299281,41.099726741501925
29.02782491802666,41.106028892554164
29.01625569065836,41.10621943132938
29.015704145890236,41.105781171198174
29.024100333680845,41.10782408432111
29.025519565221824,41.0989917781005
29.021177641209658,41.10067889764627
29.026131623943773,41.10796176503329
29.0157088043477,41.105202873891585
29.02197168084914,41.107542305299326
29.023271865131644,41.10764239459347
29.027734909085577,41.10640924571009
29.02455968378463,41.10746733675749
29.020274896635293,41.10093011126085
29.022737356793513,41.10597712897264
29.023589365504474,41.10773758392755
29.020333482482798,41.1055652576027
29.020289268772828,41.107758547432134
29.02786518435991,41.10578886566037
29.02191727544272,41.10800421188387
29.01839701949795,41.107197172060886
29.020631512787798,41.10569988947692
29.026400553075515,41.10523652694501
29.017248674381808,41.10352447342034
29.020371499594987,41.105718872268596
29.02530940708895,41.09917374984536
29.02505910431279,41.10778295019673
29.017482900903175,41.10280023962764
29.022616132719797,41.09975071163018
29.01862882692422,41.107233104485545
29.02133393115587,41.10639961399223
29.020279584702465,41.104438334109794
29.025635510786156,41.105036738642646
29.021586778896733,41.1069951216356
29.0265070489766,41.10719039975021
29.022132502325398,41.10757842736611
29.03089020239851,41.099745922854495
29.024667518119774,41.099134512914524
29.017138978491563,41.10353747278638
29.024636596151325,41.104998826098075
29.021198233858804,41.10446473500287
29.026216107067505,41.0992822731834
29.029279198285632,41.10712090679564
29.02645732154697,41.10563072463259
29.024710014488342,41.10489014875938
29.023986708826502,41.107715232565106
29.025480724575992,41.107841475462486
29.026254106454772,41.10613728127281
29.021777384036437,41.104586042951
29.021614521224475,41.10699073774644
29.022928657572148,41.107585235868285
29.016298196415462,41.10445841931632
29.021261872663263,41.10444762431953
29.02782419987769,41.10637420431148
29.02441587860548,41.1049249898913
29.023989571397085,41.10491282667559
29.022781939798893,41.10760126832016
29.02110432680063,41.10066380383763
29.02029284744041,41.10548476144495
29.0226900952481,41.10658706905982
29.02001375608054,41.1077607038848
29.021540140406657,41.100224812096165
29.02403846820861,41.10780338840857
29.024148139488716,41.09916664240952
29.02253370417465,41.106820510535755
29.023503802907285,41.10768937754276
29.027469830568712,41.107805466102846
29.026375515389052,41.10524587211917
29.028733340189834,41.10720196523772
29.026672632818403,41.105504383132185
29.016307402256157,41.10457523029127
29.02484833908064,41.10739288670824
29.02232766383922,41.099745333982156
29.026670871349527,41.10520164438214
29.025441958958723,41.10778269516694
29.015312826287875,41.10621834831823
29.023922521184577,41.10766273837479
29.024636596151325,41.104998826098075
29.016195759764106,41.10690670295966
29.02176191535826,41.104558331631694
29.02665295036849,41.10557608845601
29.021496184207862,41.10022258228333
29.025464817220083,41.10522388763344
29.02035807226542,41.10566353168986
29.0217604294449,41.10010631589719
29.015557318492085,41.10629012630919
29.022800651610165,41.107473293905485
29.0157088043477,41.105202873891585
29.030525904120182,41.09974374248756
29.02026347805717,41.10084354589426
29.02673754924637,41.10783034179279
29.020071185476496,41.10508470425113
29.01591620064936,41.10683760266108
29.020617154446995,41.10781761461193
29.019058225122116,41.10128574292041
29.022560278428614,41.10698989140191
29.020725222397264,41.100843360486216
29.02598646887178,41.10792337238717
29.020606796817756,41.10079260708637
29.02283370483273,41.10660267038513
29.03089698056648,41.09974610267612
29.023558170825808,41.10768139637886
29.02444421932749,41.10492900268022
29.024269976911174,41.10484774569545
29.016137804809777,41.10641644321702
29.02113182085792,41.10446194481085
29.021615891284796,41.10699461611847
29.026371503665526,41.107655678901
29.020968470885656,41.10576190345347
29.024659572436214,41.10490437673435
29.023782029497088,41.09929330057366
29.024278454851167,41.10474170949272
29.026780452583296,41.1078642420731
29.02772271333652,41.106588292492305
29.021679659835506,41.10700098926889
29.024140346574026,41.10779901427404
29.020651009853747,41.10796999078669
29.01795525168459,41.102459883605746
29.017247479895893,41.1035499602666
29.026788925181,41.10523457223112
29.029179438138396,41.10786602956599
29.027720523318365,41.106724773206125
29.023907763276842,41.10771289550699
29.02481903207575,41.107757664318875
29.021199316833307,41.104463360409184
29.022021977169793,41.09998827546337
29.022910487119816,41.10672500328579
29.015368156373427,41.10610122284295
29.02109827235711,41.10447576696211
29.021604283566813,41.10007631561194
29.019331333087877,41.107572765193
29.02195486054936,41.107590748793726
29.023478507742304,41.107663899001736
29.02955990997101,41.0995644329282
29.024325903571594,41.10488132208052
29.02338548808612,41.104843349070975
29.024428444847825,41.104882472276174
29.025420834687687,41.09908092874499
29.026567945957805,41.107004844236656
29.019152283044953,41.10738073229729
29.030716950303017,41.09971570985856
29.021126390043882,41.10581396128717
29.02644101485119,41.105240809858195
29.024726633519133,41.10767988348929
29.022177553828516,41.0999722301036
29.026076438887312,41.10791180548371
29.03088053619138,41.099745922854495
29.028082626659717,41.10679054092324
29.021783052143178,41.104575646577246
29.021668231086156,41.10716584537629
29.0203063222207,41.10549740147254
29.02042366569,41.10573831106999
29.022586474772584,41.099527340299176
29.020220739487872,41.107556781648654
29.022992204296454,41.1048252349677
29.02519497547961,41.10775695210438
29.023162211142424,41.107701949331606
29.026485528141727,41.107087924469205
29.026658387875482,41.10519118742686
29.02195486054936,41.10759303841489
29.022470620101764,41.10514438709742
29.020429027534504,41.10570852958059
29.023024275766872,41.10772663160042
29.02578756098145,41.098982876914256
29.022776747343237,41.10547825531393
29.02344093858272,41.10489652450073
29.017948440163877,41.10250535092424
29.027261475307675,41.10783349821441
29.0224981878284,41.10503282307664
29.022981661463437,41.104730516684064
29.022764005719594,41.10582698090924
29.027484645212652,41.099279721223844
29.020317744903206,41.10569506318946
29.020162458345034,41.105119163195795
29.025770538267114,41.09897621984934
29.028976694657835,41.10736576974098
29.02692953587535,41.105291006064334
29.0190430307832,41.10128452309315
29.029246464859902,41.10716839094593
29.02114675369794,41.105807785250285
29.025655543755168,41.09899480319386
29.029630337132982,41.09971502636551
29.030837171797074,41.099726741501925
29.023260078369063,41.10764247175269
29.01921898573252,41.10121620829347
29.023241929105314,41.104804340992054
29.02098540229115,41.107907708087005
29.02948005115387,41.09973904393109
29.021184718935764,41.105771117093504
29.027745382412764,41.106785422193845
29.016543234814126,41.10393551522308
29.027138768419054,41.107797796648434
29.020076527099423,41.10443035001152
29.02214165043168,41.107622336572334
29.023822770690334,41.10772336250257
29.0206811073129,41.107937449838765
29.027071279799795,41.107723483942436
29.023921459237467,41.105225367051915
29.021656520514373,41.104590095996706
29.026159493825798,41.10533667772606
29.03034865426925,41.09974374248756
29.022060153996666,41.10469394281226
29.01915884223254,41.10743512992042
29.022776747343237,41.10547825531393
29.029210741432195,41.10714118866401
29.026706363063468,41.105436957196304
29.025570144115942,41.10510516406863
29.02355497888845,41.107697488138214
29.023986913929086,41.09917492632943
29.023060204058165,41.104750352552635
29.027994097466678,41.10619239891553
29.019417660923956,41.107473856493556
29.029267631118003,41.09963523364933
29.022680558061804,41.10604346540235
29.02655090067648,41.107027658741124
29.02753727312486,41.10780622414736
29.026749694487236,41.10520044514869
29.02908750928818,41.10788662845038
29.023779420542116,41.107694164773875
29.021801880883434,41.107155120194676
29.026190626812287,41.107719126324405
29.020531901365725,41.1077240881331
29.02366082124775,41.104631328599574
29.02784529008883,41.09968515098645
29.027187344455104,41.10779703837719
29.02063417330068,41.10084893080775
29.027613360014712,41.1066184144283
29.027712590025022,41.10670410452475
29.025809554122286,41.10764980151561
29.024711137322935,41.104960720370954
29.021879053559758,41.104625082525224
29.02184207101705,41.09991041103611
29.026785782462674,41.105197275085
29.03015876359729,41.099579347056284
29.028947250580128,41.10721679160387
29.02118790798464,41.10452032419867
29.01561631972638,41.10530805690585
29.022153384256416,41.10503647952847
29.02925315945334,41.10712939619803
29.02466111970947,41.10759507731775
29.026389375082527,41.10524793913964
29.021576296532597,41.10700186659986
29.02073782201781,41.107887972630074
29.025965699335206,41.10792337238717
29.024782134383617,41.10773519937823
29.015415896094765,41.106131807023374
29.0162636577372,41.10464351003926
29.02451722028865,41.099269156570934
29.022698935802154,41.10742919467775
29.022559150032738,41.10698989140191
29.022996268540883,41.10461319770098
29.022053299121314,41.10466359867685
29.017628782038493,41.102794838091704
29.02736239535818,41.10788535756367
29.02663463748407,41.10537316016539
29.02792156426793,41.10650062551974
29.024265951636217,41.104821599840825
29.019901253194025,41.101022960604446
29.02114675369794,41.105823611003096
29.027745382412764,41.10679375257179
29.023665358632076,41.10768286062219
29.017458097158674,41.103108573982794
29.020365552211498,41.10447504356688
29.02287233816071,41.10748064398783
29.02492999809606,41.10775386517559
29.02746150667139,41.10780622414736
29.016490041829975,41.10678817744345
29.019826563898118,41.107559311256004
29.025688569221202,41.09898605881308
29.021570967467692,41.106798601732066
29.01653282932578,41.106766752028705
29.02778779714611,41.09971282943851
29.022859858545342,41.099636181565096
29.022675844204088,41.10595608269249
29.020212051293775,41.105466555731226
29.030837171797074,41.099726741501925
29.02014797682734,41.10436291710213
29.024301539808366,41.107702098934155
29.02824389994541,41.10692624510067
29.026386484351267,41.10623932608855
29.021939882935254,41.10758826787245
29.015571232850355,41.10575257471419
29.02112654085629,41.105764363501855
29.020346769640696,41.10569819643834
29.02252168446251,41.099816460400866
29.027464167479973,41.107841230192854
29.0261665907165,41.10533667772606
29.023005286830394,41.10773213427101
29.027318443885516,41.10772906613603
29.028797725358928,41.10787241460975
29.022354322031223,41.107628270667846
29.022166896424057,41.10757700128964
29.02163142154413,41.10715303901569
29.026771688683834,41.105216457489284
29.027770132536432,41.10650430396086
29.026103820851553,41.10761965624927
29.02209118274154,41.10755879850887
29.028511185340072,41.10792917594374
29.018851688556452,41.10738632022548
29.02204488223272,41.104675860631055
29.02784529008883,41.09968515098645
29.020672563557948,41.10782294429364
29.02390539090999,41.10488879569345
29.02260560121301,41.10704312532749
29.017914549326548,41.10246293867657
29.021152251860904,41.10446546913255
29.02184802110028,41.10752800051784
29.03066392301372,41.09971610631523
29.022439683720876,41.107876858840015
29.026516210944017,41.107205055852326
29.0182522295713,41.10223777724829
29.0162122682648,41.10457143505923
29.027697997529227,41.10632265423766
29.026512223088076,41.10554345511215
29.02634881050553,41.10794352804773
29.02161259721226,41.107005423698496
29.016273583379398,41.10444959788761
29.024043502857367,41.1048278772839
29.015376267368282,41.10623597382243
29.0246864413552,41.10495788721447
29.018246219024782,41.10219961824416
29.02126169268735,41.10055039327347
29.02193304236343,41.107576813909816
29.022466013219002,41.10479252293808
29.026046555323923,41.09928667707194
29.015915259689667,41.10683239194529
29.026617773034864,41.10596182215909
29.022554215410906,41.104716549034606
29.026779690341137,41.10522658305191
29.029345574355816,41.10724063783434
29.03011540400631,41.099607379110715
29.022915947684393,41.10471659588987
29.028049969740167,41.09958429286872
29.023289155351275,41.09922450318842
29.020968470885656,41.10576190345347
29.02013922655969,41.104423827711344
29.026278568378064,41.10532276671938
29.023403549460163,41.10769060020179
29.026053841935802,41.105914649647104
29.02554912907943,41.09907642206909
29.025577229800057,41.10511748970527
29.0225854644663,41.10566496071142
29.029043535796294,41.10690929828711
29.027171337009865,41.107816153435564
29.027659686765457,41.10659373062457
29.022288770688856,41.10762425982552
29.023122951791812,41.1049726657298
29.017279048078258,41.10333885873212
29.020968470885656,41.10576190345347
29.019023495315775,41.10128574292041
29.025535172068054,41.10495541813881
29.016891126757898,41.10382371755316
29.02692953587535,41.105291006064334
29.026474187675145,41.106297148934985
29.020298939561943,41.105432870455225
29.023914642929526,41.10773807534621
29.022912916899852,41.09951357117471
29.022037196752702,41.10013100872392
29.025870526073728,41.107785000127954
29.02748384642894,41.09963314689052
29.0291200016577,41.10692243434993
29.0245813597629,41.104878330893314
29.02048918886363,41.105661485173485
29.02009444695843,41.10096659139762
29.017138978491563,41.10353747278638
29.03066392301372,41.09971610631523
29.02592825485035,41.107155977084936
29.030697786176486,41.099733830911404
29.02025967811742,41.10445461162403
29.020292916993245,41.10549345738405
29.0153468141923,41.106099387385676
29.029237488660282,41.10705999250405
29.03089020239851,41.0997265616803
29.02601638461464,41.107923287921466
29.023419425817956,41.104882907005994
29.021438876343392,41.10643705141098
29.023316804614296,41.10758680847558
29.029441406964768,41.09961098336068
29.02081408294633,41.100841000297656
29.029108256284445,41.10783819540511
29.02459292946041,41.104999717365715
29.026233405491716,41.107861559227906
29.01839701949795,41.107197172060886
29.03089698056648,41.099745922854495
29.024323939474353,41.10773942677891
29.02692953587535,41.105291006064334
29.02072762503772,41.10787492093069
29.021161259967716,41.104458111196074
29.0268724569882,41.105192780370885
29.02774274483561,41.106525769900884
29.02861681649228,41.108066203740954
29.01548940695502,41.10636804935189
29.02392532284172,41.10773807534621
29.026158829292108,41.10532752118821
29.02228520380388,41.10761859492714
29.017342118213605,41.107250076172825
29.024624328253793,41.10791019253332
29.021172253664304,41.10583628187946
29.026777946712645,41.105228746348025
29.023232933131386,41.104752538323915
29.026343195685357,41.10532276671938
29.02026141764763,41.1076830160678
29.021261872663263,41.10444762431953
29.02391976791475,41.107691005645506
29.02111219045989,41.10059349777301
29.0263891238753,41.106264724764294
29.022524140208546,41.099746646939415
29.0215133911431,41.10697340421442
29.02573007733181,41.107917515826806
29.027739954864757,41.10663815025657
29.02062887401684,41.10085743771247
29.018621996248413,41.10193513305584
29.029096869199257,41.10784259680323
29.016193474966755,41.104589537061734
29.024163812234253,41.1075329815191
29.02959462896475,41.09971502636551
29.018515064779454,41.10194534235156
29.0204392406456,41.107816452402574
29.016226813923836,41.10463680462147
29.026158612073438,41.105705837366855
29.02214268994661,41.10501626567497
29.026377313496717,41.10522246919491
29.016858219847865,41.1038296437921
29.016211223222548,41.1044589639273
29.028040221348526,41.10669837491977
29.020478186087,41.10767739521422
29.023910550851642,41.10775633359984
29.016321664333528,41.10678517493024
29.01532961559888,41.10627857753086
29.019164931923914,41.10121609327339
29.024375232807103,41.104885276770595
29.01729707973551,41.10330303554242
29.026328630704274,41.107764406429
29.02065598299178,41.10570598132139
29.02856236080777,41.10772920473771
29.0187436038509,41.10745212564487
29.015632747190438,41.10533889099746
29.024657090438392,41.10783582476173
29.022814172551357,41.10777053439451
29.01747803414531,41.103006058362475
29.02059503239457,41.10085509483257
29.022805609998258,41.10739154505768
29.028516423421998,41.099692170028355
29.02032609982404,41.10549697513089
29.022433659791076,41.10790262952397
29.020968470885656,41.10576190345347
29.018343381358484,41.1018174976897
29.02176681658646,41.100142466871105
29.020346769640696,41.105689572113626
29.02026347805717,41.10084354589426
29.02796078061556,41.106587661120415
29.027653148277178,41.10724438449241
29.021305471504476,41.106163535707815
29.022692242368908,41.10657131792375
29.029365095583856,41.10724063783434
29.016325936208364,41.10676683204815
29.02293506282365,41.10773610818717
29.023936864819618,41.107696553366395
29.02060831801419,41.105723264258295
29.028103676450524,41.106539543892964
29.02792858229176,41.099702446168024
29.019260998570484,41.10116645986231
29.020221392762405,41.1045959830322
29.03049567441591,41.09966057273202
29.021651819749163,41.10698708649467
29.015645402727696,41.10623786351553
29.016147989164967,41.10460483835423
29.017581674202873,41.103117641522054
29.028309699468387,41.10664842091452
29.0281352820958,41.107058905241146
29.021811510742744,41.10791672567555
29.018851688556452,41.10738632022548
29.021171902147454,41.104458111196074
29.029327117144792,41.09959162218648
29.021251813181152,41.10055039327347
29.022548316085192,41.107595046072774
29.016233247139624,41.10449744943765
29.02636521795486,41.10621343408561
29.023861757665134,41.107726829646104
29.01700707800709,41.10722276736489
29.025525767805117,41.099000180862674
29.018591195988865,41.10739262510234
29.029305805524725,41.09960891736805
29.02388712294344,41.10773618075029
29.026207231043454,41.107583590937885
29.01655138161277,41.10633093484997
29.021326175268314,41.100204033396096
29.025855437234743,41.09900816501683
29.02889787942883,41.10722976671044
29.029320661719435,41.09963523364933
29.022557886183193,41.09981704113571
29.02847122142661,41.106729381274164
29.02910605529318,41.09963523364933
29.023652112367056,41.10496576473601
29.021117943746237,41.107862975447844
29.02992501638903,41.0995795268779
29.023903842268055,41.104839251895676
29.020472813368077,41.105689727838325
29.02529020462334,41.10502789131745
29.018792774566517,41.10760371891266
29.024302826289667,41.10479767274501
29.022856676398046,41.09971561363882
29.028044852347033,41.09975253806969
29.027854402138956,41.10596396893914
29.02114675369794,41.105807785250285
29.026870420938263,41.09930279103536
29.021612951476946,41.106824617134926
29.02141138983458,41.10604236883231
29.023260180463048,41.107640104972305
29.027955859558244,41.10665385306422
29.021991102002477,41.10800623832532
29.025635510786156,41.1050254247994
29.02873323871665,41.10735083262914
29.021282975794986,41.106072135678836
29.028750354995637,41.09959376092064
29.026881399994185,41.107692047892826
29.02538484925955,41.10778400220142
29.021167366572175,41.10582320135072
29.03089698056648,41.099745922854495
29.021154493871528,41.10447054476722
29.016107448935152,41.10640522251961
29.028976694657835,41.10736328248141
29.021159068900296,41.10582296536442
29.029089890272708,41.10784434898616
29.024287117291887,41.10775766009898
29.020320946082894,41.1044849511252
29.026264152012825,41.10604149901755
29.027714688058172,41.106349127671294
29.021526226159974,41.10690099905432
29.02150913705759,41.10023223214945
29.016325857857847,41.10678517493024
29.021355737944827,41.10609105538463
29.027756797218657,41.10646845860519
29.026254106454772,41.10613728127281
29.01622847788812,41.10463755889581
29.023408936910606,41.10754239840159
29.027841593185663,41.10653689789773
29.019404851972325,41.10125912032531
29.02272172030175,41.10595432942814
29.022986852981308,41.10523699273751
29.025962463752958,41.10770586321626
29.02382431646096,41.10773497654214
29.020900833360585,41.10071884296152
29.023523954530805,41.10768229503315
29.022691366604697,41.10629222259302
29.02250275375616,41.10472994556195
29.02591111506202,41.10789132689299
29.02792752967314,41.106613239314896
29.02893458349544,41.10733460902128
29.021141852062524,41.100554660639034
29.017545669808587,41.10289919247746
29.02035807226542,41.10566353168986
29.02435297917148,41.107739107797705
29.023143023569585,41.107726330587134
29.0279237548134,41.106521821775694
29.024314332463696,41.10775766009898
29.021538661922758,41.10022304717897
29.02378135129934,41.104778911071534
29.026632337725133,41.105196822772044
29.02330157411042,41.0994231439895
29.02060855781597,41.10571516759615
29.02171052721828,41.1001264155573
29.0243500557656,41.104772324934274
29.020298939561943,41.105507117699226
29.02671290821624,41.105390420002976
29.028754416441753,41.10797433517222
29.026389392251918,41.10627644049489
29.02016206668749,41.10438603188794
29.02166009806055,41.10710006725727
29.015549615925423,41.10607776484322
29.0290985001927,41.10786933441316
29.01581709933393,41.10572759688212
29.020096464900558,41.10436464639306
29.02259638802964,41.09975823433516
29.024620927752707,41.10781417139272
29.02627845575075,41.107712234874434
29.02908231142661,41.10790131100009
29.027762593918037,41.1065241231413
29.021127282953664,41.10451409905896
29.027589423328106,41.10787218178181
29.023742638771765,41.107751691346046
29.023186565477793,41.10477285235795
29.021901786969018,41.10756000085507
29.025714287887148,41.105227558995956
29.027732796055712,41.10789682829823
29.021679659835506,41.10700098926889
29.020403228556518,41.10569736031877
29.019030638589292,41.101279016762014
29.025184000464613,41.10789540827879
29.025184000464613,41.10789540827879
29.017613623091602,41.102593152660766
29.026667953253874,41.10536006076998
29.019477493862063,41.10728428967532
29.024668267809794,41.10768781021303
29.0215489499658,41.10793081587699
29.016658491363057,41.10702785570973
29.0212660878012,41.10045639579743
29.021669377628694,41.106803746913066
29.028173333244663,41.099751810036906
29.022711891163247,41.10571281957202
29.016175802906577,41.10451244574547
29.017475682533064,41.10299202852823
29.020083606454925,41.10091162155478
29.016132278770854,41.10464525665447
29.02183699933204,41.10455748167149
29.021907188575685,41.104582503880614
29.015798833731722,41.10516176107357
29.016193474966755,41.104589537061734
29.02122669290533,41.100618241447776
29.02878011074884,41.10734292165322
29.01622847788812,41.10463755889581
29.02028611965721,41.10494877420721
29.026749694487236,41.10520044514869
29.023206378298394,41.10507226730539
29.023896831087946,41.10769803107313
29.015484029642533,41.10534828181033
29.024175098783584,41.10480407121274
29.029075883635326,41.10706938111314
29.01902622682888,41.10128881175359
29.021360584726906,41.10634887866206
29.029305805524725,41.09960891736805
29.022794932019206,41.10777358487623
29.029627744243125,41.09960590565688
29.022890283724436,41.099689212592594
29.025821418271555,41.10507635313763
29.021651819749163,41.10698708649467
29.02759584320444,41.107252636400005
29.016130551149203,41.10681267750209
29.022136844035867,41.10757001001147
29.018764268863734,41.10734038180407
29.022794932019206,41.10777358487623
29.02748793821896,41.09969030872986
29.024531787252382,41.09906180788102
29.024206838452162,41.104758839150634
29.027868333978656,41.10664871630568
29.0266970893074,41.106242469597916
29.01762049789263,41.10244557976287
29.023558170825808,41.10768937754276
29.019063672247277,41.101404691990275
29.024780067879014,41.10758200202817
29.02292396145944,41.105574613655705
29.022669616512218,41.09975722097978
29.01616725338643,41.104596491781834
29.0227676104505,41.106337821434806
29.026378626082437,41.10522628073912
29.02792858229176,41.099702446168024
29.021601750236027,41.10008479712633
29.022504601881856,41.10698117608132
29.021134798299375,41.100544870922626
29.025932516681156,41.10721204577656
29.02283370483273,41.10660267038513
29.020452666078533,41.10792053489378
29.021820653396123,41.10456757169524
29.01763338357076,41.103043371162414
29.026368470117674,41.10525736761654
29.025688569221202,41.0989921882125
29.023938829244216,41.1076885678329
29.02799693913873,41.09961148572047
29.02797255795247,41.0997617602145
29.02922746685414,41.10713637720085
29.020136986685536,41.104409569162605
29.01708334312919,41.10693644020996
29.02138765915484,41.1064099017833
29.02260355836716,41.09969434269444
29.02662384865998,41.10659876212267
29.020263449872107,41.107649390076354
29.021208975386827,41.10793892430803
29.029777278765568,41.09974460053877
29.015741089587753,41.10521463715705
29.01935891064893,41.101220100895524
29.015519468148998,41.10535217437474
29.02632079646382,41.10770487922873
29.024074245986363,41.10490053687555
29.01646883565294,41.10684104061133
29.02759584320444,41.107381434952195
29.023310336217474,41.0994623039661
29.018689778263774,41.10187011420603
29.020212453201545,41.1044410184209
29.026100729765304,41.10786842352268
29.015521660774482,41.10647956942867
29.0153468141923,41.106099387385676
29.01842718119582,41.10169461762868
29.022021977169793,41.09998827546337
29.01795484632651,41.10246293867657
29.021889987512093,41.099828222615855
29.030865379595905,41.099726741501925
29.01572119773347,41.106287988806336
29.029911919945093,41.0997335294885
29.023162211142424,41.107701949331606
29.02178467450731,41.1076997631453
29.020317744903206,41.10569506318946
29.0157245550285,41.10519981173469
29.0162122682648,41.10457143505923
29.02811640017877,41.09973335628902
29.017475576916393,41.10313800068654
29.023797994181848,41.10769944013694
29.020365552211498,41.10447504356688
29.020346769640696,41.105689572113626
29.029290789552388,41.10711340301807
29.019389914388203,41.107362782434
29.02663721758587,41.10701422377586
29.028750354995637,41.099620953772394
29.027756797218657,41.10646845860519
29.02882155553779,41.10721622989701
29.02640168147139,41.10523652694501
29.017247479895893,41.10353082006876
29.022550815839846,41.10691853998457
29.015742605515754,41.10629982831961
29.023582587336502,41.10769579002675
29.017462169327075,41.10284729550412
29.021388217954737,41.106392878832125
29.02059242243515,41.10077919794175
29.030837171797074,41.099726741501925
29.017069309082977,41.107121263678906
29.02384770521518,41.10771216667002
29.017948440163877,41.10255663836053
29.021593890658643,41.10019115794798
29.022792956071424,41.105055003834266
29.01614987272121,41.104591210757036
29.024605766649085,41.10783773706837
29.0156137070546,41.10523857092441
29.022626892988427,41.10613973447576
29.021857218557056,41.10751122562508
29.025916807163814,41.10776232412232
29.02599885340627,41.10792214892497
29.017932403190052,41.10726171628048
29.029210741432195,41.10713611096021
29.020076527099423,41.10443035001152
29.023182338790477,41.10559902677033
29.01581709933393,41.10572759688212
29.02613956653478,41.10794494700012
29.026375114434575,41.10654047622543
29.017245128283648,41.103533022562374
29.028923333752594,41.10724305420981
29.021563798657454,41.10466694526013
29.028750354995637,41.099620953772394
29.02130369576471,41.10046280722427
29.017537252765855,41.102996580289854
29.01673536138584,41.1044978913157
29.021817461458763,41.10456757169524
29.021792022151782,41.10770039962869
29.022743058526775,41.10741662320093
29.028956997775268,41.10688414600381
29.021167619212658,41.104469861342025
29.02163139025082,41.107136341962615
29.023305111548673,41.10476838750153
29.029077263651406,41.107850628519664
29.02271006137398,41.10593929988039
29.025936750752436,41.10781257931437
29.02890096747935,41.10721696311876
29.021517379102317,41.10608914230306
29.02585537677975,41.10539033690734
29.02269271115138,41.105978778798104
29.02166009806055,41.10709242939587
29.02266876235573,41.10597737423569
29.027998680158923,41.106859062977065
29.02738628528946,41.10784955756415
29.02051451031834,41.10789254663296
29.017225448757255,41.10688217729072
29.027895453027497,41.10657977610793
29.026335169870364,41.105238720004884
29.0229237722655,41.09957470890233
29.02713702479056,41.107797796648434
29.025957529320156,41.10782612668624
29.01664714916134,41.106795805126545
29.0153468141923,41.106099387385676
29.022737407729526,41.10643396581154
29.027781316082763,41.099702446168024
29.01992484958382,41.1078376774085
29.022047865117305,41.10014899464597
29.024623670594917,41.1078603114841
29.02736239535818,41.10788029118764
29.023457237276325,41.10768308836542
29.020138848899585,41.10086592778732
29.026056644327056,41.10564228124007
29.02179559633536,41.10753033996505
29.026458608159544,41.10537162763587
29.015491803544226,41.10632272499288
29.025184000464613,41.10789540827879
29.028262488999857,41.106603692565
29.021933601252552,41.107571617271475
29.025740007172377,41.107767562969364
29.021661967881915,41.10715412433313
29.021438876343392,41.106433238415796
29.02298430408468,41.107670039509514
29.02744038576567,41.10791053774987
29.0239527107025,41.107716706215946
29.025002559291917,41.10769702254251
29.02163950676372,41.10700323462757
29.024035981827133,41.104935592530275
29.01944062121031,41.10124969444468
29.026404184840953,41.10701436162048
29.02109267728555,41.10451477247757
29.021192731839097,41.100525649598715
29.02546286412142,41.10790359871933
29.023782029497088,41.09929330057366
29.02318773983508,41.10768333286132
29.030837171797074,41.099726741501925
29.016298196415462,41.10445841931632
29.023244090260224,41.10666920589503
29.02183247548745,41.100129562309014
29.024707434267953,41.104896257081606
29.02899024017451,41.10790633883709
29.030778970559844,41.099728790387296
29.029388004972795,41.10709420247242
29.02316091540178,41.104697739217706
29.017533513317396,41.10289942757742
29.023628911379156,41.10770910515547
29.025865536874534,41.107898786200415
29.029111048523454,41.10784113593673
29.018300307278547,41.10191578909804
29.024182997363674,41.10481392805817
29.021685330394423,41.100242966136186
29.02141244217226,41.10643135296145
29.020589335726562,41.10569797197121
29.023028652123248,41.105156654971566
29.020480126474,41.10563240588567
29.023605690555247,41.09931476139996
29.022021977169793,41.09998827546337
29.023321906532658,41.10477889527823
29.023060064814555,41.09934123620208
29.029076472876305,41.10783834104192
29.030525904120182,41.09974374248756
29.017239804170877,41.10353682639863
29.023165760445334,41.107708007120856
29.015690707496343,41.10521735238424
29.022014874329177,41.09995908420695
29.02926024012678,41.107097401663324
29.02799693913873,41.09961148572047
29.02320903222582,41.107557135785385
29.02767139939224,41.09953059912667
29.021322790267632,41.10053937544192
29.02775155607123,41.10599721427066
29.016795839596625,41.10695821882285
29.026100729765304,41.10786842352268
29.026588148781542,41.10533447583282
29.02188401677569,41.10756178944002
29.019048464130005,41.10125666574463
29.015715312420713,41.10613341956308
29.01748598067517,41.103092340495685
29.01700707800709,41.10722276736489
29.021144022056266,41.10446749556584
29.025627654412645,41.1052181605548
29.026361646960954,41.10623592952611
29.02022922175633,41.10441554486009
29.025337907598107,41.10785713415929
29.020449464667987,41.10573071576848
29.022209264298706,41.10763520453481
29.028902387618725,41.106927472723285
29.020189507829244,41.10439644885009
29.029273440664074,41.10709953845391
29.021685330394423,41.100242966136186
29.021649202654874,41.107093374875255
29.023431510421343,41.09940952028659
29.01904648220605,41.10744537727975
29.022794932019206,41.10777358487623
29.0220507602065,41.107652300317746
29.0246468234086,41.10785868739268
29.02510733785323,41.10790299048053
29.020254244331728,41.10445122554896
29.01926541265434,41.10729104962764
29.029441406964768,41.09961098336068
29.02221373690528,41.1076001062911
29.030127383768768,41.099579347056284
29.026363690742475,41.10539949043312
29.02277628914653,41.10742803086608
29.022226460161434,41.099731133600265
29.030837171797074,41.099726741501925
29.02267406163957,41.10597050495529
29.026706363063468,41.105436957196304
29.023313837138193,41.10741811659623
29.017275198309886,41.1035077990792
29.016307402256157,41.10457523029127
29.026704672753848,41.10783813502447
29.02873383705455,41.10742060454906
29.018339772608375,41.107057087701584
29.022638383440142,41.10626840490355
29.028022164571205,41.09975253806969
29.024782134383617,41.107754242659226
29.01865666867158,41.10714028648539
29.022006050767157,41.104719168381216
29.016699270976016,41.10723540392274
29.016545575930863,41.10675009401398
29.027745083831135,41.09970802132899
29.030601270567274,41.099842822519804
29.026634015417937,41.107910684057224
29.019955379071803,41.1050836737894
29.017152638425337,41.103531323557405
29.027782313702172,41.10618330775903
29.027959056750504,41.10600282063976
29.02615123186967,41.105257586296844
29.018322435032907,41.10164649164733
29.023245851371165,41.10484867122481
29.026523202254854,41.10718867532685
29.024613418543346,41.10785226817144
29.017467626190985,41.10313860599516
29.022504601881856,41.10698117608132
29.024224090761308,41.104772763149185
29.022406031099294,41.09971719369692
29.021516304234392,41.100223444130734
29.02003855458866,41.10096874904153
29.020173118404102,41.10759636618324
29.021434839026032,41.10638238749213
29.02114675369794,41.105807785250285
29.017501844289345,41.10298550783969
29.028752954456138,41.10732455150976
29.022672084056918,41.10776339745418
29.01558402367873,41.106244401032775
29.015632224834118,41.10620976144884
29.019226579037067,41.10731264235802
29.027868851114935,41.10616391922103
29.02895630712762,41.10793380309726
29.027464058630834,41.10788580753549
29.02639382155999,41.10691247008567
29.021614521224475,41.106976021902604
29.026410928063182,41.106264724764294
29.021308774772972,41.106072225107724
29.022205755237692,41.10761916704569
29.020715743209404,41.10776142455993
29.025802740527247,41.10746972779325
29.023276197593468,41.10755356605889
29.02627795548702,41.10776080210084
29.023186207145717,41.10536220531066
29.022026295333525,41.104705441344024
29.026160393576838,41.105211930913995
29.026664985102606,41.1069861642744
29.024556826246588,41.10489421371761
29.02736239535818,41.107893862572865
29.03034865426925,41.09974374248756
29.020134631197823,41.104607483024736
29.02138763378083,41.10635625867558
29.018037873243934,41.10718573019025
29.021184718935764,41.105771117093504
29.025552012872648,41.105047975326514
29.0272238041533,41.107812272087685
29.027464167479973,41.10783925418264
29.01840473385736,41.101511871599335
29.03089020239851,41.0997265616803
29.020289529659944,41.10441952838193
29.027738173487684,41.10657863491513
29.02430147025553,41.10769892764254
29.017245128283648,41.103519337631006
29.02403398642759,41.10491488580103
29.015738411991432,41.10630119628504
29.02178729043611,41.104583775928624
29.021140296546623,41.10053529946484
29.020171983647813,41.10491752273927
29.022573662630304,41.10776989892792
29.016797331952088,41.10707306362707
29.02119351171237,41.100634521538915
29.019527530215942,41.10756945257622
29.019986252935418,41.1077607038848
29.023144507199326,41.107475434306856
29.027996498166498,41.10671036833016
29.023403549460163,41.10769060020179
29.020366225332133,41.10448578629394
29.016602026153038,41.10654264804036
29.02755589620711,41.107086061695576
29.016346388919278,41.10631955451856
29.020651915083246,41.10572717357163
29.02637656712646,41.10524279149644
29.015741089587753,41.10521641200458
29.021505332542098,41.100146862221656
29.023278289760658,41.10763091215571
29.02737761819781,41.10787180226475
29.021624763554442,41.10792110691877
29.02299965542209,41.10457938965477
29.02550867739839,41.09903943947358
29.027998005201297,41.106084404157365
29.026785782462674,41.105216318366
29.025905040939694,41.09901263515375
29.022073491014602,41.10756814969987
29.02105091736172,41.107914795323715
29.026310760429084,41.10536431246223
29.023972901143026,41.107705665611626
29.026755898264618,41.10519970382945
29.029002541400203,41.10685230251608
29.015632747190438,41.10533889099746
29.02656797193728,41.10713900047353
29.016490041829975,41.10678817744345
29.01951541645971,41.10715401317768
29.020432140729074,41.10793714181631
29.026477291198503,41.106913671869535
29.02007423328847,41.10506820972064
29.021551078844908,41.100175223367124
29.028589003247202,41.10788774876923
29.030712915076368,41.099710788149785
29.029277606818045,41.107837453824885
29.01758912299045,41.102558360364434
29.016350501315937,41.106684059615574
29.021516304234392,41.100223444130734
29.022209264298706,41.10763520453481
29.02633844255424,41.10632863016325
29.028565095320328,41.108099898590474
29.028902470560478,41.106913907511206
29.02285827425662,41.10744656841073
29.020285896649522,41.10446576681551
29.021610296363786,41.10699073774644
29.027732824009643,41.09961634748361
29.025604082314146,41.105014823856145
29.022672084056918,41.10776339745418
29.027367162413807,41.0993925712347
29.027290882089208,41.10769892739356
29.02023522217322,41.104433160478166
29.022638383440142,41.10626840490355
29.019150438530534,41.10731243889798
29.02818243397791,41.1069835880928
29.01746762097822,41.10716242658617
29.021952761004464,41.108007128171614
29.027803647926522,41.10651841490716
29.02260046736054,41.09952870826461
29.021540140406657,41.100223444130734
29.021100646989407,41.1006078507076
29.02577021655625,41.104940734225345
29.02515397565263,41.10791516036467
29.029115753033672,41.10708702126638
29.021496184207862,41.10022258228333
29.015306823162785,41.10609519510592
29.022705690012963,41.10776989892792
29.02540048778892,41.10776977613042
29.0228111977912,41.10623005317684
29.0226730623228,41.10641286957731
29.02159225161113,41.10020215478368
29.028034910309245,41.105828540809625
29.02715802225959,41.10780905903825
29.020535177112272,41.107939251600726
29.02760910831003,41.1072367708156
29.026375515389052,41.10523809921231
29.026369056725578,41.10624556950016
29.02300484733041,41.10466201822186
29.024200962690426,41.10475443991732
29.023639011558643,41.10766814287918
29.025235148589548,41.10759995146702
29.020131292241043,41.10780858655111
29.027854546576258,41.10580314499321
29.023224040501358,41.10465680534788
29.023906231965146,41.10772205090794
29.027739954864757,41.10663149489839
29.027986957245776,41.10637171870954
29.02736239535818,41.1078717417014
29.021585873514507,41.106801602945936
29.026301715286596,41.10771589412948
29.028044852347033,41.0997617602145
29.026875723898257,41.1052375009769
29.01746762097822,41.1071607356841
29.028726565183995,41.10721789486317
29.028092568269102,41.10641954944767
29.020073651836167,41.10491882964353
29.02546286412142,41.10790359871933
29.027732796055712,41.10789682829823
29.025107011118024,41.10791586342493
29.022274956625683,41.099789386885114
29.02865595486515,41.10797247845747
29.019559008804315,41.10748780187513
29.025474613203603,41.098988673794445
29.02156015203756,41.100132073718086
29.02736190453551,41.10792049517246
29.01878832910688,41.10757307786174
29.030744634057733,41.099723868678524
29.01914400382869,41.10118970639686
29.024616610480706,41.10785185851907
29.0261665907165,41.10532752118821
29.029063835166205,41.10790403789871
29.028005949935242,41.106017736505805
29.027856343726476,41.10811831080687
29.025719933043195,41.10526100433959
29.016072015220743,41.106420270749666
29.020608042852174,41.10572717357163
29.018731633226786,41.10733289435943
29.026670871349527,41.10519953241975
29.026369056725578,41.10624556950016
29.01533159055225,41.10621252387343
29.02633102246623,41.10522345612472
29.02738628528946,41.1078501380351
29.017239804170877,41.1035499602666
29.02422339757358,41.09904869390273
29.027751139571812,41.10617913689162
29.022118004669096,41.10800175685719
29.02195486054936,41.107590748793726
29.025778116104195,41.0990895072125
29.020122613495857,41.104786928521314
29.02824662059194,41.106786671222174
29.019035714026284,41.10119343072349
29.020317744903206,41.10569506318946
29.017608610773188,41.102972502570076
29.017345982338803,41.10706148918989
29.02135307947951,41.10635625867558
29.02117135066997,41.10580988483568
29.022111937217513,41.10755211779035
29.022713415464267,41.107670591670534
29.016222571571745,41.106686050950195
29.02187484900301,41.10792696878129
29.02023252955919,41.10776299145098
29.021208073477272,41.10580988483568
29.026788925181,41.105215528950126
29.015339868346594,41.10610915111489
29.02637934697849,41.10653197656826
29.02135449260537,41.10641425216591
29.026781837461943,41.10521839059738
29.017605993121286,41.10716893182572
29.02189299632139,41.10478326453239
29.021626408845638,41.10698750720417
29.022832556624454,41.10596690583928
29.023216140367463,41.107566958501074
29.021689845429357,41.10740142711924
29.02926024012678,41.107097401663324
29.026706853384592,41.099302262916666
29.027544007697937,41.107086061695576
29.018786101508386,41.10754108294157
29.022810904092662,41.106423550767204
29.02031293860833,41.100859910061764
29.02272275111412,41.09956708016842
29.021161259967716,41.104458111196074
29.02068403742312,41.105740254100375
29.02803817058755,41.0997430642478
29.022941108223243,41.104733930522116
29.026816601314522,41.10518397953744
29.015432090528996,41.10611829636964
29.02489457402446,41.10774308760244
29.017880382757863,41.10248359872952
29.02464298135367,41.10772884487957
29.015595404274645,41.10640341276133
29.01722847088156,41.103523712012446
29.026013275070593,41.107597204807284
29.021615891284796,41.10699461611847
29.024259832711603,41.104759230647105
29.026658387875482,41.10519118742686
29.026676215210003,41.1054285069805
29.021171902147454,41.104458111196074
29.02197910468233,41.10800623832532
29.02026991187966,41.104461683393446
29.02382431646096,41.10773497654214
29.02768229368404,41.099702446168024
29.020015944909687,41.1049439958429
29.018558141496797,41.107296702809045
29.028191058021992,41.106796246493474
29.016338326172708,41.10460959767971
29.029237488660282,41.10705999250405
29.02823788995712,41.10685937011674
29.029409892415362,41.10710810749444
29.02538772976822,41.10765717758067
29.021568919113008,41.10700867600974
29.027515447680024,41.10793057616841
29.027587543404838,41.107236689552394
29.019262467578336,41.101190363317414
29.02541220920982,41.09918109104262
29.023683402056463,41.09949139494625
29.027393283009914,41.10791119685533
29.027787681455447,41.10617861134012
29.022062605060665,41.10470185757664
29.022912916899852,41.09951357117471
29.02736055177991,41.10788715225379
29.019879609054247,41.101106708500325
29.021783588523668,41.107690263689356
29.02042366569,41.10573831106999
29.017646220331628,41.102992612378834
29.02435297917148,41.107739107797705
29.024500187496027,41.09903074021508
29.02379011334737,41.107699409288166
29.020481617581805,41.10081701278121
29.019085751325413,41.101237706779756
29.020202987893782,41.10437781923282
29.023043112702315,41.104835485468506
29.02438002773364,41.099308314853424
29.03068744612121,41.09971592649361
29.022881198645038,41.1054713888425
29.023464116035633,41.10768871651391
29.023060204058165,41.104750352552635
29.02146277305521,41.10633436739642
29.0185885178896,41.10682917920461
29.02023948011988,41.104419217989864
29.016168082307136,41.10466072725851
29.02158123209845,41.10698846585345
29.02606042531093,41.107896672566916
29.02652183697892,41.10702291099915
29.02695249071015,41.1078435558934
29.018851688556452,41.10738632022548
29.024044535445846,41.10484582494442
29.02178302293863,41.1070499778005
29.016200016842486,41.10461679149229
29.02639088461253,41.10522214049435
29.016159735679516,41.104512189529714
29.018570083006853,41.10702452406504
29.026373368268246,41.10522477462709
29.026496235525794,41.107224083617915
29.024782134383617,41.10773519937823
29.017545669808587,41.1028991512915
29.017533896084228,41.10298060705518
29.023812847339293,41.10477134283039
29.021881722943323,41.104556337079714
29.0226010279262,41.106693613939896
29.020125342819046,41.104950015231985
29.0263762914969,41.10521506853137
29.020432140729074,41.107935347126194
29.022571246604617,41.09982205871984
29.02322046580416,41.10762308032635
29.027831933966215,41.10603784114387
29.01705794120797,41.10709393983589
29.021053063465093,41.100659602496016
29.023304361984138,41.104712130040774
29.020535177112272,41.107931451917494
29.02464298135367,41.10772884487957
29.023220679657655,41.107667370296646
29.02265275297008,41.10585719708403
29.021133108144763,41.10581396128717
29.01781153133333,41.10239962766926
29.029178269054864,41.09961618659916
29.024174224817358,41.10751136394276
29.02656106474306,41.10559217822971
29.02126169268735,41.10055039327347
29.029637115300954,41.099734387539705
29.024410776061597,41.10486558398338
29.029395194790464,41.10709420247242
29.02651164614732,41.10715521702024
29.022401395427067,41.099628975187066
29.028983348994764,41.10735507261753
29.0284682670494,41.108115105054175
29.019506666682098,41.10123564350123
29.026513189567154,41.10651745392339
29.02645259082434,41.106295435746894
29.020420842253532,41.10570304435336
29.025951748086733,41.10730936913339
29.021936760550734,41.10758008422952
29.02396969774842,41.10776188412122
29.024706481112247,41.10504899316735
29.0213989745815,41.10636872239085
29.027831933966215,41.10603784114387
29.028686758412107,41.107238515567666
29.028941863642657,41.107905006728885
29.02025222632781,41.10435989257982
29.026787181552507,41.10521633116423
29.022890004934577,41.10539556101547
29.027291898445252,41.10795092151084
29.015736554711992,41.10645594420157
29.021880385972498,41.1071537408359
29.023000046026525,41.10468548011886
29.015538257586282,41.10525056811512
29.020527116966885,41.10551225080299
29.02577693923175,41.099033390528
29.015339868346594,41.106116561849376
29.019013958594368,41.10131985951181
29.01796510035334,41.107305771666006
29.017024484268383,41.10707291152418
29.02382431646096,41.1077327516768
29.018851688556452,41.10738632022548
29.025552012872648,41.105047975326514
29.02407543593374,41.10487249865184
29.015600332618163,41.10527941710449
29.02931901810472,41.10723742478491
29.016200016842486,41.10461679149229
29.02003652800773,41.10492744089883
29.01652311290339,41.104149796442364
29.025635510786156,41.105036738642646
29.02458842532617,41.107857734368395
29.018246219024782,41.10219961824416
29.025191702238633,41.10751313765087
29.01802481704183,41.107182572856765
29.022014874329177,41.0999632681935
29.02401219640544,41.104914349390455
29.02193304236343,41.107576813909816
29.022524938219494,41.10614479978744
29.01617060786453,41.10465597151265
29.02168356048811,41.100208158933626
29.026564056371196,41.106179535707156
29.021105631262397,41.10575128297312
29.02605008248413,41.10522968183193
29.017208937508773,41.10348684354452
29.026122342783072,41.10528707784747
29.026383021220685,41.106545536125736
29.017926307443915,41.10653397079957
29.022571954383707,41.0997608139057
29.0217128769418,41.100149221785045
29.02190091708306,41.10756178554215
29.026720967299635,41.105205950896284
29.02036369577748,41.104388639506055
29.026375515389052,41.10524587211917
29.025511344656532,41.098988673794445
29.02780667193842,41.10585673370818
29.019336680165264,41.1076106869457
29.020678530773207,41.10572717357163
29.024500187496027,41.09904752800409
29.017035543257894,41.103498905511785
29.023740754264477,41.10476637648393
29.02232766383922,41.099745333982156
29.020295755391643,41.10556664079804
29.021540140406657,41.100224812096165
29.02747410616757,41.107947690796635
29.01740652490897,41.10311685458199
29.023170293924743,41.09921417679412
29.028971935152104,41.106909183546584
29.024287304033425,41.10775690061662
29.02820304022046,41.106904236701354
29.023201863788014,41.1076939357293
29.022768159138646,41.10712077893286
29.027449080362462,41.105294109099724
29.02657518054422,41.10706448412183
29.02346809635899,41.09927786258847
29.027781316082763,41.099702446168024
29.021174035862618,41.10445395144329
29.027757648192765,41.10572054362417
29.022142997196585,41.10800623832532
29.021430685125654,41.10643048954958
29.02158397879381,41.10698079790113
29.023514983251975,41.10761362954598
29.022572205937042,41.10766757925529
29.02862027054309,41.10743965221751
29.019514785543258,41.10739705650281
29.021936836735577,41.107557959553404
29.029631572194084,41.09958801793651
29.026737088671968,41.10780571353519
29.023145317914402,41.10761281634808
29.017247479895893,41.1035499602666
29.02060855781597,41.10571516759615
29.026512223088076,41.10555720112321
29.0203063222207,41.10549740147254
29.02925315945334,41.10714480617892
29.02638519234327,41.10652857548858
29.02545088540296,41.10773334782798
29.022446108349886,41.107876858840015
29.01956386259019,41.10744181755696
29.02327891649753,41.10476904952022
29.02301234488074,41.1049968956332
29.02211175930925,41.104710896800135
29.022202385867395,41.107619238802364
29.021160277898137,41.105801903671775
29.026343195685357,41.10532276671938
29.019249826428236,41.1012120246127
29.025713003910994,41.105097267860074
29.020318327295623,41.10445916074259
29.02914673813125,41.10708207762514
29.021429176340142,41.105834563747344
29.021972597964567,41.1080074249333
29.02294730660771,41.1077396525128
29.019331333087877,41.10759150280064
29.028239546891125,41.10655390376481
29.02166009806055,41.10699773932378
29.021700194164957,41.10017852624393
29.029088773784995,41.10785379882541
29.016338326172708,41.10460959767971
29.020209571899592,41.10434083462065
29.02563379363818,41.09914644155611
29.02176885017688,41.10459235580048
29.02214510274416,41.10482292181368
29.020221392762405,41.1045959830322
29.023042566610034,41.10771103415436
29.021615891284796,41.10699461611847
29.021904048322714,41.107557947870625
29.023896831087946,41.107695741451955
29.021830589467545,41.107168044827155
29.0215848263245,41.10020215478368
29.022048249910632,41.107976692798644
29.027397922234176,41.107881512469575
29.02275976913729,41.104889548718546
29.021881305517297,41.10756047802167
29.026006956945693,41.107508404504664
29.017472017374782,41.102987772806856
29.022776747343237,41.10547825531393
29.021832381608366,41.10017174474782
29.016200016842486,41.10461679149229
29.02326853928578,41.10478840333002
29.021937397048813,41.10753294575303
29.021533275101792,41.10454417860143
29.015629113412697,41.10523317633837
29.021161889927406,41.10583628187946
29.020616280047406,41.10797037737576
29.024053906722408,41.104766476544896
29.023856521182253,41.107700686191684
29.027115413354064,41.10782656218835
29.015306823162785,41.10609519510592
29.02582803038269,41.10764640086497
29.025692829469683,41.10772942369784
29.02658540333507,41.10716473133722
29.027640589830693,41.10644058788578
29.028201074200837,41.106924778071615
29.01568185133778,41.10635468300988
29.024200962690426,41.10475443991732
29.02013726618596,41.104795986212075
29.023843851962386,41.10768642689275
29.02912188147891,41.10784506401186
29.02336908512722,41.10768554868125
29.023914642929526,41.10773807534621
29.028476181062924,41.10669617852552
29.017224673098507,41.107393723265425
29.02780400385859,41.099702446168024
29.024455205957835,41.10780990259058
29.02481903207575,41.107757664318875
29.015353649249672,41.10629258916633
29.015919856015262,41.106326916764374
29.028808532766426,41.10721842581041
29.025975971419676,41.105395662155416
29.022171062141574,41.0999722301036
29.020171388405153,41.104436050673385
29.022532575778776,41.106820510535755
29.025439468874715,41.10522988761679
29.016248738075923,41.104498148215555
29.025336617931075,41.10781181250291
29.023936864819618,41.10769884298756
29.02786291430767,41.10578925214472
29.02098540229115,41.107907708087005
29.023023442385373,41.10772663160042
29.027672685588037,41.09963062736055
29.015571550830533,41.10632313987377
29.0287468623346,41.10732455150976
29.022677510165803,41.09957153991518
29.02903348594241,41.10790559856692
29.02003855458866,41.10096874904153
29.02046905370216,41.10563240588567
29.02461839711581,41.104867081892124
29.025367132677648,41.10752352533723
29.019852132606776,41.101025320793006
29.0252715551633,41.10776740175388
29.029173370897126,41.10780344698838
29.02289560817864,41.107474631025994
29.02117234068833,41.10583418229407
29.023871896563104,41.1076895578322
29.030834960309654,41.09974356266594
29.021516304234392,41.100223444130734
29.02355907181924,41.10767662449254
29.016216082102154,41.10461594656808
29.02778167316884,41.1059653637825
29.029821387442414,41.09960590565688
29.02268336438336,41.10777019519733
29.016758003833676,41.10668321010611
29.026033831776502,41.10736054814057
29.02402696592142,41.10483095033789
29.027762593918037,41.1065241231413
29.029995523625402,41.09972523936457
29.028808532766426,41.10721842581041
29.02825883114132,41.09951437637366
29.02780400385859,41.099702446168024
29.027905526533562,41.09974601624139
29.024446829821418,41.10475294383754
29.0261665907165,41.105328747680936
29.023363736987683,41.09939920126323
29.02692953587535,41.105291006064334
29.0212753347958,41.1079088187553
29.02753216873475,41.1078055634552
29.0239527107025,41.107716706215946
29.024936090217597,41.10775480999624
29.022702364900038,41.10704267325184
29.026375515389052,41.10524587211917
29.01752529774948,41.10296539354778
29.02275976913729,41.104889548718546
29.030697786176486,41.099733830911404
29.02781540164609,41.106879523810385
29.026798877283248,41.10624069095102
29.030865261585117,41.09974374248756
29.02915389098729,41.107858856138925
29.026343195685357,41.10531318866554
29.01809088946655,41.10728011900277
29.021689149967223,41.100199687605986
29.024219796448246,41.10510646704336
29.028214104024602,41.099714404186095
29.026205032095234,41.1057004911139
29.021196658385605,41.10445395144329
29.021754887025875,41.10001288418303
29.02647531343716,41.106533237728705
29.020062149571608,41.10480708639735
29.030100365634247,41.09955998588208
29.019314259158566,41.10121225845249
29.027857034460023,41.09972230120592
29.021372505477107,41.10612273747289
29.017529775208086,41.10293542041756
29.02048875192632,41.1056967781758
29.015366492409147,41.10610122284295
29.023099257610994,41.09937704733043
29.020449464667987,41.10573071576848
29.027640938286304,41.10681933336032
29.025956276429856,41.10748265812986
29.020346769640696,41.10567443376637
29.02176681658646,41.100142466871105
29.027464167479973,41.10783907670084
29.022664658066425,41.106327372725616
29.022743453179892,41.10663272981237
29.02718716112617,41.10784908494391
29.027872967860265,41.10578886566037
29.02690035137253,41.10521068741816
29.0215133911431,41.10697818021295
29.020244419109797,41.1045115646766
29.027498163542194,41.10768991821502
29.016220408968202,41.1045934811195
29.022176768894035,41.10757700128964
29.020257699925995,41.104438070409834
29.02355497888845,41.107697488138214
29.021210639351107,41.10793892430803
29.02668330954827,41.105214350973114
29.022077889890287,41.099860698786706
29.03089020239851,41.0997265616803
29.020430272501486,41.1008003695686
29.024007977731376,41.1047418019763
29.020151180000212,41.10438724346781
29.02191835632515,41.10455644504561
29.019373453458996,41.10121079576084
29.021181565291908,41.10584493278923
29.027363246936716,41.10791780489393
29.027541853554222,41.10706220995583
29.016656055475423,41.10679429323665
29.02281187375127,41.10758066658154
29.029995523625402,41.09972523936457
29.0227607060711,41.10775829063762
29.02257569894675,41.10758330691539
29.021593890658643,41.10019115794798
29.016983738263068,41.10708545235737
29.023429351821523,41.107686172732926
29.025814716148187,41.104984072335206
29.021738254451158,41.1046050743858
29.021159212398896,41.10451290348289
29.020279613576587,41.104356717444944
29.027857034460023,41.099702446168024
29.027500427053443,41.09954081706448
29.026160393576838,41.10521331040808
29.024616135951696,41.099128968483114
29.016340757728177,41.104582078605574
29.020339781570836,41.10569506318946
29.022956386969454,41.099468397603985
29.02047274381524,41.10563397971469
29.020212453201545,41.104438728799735
29.027389036719722,41.10791485538825
29.02941801821055,41.09961098336068
29.02651164614732,41.10715754661237
29.024289685888643,41.107750237654464
29.025713003910994,41.105097267860074
29.02357829273264,41.10769763914677
29.02302484971681,41.107486797839826
29.023403549460163,41.10769060020179
29.024423803295743,41.09907059589974
29.020365552211498,41.10447631350051
29.02893458349544,41.107315886507614
29.022922599122207,41.10563776704028
29.020293128893254,41.10437190151185
29.017546226850097,41.10291972522738
29.01699660765264,41.1069154727302
29.02738628528946,41.1078501380351
29.029246219143378,41.10720338176647
29.0239058353953,41.10771190612174
29.029091205476895,41.10784019111608
29.028527899100514,41.10739739723308
29.025441921547575,41.099000180862674
29.0229319140378,41.099568645672875
29.027781316082763,41.099702446168024
29.026062864477755,41.10795367535354
29.020080446048446,41.10508470425113
29.025661620516644,41.09899480319386
29.02452402366829,41.09904752800409
29.028892145353478,41.107306730725476
29.02059242243515,41.10077919794175
29.028464389206494,41.10662186817507
29.02644953276474,41.10658839020772
29.02174904705169,41.10020614421809
29.021949342326014,41.10017612228459
29.023109289109833,41.10752189080129
29.027363246936716,41.10791780489393
29.021628690031022,41.10715303901569
29.029160347358086,41.1078998298492
29.02925315945334,41.10712939619803
29.027739844651432,41.10637073708719
29.02163950676372,41.10700323462757
29.02158951040984,41.10709475423404
29.022531129110455,41.10789152333127
29.026422510224528,41.1052391069113
29.027671589182273,41.106482823549705
29.028693277601572,41.107238515567666
29.024151573548654,41.09933517030073
29.022537518423103,41.10691006432551
29.020255214152137,41.10438888318279
29.019086862934326,41.101253502500064
29.023558170825808,41.107679619668644
29.022469219131967,41.105108630331046
29.02155591028368,41.10698045633221
29.02155591028368,41.10698045633221
29.018676195944145,41.101899064264686
29.02276477970948,41.1071190990282
29.02135307947951,41.10635625867558
29.0261665907165,41.105328747680936
29.023936864819618,41.10769884298756
29.026316197393392,41.10628376658132
29.01673536138584,41.1044978913157
29.029910841392034,41.0997335294885
29.029045350946035,41.10784113593673
29.01621147505809,41.10454805173961
29.022571246604617,41.099811040888284
29.025635510786156,41.105036738642646
29.02353502730264,41.1076788173488
29.022140049941175,41.10756046327349
29.028337493067465,41.099532676844966
29.019955379071803,41.10512836515237
29.022644235591923,41.104749132186335
29.021865396767307,41.1045545413017
29.02187484900301,41.10792696878129
29.029576993380523,41.09961098336068
29.022171062141574,41.0999722301036
29.024214576809708,41.10486748495624
29.021343425063815,41.10015648633409
29.02479447384087,41.107734987392696
29.021166673946542,41.104517112064364
29.020915768584004,41.10777656430449
29.017767993103046,41.1027811004906
29.02161579510577,41.10015138287481
29.02399508273452,41.10470681598207
29.025774416287156,41.10534220859885
29.015741089587753,41.1052209796021
29.027614024941695,41.107430914405725
29.02319306937658,41.10772917623121
29.02577693923175,41.099033390528
29.021108532756674,41.10444993442599
29.0279521211655,41.1067994218967
29.018343381358484,41.1018174976897
29.02948005115387,41.09973904393109
29.020287786978848,41.100824997379014
29.02026991187966,41.104461683393446
29.02183783907962,41.10484918555072
29.023143023569585,41.107704090124294
29.021278866548073,41.10061573052095
29.026712799790936,41.105454739014995
29.018706747559037,41.10734055920106
29.017823367356723,41.1024116777966
29.0220061658089,41.10761584401307
29.019210218631393,41.10733539687743
29.022142997196585,41.10800623832532
29.026437018958205,41.10705210294812
29.0218359867526,41.10007975728542
29.02597406454732,41.10528335448461
29.02169121264716,41.10009767424781
29.022963426416904,41.09935679815111
29.02396327311941,41.10773859887792
29.023786779382192,41.107714536691404
29.029631572194084,41.09958801793651
29.01952908482298,41.10768313613619
29.027593391644878,41.107236203730004
29.025420834687687,41.09903413215495
29.01851897687939,41.101397896644464
29.02656317659299,41.10568212418262
29.02539653168863,41.099098956103674
29.020287786978848,41.100822361656284
29.025396147012,41.10522849078139
29.02279685863891,41.10777300160314
29.02446497457983,41.09906180788102
29.027782313702172,41.10617515841029
29.020234178269966,41.10444893917057
29.021444577636526,41.10755187613283
29.026323089285867,41.1057680276417
29.019655479113197,41.10711396778117
29.01911633855117,41.10125010340116
29.016269489436393,41.10461594656808
29.022532074291387,41.099596481128174
29.02917524049664,41.10793914521583
29.02753463423502,41.10703240417463
29.026355493083937,41.105238433140684
29.029388004972795,41.10709420247242
29.023470033550094,41.10768361722088
29.023522352304454,41.099233500256766
29.022157591844554,41.1080030252759
29.022125487676128,41.1075881005599
29.02291524961302,41.10538178011241
29.024784492829458,41.107706197921296
29.021207542023717,41.10032200044784
29.020403228556518,41.10569736031877
29.02636521795486,41.10621343408561
29.022747939139823,41.10496868264565
29.023957521733664,41.1076885678329
29.017162665762598,41.1035458841041
29.02744038576567,41.10789878415129
29.024653251075648,41.107902955993794
29.02713702479056,41.107797796648434
29.023078954948556,41.107600090857275
29.022509057989083,41.10764942659162
29.023639011558643,41.10766814287918
29.020587508247928,41.105702087067414
29.02768229368404,41.099702446168024
29.017247479895893,41.103548185419065
29.018417910818908,41.10148292154068
29.016342520663255,41.10458900492533
29.027428197846092,41.10532116951058
29.022705690012963,41.10776989892792
29.0186891813812,41.10185264465238
29.023871896563104,41.1076895578322
29.022077889890287,41.09984219400443
29.023143482680197,41.099334151543395
29.03086667929102,41.099745922854495
29.021948561057933,41.10754702998468
29.021670313558843,41.10012547073664
29.018935312129553,41.101281400596164
29.020292916993245,41.105480272956186
29.02068403742312,41.105740254100375
29.025397558842755,41.10790606339555
29.022295069126706,41.100053039390694
29.026081498333248,41.10762027881085
29.023192593162953,41.10536301174764
29.024002373623595,41.104800607465926
29.02166009806055,41.10709122138324
29.026390057360956,41.10794352804773
29.026385409965396,41.10771545351919
29.030020703581183,41.09974374248756
29.028475652642058,41.099692170028355
29.023162211142424,41.107701949331606
29.01614306841224,41.104522351385405
29.025966096347915,41.107885367668686
29.019572157242365,41.10748780187513
29.02784529008883,41.09968515098645
29.017411709770812,41.10333885873212
29.0200218210251,41.10478281094159
29.02898768308711,41.107303612872656
29.02334501137659,41.10467728795321
29.024476120415187,41.10761164224497
29.0229237722655,41.09957470890233
29.02081899720671,41.100799439192826
29.017613623091602,41.10259009758994
29.01561631972638,41.10530805690585
29.0260724944096,41.10771376086957
29.022963433343207,41.09957517742747
29.02277073850992,41.10775829063762
29.017086074642297,41.10694043725692
29.02605008248413,41.10522968183193
29.028477589743787,41.10664579212822
29.02382431646096,41.1077327516768
29.02585537677975,41.10538955995174
29.025109496813787,41.09914721350868
29.027818832124414,41.10630096419569
29.022107716959123,41.10755872000779
29.021382186810143,41.10054117013204
29.01871265599364,41.107298398853075
29.020253513857863,41.10453861915895
29.030837171797074,41.099726741501925
29.02780952388159,41.099702446168024
29.020022323596827,41.104906943866204
29.019013154794713,41.107347990803866
29.021801880883434,41.107155120194676
29.02387344233373,41.1077327516768
29.026068664554334,41.107896672566916
29.026331597375197,41.10697627910465
29.016306282526756,41.107070245336274
29.02251792227994,41.10613804134692
29.025910712493275,41.10721764622956
29.018541941251392,41.107526113006934
29.021340023277407,41.106384286797905
29.016700220855427,41.10707923406776
29.023856521182253,41.10767844572884
29.02532775238294,41.10764880898183
29.02188401677569,41.10756178944002
29.026440008528912,41.106993708443184
29.029121447351002,41.09961098336068
29.030525904120182,41.09974374248756
29.02281187375127,41.10758282007355
29.02631169072458,41.10531407325029
29.029369859133027,41.09961098336068
29.017920879708903,41.10709232354669
29.018684136305584,41.1072901051852
29.026653847918485,41.09943825701436
29.027739844651432,41.10662415883697
29.027843165724974,41.099702446168024
29.016953479509837,41.10702761875227
29.030837171797074,41.099726741501925
29.023523954530805,41.10768229503315
29.03089020239851,41.0997265616803
29.017577134564185,41.10292340914293
29.01745553728745,41.103462106592545
29.020135105624977,41.104456694578815
29.023558170825808,41.10768937754276
29.02108994239955,41.1005399305069
29.02307758079968,41.10483793646385
29.021549653743108,41.10698812005827
29.017241170173325,41.10352086461197
29.026378315544523,41.10653643845595
29.029529608695547,41.09960590565688
29.021892616033114,41.10457346265414
29.02583091142412,41.105372922235354
29.025382770770804,41.09886940983803
29.02346390777143,41.10472331566781
29.0234475606878,41.107640309109634
29.019825637036806,41.107691934365384
29.017366044845616,41.10333885873212
29.02266021687404,41.099776582153986
29.0227731225433,41.10682097023239
29.02469973059041,41.10503206184343
29.02345277849933,41.10768648165055
29.020526149639007,41.1009106708282
29.026428338343393,41.10520320293318
29.017698906839506,41.102867159044585
29.017529775208086,41.102924707845304
29.026779690341137,41.10522658305191
29.015329610145162,41.106208720037166
29.02492999809606,41.10775386517559
29.026696056945234,41.10517724389203
29.026620509100386,41.09924570881036
29.025725714588653,41.09907638159974
29.02187914909757,41.107526704464014
29.02792320070601,41.1061935607578
29.024923550528595,41.10485806703706
29.026456677363566,41.10524096827081
29.01803954985596,41.10745437587009
29.01752529774948,41.10297430984727
29.022701868421272,41.10777019519733
29.02900811948271,41.10696044391631
29.018786101508386,41.10756022313941
29.028516423421998,41.099692170028355
29.029910841392034,41.0997335294885
29.02258607819267,41.10766217308747
29.023448362474443,41.10507715283654
29.027785854611075,41.09961634748361
29.022692930438396,41.09974721888121
29.02656285409437,41.10736530406808
29.022072424431407,41.09994422256041
29.022203370709615,41.1076110208461
29.02116830443814,41.100679045413855
29.020244419109797,41.1045115646766
29.02371458668699,41.09924457241485
29.02657615810079,41.10533491633397
29.024936090217597,41.10775480999624
29.015513537115087,41.10632793254606
29.02446767228567,41.1077232203151
29.023856521182253,41.10767844572884
29.026785782462674,41.10523090495643
29.023831180281707,41.09906180788102
29.02194717254655,41.100007321096456
29.01839701949795,41.107197172060886
29.023896831087946,41.107695741451955
29.030865379595905,41.099726741501925
29.022559150032738,41.10698989140191
29.028202779203006,41.10670820378887
29.025896606096854,41.107718272902694
29.02807387875578,41.09975253806969
29.026402462262066,41.105243043683636
29.030774935333195,41.099723868678524
29.022794932019206,41.10777358487623
29.02917905627341,41.107157103901315
29.016130551149203,41.10681267750209
29.0253866963033,41.10772796261715
29.016640151552068,41.107036691991865
29.015828836839237,41.10520284184607
29.016781278952234,41.10651914724704
29.02684932189992,41.10518990410044
29.028693973672777,41.10721188007968
29.02407543593374,41.10487249865184
29.021814281616205,41.10752228055107
29.023186565477793,41.10477818629918
29.02317411690255,41.10536491015797
29.016669083021895,41.107041979926485
29.025580262837053,41.10523156574233
29.028157437560406,41.10668616748132
29.03089698056648,41.099745922854495
29.02645259082434,41.106295435746894
29.023411811605357,41.10765750826078
29.021264113852432,41.10055039327347
29.02347054249667,41.10768648165055
29.023558170825808,41.1076870879216
29.021405688513838,41.10641175917261
29.016741266978684,41.10381261752161
29.02744038576567,41.10791053774987
29.022649748243886,41.10596966342573
29.024647111059966,41.099149441152456
29.025311097684924,41.099066841501454
29.028044431974795,41.105919258744116
29.022592411948963,41.1046729282818
29.022511886381473,41.10620046317401
29.023868718190023,41.107636637999896
29.021181069171416,41.105771117093504
29.025307399986065,41.10756824487415
29.020281120440067,41.100942622495296
29.02938473675916,41.10717537357654
29.028750354995637,41.099620953772394
29.026704672753848,41.10783813502447
29.023062650860595,41.0993763445725
29.024346259965903,41.104814806346155
29.027877766667707,41.10689429533211
29.020104271566225,41.104368731072256
29.029099671814752,41.10781586803531
29.029383701920185,41.10723351716683
29.0201645573305,41.1043994903432
29.02396327311941,41.10773859887792
29.01745553728745,41.103462106592545
29.02014838815609,41.104424854122996
29.015421492342092,41.10615290566532
29.03089698056648,41.099745922854495
29.022696960498592,41.10572581802503
29.01932262231865,41.10119504564251
29.018969108836785,41.10130853789351
29.022911562501356,41.10578578006595
29.02166009806055,41.10711580410398
29.018825008486225,41.101403331463494
29.017160314150356,41.103561946193
29.020273305299682,41.10440756953277
29.027111601624735,41.10799378736714
29.027465560262872,41.10774113880207
29.0212753347958,41.1079088187553
29.02161808779457,41.100113971720006
29.024053403587683,41.10476690431134
29.02720355549714,41.09957760058186
29.023275903048614,41.107611626961024
29.021922493172962,41.10011399804569
29.022956301818226,41.09946772952235
29.024524478360547,41.10772460115729
29.028173333244663,41.09973923684929
29.029075883635326,41.10706938111314
29.023108553881958,41.104716884349855
29.024734296294767,41.104940485717236
29.020326287729944,41.100825159373876
29.020432140729074,41.107935347126194
29.016220635094832,41.10670814263283
29.027183980069967,41.107819366484996
29.02735469152774,41.10787627646359
29.020364163837407,41.1044026060022
29.02217640428361,41.10763099178697
29.02166258875886,41.10019780087545
29.03089698056648,41.099745922854495
29.021861162876284,41.104831042680495
29.024214576809708,41.10486748495624
29.029367158292697,41.09972883093202
29.023558170825808,41.10767910675769
29.022233322037625,41.09991799170299
29.022941745948646,41.10482859572165
29.022394901720187,41.107876858840015
29.016338326172708,41.10454584403124
29.015395227486383,41.10625519589463
29.02558397332873,41.10759078156514
29.02325701242503,41.10482271235726
29.025930941964578,41.10718893325135
29.023558170825808,41.107682349790956
29.03089698056648,41.099745922854495
29.016792108201173,41.10385293026257
29.021589817318585,41.10698984493828
29.03089698056648,41.099745922854495
29.022125986517423,41.104676520850376
29.027745382412764,41.106785422193845
29.018792774566517,41.10760371891266
29.027745083831135,41.099690726147415
29.02211175930925,41.104710896800135
29.02142516473684,41.10607987908714
29.028780791545575,41.10730127091081
29.022121948521068,41.107977934350714
29.02761205559606,41.10723750911656
29.017472017374782,41.102987772806856
29.020285238339014,41.10088045039847
29.02310614227589,41.1047898792735
29.021619381336382,41.10022796478389
29.01844771179173,41.10174999389433
29.03089698056648,41.099745922854495
29.022784899580387,41.10777111766759
29.027841950253425,41.10806420586817
29.021852199071205,41.107523291100264
29.027410373729154,41.10789685468033
29.019063262538122,41.10129481569624
29.019041857796218,41.10129955866265
29.027627346557033,41.10650438615573
29.026348914812527,41.10526115338901
29.023099696301184,41.09937771253793
29.023235504476304,41.10479030752
29.023525904436088,41.107750719612916
29.017237452558632,41.10351756278347
29.0261665907165,41.10532210904995
29.028454190938426,41.1066614684293
29.023236779514903,41.107557135785385
29.020285238339014,41.10088045039847
29.016130551149203,41.10681267750209
29.01640418031637,41.10637076678482
29.018339772608375,41.107057087701584
29.028785430837935,41.107300879387665
29.023431510421343,41.09940952028659
29.029111006768563,41.10792028865018
29.020097416752904,41.10494428530788
29.02190741089558,41.10792315332665
29.018621996248413,41.10193513305584
29.01614094356935,41.104633402525394
29.01857584674406,41.10750552864961
29.020066014020667,41.10721003645322
29.025901863967455,41.107738006543734
29.02029612353523,41.104480770171236
29.01957836408016,41.10699831655925
29.026378829315696,41.10522356038222
29.020452666078533,41.10792053489378
29.03084394996505,41.099745922854495
29.019499599565126,41.10717920402399
29.025654067036264,41.09899480319386
29.030834783594244,41.099726741501925
29.02164944557363,41.10714579281231
29.020692236177773,41.10777610192756
29.027448104347666,41.10532116951058
29.028777706112116,41.107858335684604
29.02457377048379,41.10787446065026
29.015484029642533,41.10534828181033
29.021388217954737,41.106392878832125
29.01757913164947,41.10249977450748
29.02633581287911,41.10574437220366
29.02018792340972,41.10451657205328
29.024935075216625,41.10765745793045
29.030127383768768,41.099579347056284
29.03007384962511,41.09974460053877
29.024794514725134,41.10771387470354
29.028882598990762,41.107251333299644
29.016192592719477,41.104601922453845
29.020202285089688,41.10435404468315
29.02563837690471,41.10775287588126
29.021170599499122,41.105814984200514
29.025346279091377,41.107749166738714
29.017614397185692,41.10279727626856
29.02660609256906,41.10661599344803
29.020205740683956,41.10433474172786
29.020449464667987,41.10573071576848
29.02890174504923,41.10722431335189
29.018749933549408,41.10751243849494
29.02925315945334,41.10713447390182
29.021910249293978,41.107951495776234
29.019832680329873,41.10769391953738
29.029160347358086,41.107870793656396
29.02351487567912,41.10768937754276
29.029023311803424,41.09959670348374
29.02458842532617,41.107857734368395
29.025384274173952,41.107697790282586
29.019261755619763,41.107562390102366
29.022799222224446,41.10602083088554
29.023076914498002,41.099895826914356
29.0198526933307,41.10769391953738
29.02227044215302,41.10763262874894
29.02275976913729,41.104889548718546
29.025055322149242,41.09914269964366
29.022757492426813,41.09988858261687
29.017784735493468,41.10241108788282
29.017152638425337,41.10352496905874
29.024106894298505,41.10782408432111
29.023856949662655,41.107691371506725
29.022011389226257,41.107580616694754
29.03089698056648,41.099745922854495
29.024665852603164,41.104968803197615
29.03089698056648,41.099745922854495
29.020086108828274,41.10442063618178
29.02607148294551,41.10794533481775
29.01988511014535,41.105050321222215
29.027160694231718,41.10786819284286
29.028454190938426,41.106673419750244
29.027785854611075,41.09970802132899
29.02785663728457,41.10579303011021
29.024375232807103,41.104885276770595
29.021619693548832,41.10796768001231
29.02745720194265,41.107582767495664
29.02125042202876,41.105798938343305
29.02122669290533,41.100618241447776
29.023924518653835,41.09925957890764
29.023286735353935,41.104769081011135
29.026368470117674,41.10524670706703
29.03006707145714,41.09972523936457
29.021881722943323,41.104556337079714
29.028869712620946,41.10730586387168
29.02215238728014,41.10760526427147
29.02290290028646,41.10753909015254
29.026366242160247,41.106968165617864
29.02175444036788,41.104601758468036
29.016545575930863,41.10673786092189
29.02632158950188,41.105167903020714
29.02065598299178,41.10570598132139
29.02739150284693,41.10791119685533
29.026369325109975,41.10652841748422
29.019085453777695,41.10156940468609
29.026570827331884,41.10699988422747
29.017531473745844,41.10300983439126
29.02594742396812,41.10751840207674
29.02772557994224,41.1065061460573
29.02212795633698,41.10758159519466
29.02653146630713,41.10705438505525
29.016741507929858,41.103820602679804
29.02634819870841,41.105222216388015
29.027484645212652,41.09931182051443
29.020173194306263,41.10496589805627
29.021159866411278,41.10445965222659
29.023801186119208,41.107699409288166
29.02554912907943,41.09907642206909
29.021360584726906,41.10634887866206
29.016272694046474,41.10445010341592
29.023483055669423,41.099242413245115
29.01612336488206,41.10643256159157
29.026316197393392,41.10628376658132
29.023822770690334,41.10770398487735
29.02598080663358,41.09926668976071
29.022365925801594,41.10478933013032
29.023339782656105,41.10481169726013
29.02864954803662,41.107320946795085
29.020057739235703,41.107419602071374
29.025880909220398,41.09900816501683
29.026115502653575,41.10763349987138
29.021860850379557,41.10004270488194
29.02895630712762,41.10793380309726
29.020108791334323,41.104386982757
29.02489457402446,41.10775514270919
29.026299499961404,41.106228288106585
29.023138024183787,41.107713472082054
29.023217140975685,41.107657510605414
29.028014156302632,41.10626002807695
29.025972516575646,41.105435841175
29.021133108144763,41.10581396128717
29.018068822658705,41.10707871905007
29.016002598137344,41.105321258611504
29.023172116632995,41.10769583331253
29.02292117332566,41.105661675763066
29.021863465947106,41.10752489823925
29.021864114273676,41.10457608976694
29.028516423421998,41.099692170028355
29.02403423963564,41.09927525541047
29.02661912880497,41.10702320579094
29.022435460342308,41.09967766739298
29.02119222488385,41.10797219243865
29.02772571618947,41.09972230120592
29.027377768457168,41.10794619251455
29.02638130731627,41.10623541001697
29.026278014257812,41.10770677337127
29.02162680662301,41.1002249443867
29.021340419891416,41.10615181073221
29.028049969740167,41.09961148572047
29.020364163837407,41.1044026060022
29.020021884405455,41.10781354341749
29.02992011673545,41.099734387539705
29.021120718429817,41.10445890280341
29.02542027227555,41.10520143228813
29.030791057642084,41.099733830911404
29.017894755940183,41.10245838884173
29.027751139571812,41.10616125472332
29.028848909695796,41.10692846462588
29.021434292858213,41.10793426287965
29.021231992189172,41.100618241447776
29.017226119269314,41.10351990817619
29.02589734359799,41.1077759892422
29.016130572345062,41.106754859664306
29.024794514725134,41.10771387470354
29.02266876235573,41.10597737423569
29.021127282953664,41.10451409905896
29.023482166496667,41.1076669593501
29.0267099082317,41.10539316738947
29.021263390534035,41.106072135678836
29.0194842309446,41.107459517105696
29.02158951040984,41.1071006482558
29.01566066948659,41.1057542932292
29.022100154354927,41.1080030252759
29.020264044339402,41.10444470098546
29.02211175930925,41.10473107257597
29.017488788087242,41.10297912077644
29.01764281269963,41.102643819228724
29.027044410147052,41.09957760058186
29.02193304236343,41.107576813909816
29.02266876235573,41.10597737423569
29.027731284960797,41.106563574966735
29.02252738030238,41.104813044929806
29.020342901479545,41.104587042082876
29.029637115300954,41.09970719468795
29.025618806844054,41.107652030689785
29.020093372763533,41.10481607543174
29.016211223222548,41.1044589639273
29.028633880902255,41.1080515478793
29.028538152518838,41.10794512962523
29.02914839491337,41.10713725805515
29.027291748185895,41.10789528971527
29.02673108743304,41.10520041367428
29.026617656937216,41.10777455454144
29.02322975555807,41.10758203388239
29.026798877283248,41.10624069095102
29.017482900903175,41.10280023962764
29.029299506731242,41.10714118866401
29.02446497457983,41.09906180788102
29.028848909695796,41.10692846462588
29.0226900952481,41.10658706905982
29.022125263038795,41.10470597735043
29.01746523258255,41.1029311412148
29.023215156129275,41.104770528929386
29.02283117787232,41.10656668958687
29.02639562462626,41.10653242571806
29.02903264258507,41.10787709691909
29.023228888819915,41.1048047197549
29.024624328253793,41.10791019253332
29.02128971274961,41.10445289372974
29.027092959789048,41.107952114652576
29.02166009806055,41.10711580410398
29.027736652714072,41.10659733466829
29.025827928457545,41.107190941613126
29.021933685106386,41.10800623832532
29.019314845705836,41.10119648359345
29.029305805524725,41.09960891736805
29.023861757665134,41.107726829646104
29.019413442646798,41.10739678850096
29.0227359323037,41.10778095080563
29.017247479895893,41.10353082006876
29.02109444729443,41.10066707277617
29.023400357522803,41.10768595833363
29.025864466558595,41.10741870497376
29.026315691609437,41.105491653290734
29.02641482590963,41.10786934561972
29.020478835936775,41.10565707302597
29.026195992181425,41.10750133034723
29.02419075070251,41.104853357471946
29.026870420938263,41.09930279103536
29.02399508273452,41.10470681598207
29.02656106474306,41.10559217822971
29.02637108428339,41.10524699027753
29.02184933563584,41.10458208231931
29.019858392228254,41.1047673132141
29.023912448935665,41.09926849189599
29.022602769514915,41.10685676694175
29.022915947684393,41.10471659588987
29.030837171797074,41.0997265616803
29.02520928939811,41.10795055034853
29.022173840360274,41.10800175685719
29.016149694930576,41.10452907922732
29.02117730659037,41.10583950720139
29.02879777623508,41.10798230768981
29.02109913425778,41.10061302250929
29.021217930923143,41.100198141247034
29.026890666889976,41.105259117390496
29.015395227486383,41.10625519589463
29.025941024229017,41.10761392878672
29.02371458668699,41.09924457241485
29.029367158292697,41.099701638080276
29.029023311803424,41.09959670348374
29.02023384509507,41.104369105035616
29.01537139728651,41.1061536223209
29.017152638425337,41.103531323557405
29.02298411924636,41.104771649498915
29.015647682224962,41.10526519627577
29.02580845081884,41.10495335389382
29.025439468874715,41.10521632051061
29.029182434808405,41.10790258924772
29.02059242243515,41.10077919794175
29.02911520515783,41.10719501030932
29.024613751713023,41.105128268373555
29.024909145778008,41.10770521208446
29.01912843377733,41.10668601202207
29.027736652714072,41.10635686801389
29.018392304566536,41.10746956538269
29.02557204672212,41.10520910738955
29.019065161171707,41.10123875656875
29.021796660852925,41.10004625348895
29.02028140318584,41.10446482199486
29.020568598491245,41.10571954650666
29.03011540400631,41.099607379110715
29.019063560777656,41.10127146363307
29.027902391659097,41.099765935361354
29.02244079946118,41.09991612215257
29.02649369072592,41.10789716558794
29.023921459237467,41.105225367051915
29.015857507117346,41.105102029833404
29.02060855781597,41.10571516759615
29.022681964344777,41.09958874988811
29.023024275766872,41.10772663160042
29.027999465219956,41.10585459404708
29.027405411998952,41.105315865779
29.022122330227084,41.107976144545944
29.022746736096405,41.10777374046542
29.01624504666776,41.10621517792838
29.020247908258888,41.10447092258525
29.02484833908064,41.10739288670824
29.022784899580387,41.10777111766759
29.01691611421314,41.107019915174334
29.02317683321717,41.10770571749969
29.021857028072795,41.10705259548868
29.026366242160247,41.106971815384036
29.020997647032907,41.10792551492116
29.030127383768768,41.099579347056284
29.027449080362462,41.105294109099724
29.027841593185663,41.10654672973568
29.027541853554222,41.10699866598288
29.019539163909553,41.10123068515002
29.022926790670414,41.1067979492811
29.021695900878953,41.10699012489235
29.023595434474704,41.10771117204221
29.028554137061317,41.10810712019303
29.017917963335417,41.10256914935217
29.02161579510577,41.10015138287481
29.024314332463696,41.10775766009898
29.027752866943747,41.107936615204025
29.02300455786662,41.10770120307198
29.016146656600252,41.10453509020984
29.02765619973982,41.10649489369214
29.02250573027773,41.106945446760236
29.022671532597112,41.105926989852186
29.021927509131014,41.107571122340424
29.02780552734977,41.10699183199836
29.023556765813243,41.1049975553627
29.01878832910688,41.10757774661543
29.0292821218225,41.10714460589214
29.02166009806055,41.10709926889702
29.021574573932917,41.100184161574916
29.024043502857367,41.1048278772839
29.022142997196585,41.10800623832532
29.020255532252072,41.10434502887112
29.024500187496027,41.09904752800409
29.02346809635899,41.09924440782088
29.020672563557948,41.10782294429364
29.022815362676823,41.10777383632119
29.021134798299375,41.100544870922626
29.021322790267632,41.10053937544192
29.02164705656466,41.100199815590976
29.02257441861324,41.104833101721894
29.020203755611206,41.10452273633466
29.028857511600734,41.10688655011165
29.02490854275601,41.104866757768065
29.02315721796662,41.09944581370107
29.015369149632665,41.106071921860185
29.021496184207862,41.10022258228333
29.02519104954263,41.10502412439348
29.023558170825808,41.10768464751402
29.021599831913658,41.1071533501999
29.020371499594987,41.105718872268596
29.022014874329177,41.0999632681935
29.021694149731108,41.10012504759187
29.01929337206602,41.101228045888085
29.02808359134873,41.10640973569656
29.027959056750504,41.105989074628695
29.02362741860541,41.10770259413443
29.026545855016934,41.107018018521856
29.020300299652003,41.10546562374929
29.029023311803424,41.09959670348374
29.029317021653622,41.107121531704365
29.01757410018573,41.10279727626856
29.021434839026032,41.106379216200516
29.022015189707414,41.10752099294544
29.025311097684924,41.099066841501454
29.021272527008144,41.10044211488925
29.027782313702172,41.10618330775903
29.0242934358277,41.10476761617548
29.027714688058172,41.106349127671294
29.023217140975685,41.107657510605414
29.023574929373705,41.10755930708845
29.021426935933683,41.10642967978408
29.020305936884057,41.10447366997174
29.027806851614343,41.09970381915725
29.027922560172676,41.106015249199
29.024569188925817,41.10780401314176
29.029111048523454,41.10784113593673
29.027965148872042,41.10578586570759
29.021717222145345,41.10715312476538
29.024001933314036,41.09949040272312
29.029002541400203,41.10688730201877
29.026378315544523,41.10653643845595
29.02735827483637,41.107882923197806
29.024476120415187,41.10761164224497
29.022175161728793,41.10759704805962
29.0192727295674,41.10118939830243
29.03071814195259,41.09984895669113
29.02052812052595,41.10774961172654
29.027430420610273,41.10532116951058
29.022868172648042,41.10551733318113
29.022885543821797,41.10610215246235
29.021586778896733,41.1069951216356
29.02606991305253,41.107966894095135
29.019226863760853,41.10735405541596
29.022394901720187,41.107876858840015
29.017613623091602,41.102593152660766
29.026785782462674,41.10523090495643
29.029275046711316,41.10714988388272
29.019030638589292,41.101279016762014
29.025582327833234,41.10507090151012
29.01843360866048,41.10155837757519
29.021573022147958,41.10608939481396
29.02062090963105,41.10079327516801
29.02928729528503,41.10714988388272
29.02675375114381,41.10521437360277
29.027752526816492,41.1061080807235
29.02580845081884,41.10495335389382
29.02165627712591,41.100192712047
29.030712915076368,41.099710788149785
29.028924156030765,41.10723427155195
29.01616277135761,41.10452430316813
29.02396327311941,41.10773859887792
29.02909010185548,41.10787437002047
29.026464884357505,41.1079208221333
29.027502784526625,41.107912287159884
29.019052438127346,41.10119343072349
29.02201217032856,41.10472374319409
29.026035957163142,41.107684550462274
29.0239527107025,41.107716706215946
29.02193954958317,41.1076126920155
29.02652196604645,41.10766729313894
29.017546226850097,41.10290098761974
29.020191237615823,41.1046114727358
29.024247836374588,41.099224597517704
29.01698385233701,41.10700975023042
29.02776268203014,41.107869068935166
29.027458676453456,41.10777338372159
29.023889985512213,41.107695629938135
29.015612864132112,41.10531523992434
29.0161024303223,41.106808095451534
29.022721510871392,41.106990607540396
29.026709738932407,41.10521850774056
29.027811204297304,41.105880476769784
29.02789859990412,41.1058089129345
29.024375232807103,41.104885276770595
29.02024490083264,41.104414985706114
29.028043142660877,41.10709327635572
29.023235504476304,41.10479030752
29.0217128769418,41.100149221785045
29.024622674586922,41.10783480415538
29.018500580278054,41.10735736745704
29.02128338626743,41.10047148960607
29.020608042852174,41.10572717357163
29.016168082307136,41.10466072725851
29.02323521976416,41.10487642380266
29.02649750452875,41.10719443688034
29.02118450822729,41.10446190014548
29.020268374395787,41.10458837206375
29.023098155588606,41.10752962594951
29.021586686671327,41.10700460305195
29.021547773813147,41.10700060600499
29.017154990037582,41.10355058717256
29.027397569667343,41.107921913531776
29.02786518435991,41.10578805829809
29.0200834778748,41.10481056023502
29.019962642297877,41.10099476767469
29.028049969740167,41.09961148572047
29.01746174099306,41.102917083390125
29.01944062121031,41.10124969444468
29.024649466807666,41.10500093738246
29.015339998441885,41.1061301752813
29.03015876359729,41.099579347056284
29.022152072567675,41.104661013080566
29.02209772158667,41.10799589150933
29.0228131941812,41.106402557678734
29.02786518435991,41.10578886566037
29.028787752703977,41.10732455150976
29.01662405792696,41.10391579907296
29.021881305517297,41.10756047802167
29.01614306841224,41.104522351385405
29.02435297917148,41.107739107797705
29.022965972560943,41.104856758688584
29.024606950237548,41.104837849228154
29.01581709933393,41.10572759688212
29.02228520380388,41.10763937700442
29.01844791948628,41.10165580039994
29.018402900822764,41.10152212135164
29.018684602953456,41.107306370567755
29.02799693913873,41.09961148572047
29.023558170825808,41.1076870879216
29.017154990037582,41.10355058717256
29.025580262837053,41.10523156574233
29.027541784001386,41.10702908983963
29.027739502435736,41.106760959153505
29.023519361075888,41.1077515269752
29.01904648220605,41.10744537727975
29.021578615004163,41.10711095199152
29.026464884357505,41.1079208221333
29.01687801815509,41.1038297335711
29.0187360173682,41.107479786196464
29.029503967575877,41.09960891736805
29.020010212338843,41.104407306237775
29.030774935333195,41.099723868678524
29.02594742396812,41.10751840207674
29.02780400385859,41.099702446168024
29.023141751029424,41.10763372926375
29.0187436038509,41.10745212564487
29.021525759637903,41.10688536431162
29.027484645212652,41.09927006200239
29.02033838473027,41.10439217861052
29.02046905370216,41.10564110342378
29.025719933043195,41.10526100433959
29.016512420742668,41.104281667649396
29.01688111127086,41.103847511991205
29.02640023368107,41.09934025716417
29.02007744658137,41.10088364668038
29.020623035577216,41.10082874241616
29.02747480675558,41.107713656992
29.02570912968679,41.09899760601393
29.026426474049426,41.1057680276417
29.023740754264477,41.10476637648393
29.023042566610034,41.107717976611525
29.01899431570781,41.101293609346705
29.02732844215656,41.10785313744436
29.02736239535818,41.10788011322892
29.03084394996505,41.099745922854495
29.029317021653622,41.107121531704365
29.020562941005966,41.10791671244622
29.02317683321717,41.107708007120856
29.02266876235573,41.10597737423569
29.030103344793023,41.0995795268779
29.021463444047676,41.10022920208198
29.016250016862912,41.10464351003926
29.027672685588037,41.099702446168024
29.027400760632574,41.10791485538825
29.027383603766758,41.107906096154416
29.015780753534575,41.106206271616514
29.022122330227084,41.107976144545944
29.03089020239851,41.0997265616803
29.02197743557339,41.10762106858414
29.016890376703856,41.103853285658204
29.026739796820873,41.10543810982668
29.026988050810157,41.107875987519044
29.026378626082437,41.10524002675018
29.024726633519133,41.10768152914223
29.01520867317714,41.10623702645726
29.02641993421378,41.10624835608689
29.02057687620211,41.10564167326673
29.028092568269102,41.10641954944767
29.02627795548702,41.10776080210084
29.024191319254733,41.10486829189957
29.022142655017333,41.10758609798741
29.021814832520786,41.10714883352655
29.02640168147139,41.10523652694501
29.024036347989604,41.10479569413975
29.02267434829486,41.10607338992352
29.0290985001927,41.10786933441316
29.017305643839233,41.10324463554107
29.020968470885656,41.10572592827995
29.02645391369099,41.107020755303225
29.020461671043403,41.10567780362529
29.01994733802522,41.10786781615097
29.027614024941695,41.107430914405725
29.029770500597593,41.09974460053877
29.024710014488342,41.10489014875938
29.029959815457172,41.09972759955313
29.01906963801355,41.10126634695328
29.026293932788434,41.106236981323725
29.02011689748023,41.10787848049902
29.018621996248413,41.10193513305584
29.02265585471259,41.1068569506814
29.021726920020836,41.10013404552578
29.022723527844256,41.09951579748832
29.02770899125233,41.10645072323491
29.024441205275917,41.1047424806086
29.022635345670746,41.099722451615314
29.017894031869915,41.107391221422795
29.017208937508773,41.10348684354452
29.02293126239091,41.10591957185531
29.022705690012963,41.10776989892792
29.027637877380428,41.1065213446097
29.01752529774948,41.102939397233285
29.02384770521518,41.107695741451955
29.02665201629246,41.10542884375297
29.022148721009184,41.10465251306321
29.02253370417465,41.106820510535755
29.027807256972423,41.09970094390805
29.02015146664229,41.1076717755148
29.01612336488206,41.10643256159157
29.022912916899852,41.09951357117471
29.02773744911942,41.10669922887834
29.02158951040984,41.10709475423404
29.025458765684508,41.098882288272556
29.024431154273845,41.1078344228447
29.016634063456717,41.10393118410828
29.02025240249683,41.10435898661577
29.023025401716662,41.10771725239716
29.024193108750964,41.104758122722316
29.022331546162267,41.099832144518615
29.024431269839358,41.10770402621953
29.026567945957805,41.107004844236656
29.026889420140588,41.10523205697964
29.021649202654874,41.10709824248537
29.021682486333383,41.10454705645192
29.023906795174433,41.10771289550699
29.01688111127086,41.103847511991205
29.025074054352498,41.09914067515453
29.016152934571352,41.106451808734235
29.02029612353523,41.104480770171236
29.022590348306064,41.10691575190194
29.02125042202876,41.10578562182826
29.023584193006226,41.10769272967839
29.023146309250517,41.10475424391976
29.02177320114841,41.10459421874087
29.019326308961528,41.101220266407424
29.021234343801417,41.100607614008354
29.02323558513953,41.107633355384245
29.02483338669905,41.10773963194519
29.015604174866716,41.1062878491835
29.022537282944942,41.10693476255452
29.023321769350446,41.09920175856469
29.02392532284172,41.10773807534621
29.02526938889801,41.10778068950329
29.025910712493275,41.107219975821685
29.02641169713876,41.10523639019895
29.02357163746044,41.09929466031371
29.025880909220398,41.09900816501683
29.021487231302064,41.106821241942626
29.02019611024653,41.10550589707704
29.019220631430134,41.107688345795076
29.026306459748447,41.10545502593226
29.02286658924077,41.10616695883786
29.023906231965146,41.10772205090794
29.021091961073918,41.107636880109325
29.0263812330615,41.105248016689174
29.023523954530805,41.10768229503315
29.026063965121143,41.10775013061071
29.02561502922403,41.10768234220883
29.022609521616534,41.105905686190454
29.015478092289783,41.10612515219224
29.02309999372486,41.10476164590993
29.02396327311941,41.10773859887792
29.018300084211702,41.10750948347104
29.02105213802842,41.100617451210525
29.021231992189172,41.100618241447776
29.02744334652629,41.10788452779683
29.021727442875473,41.107407099878245
29.02780400385859,41.099702446168024
29.02158951040984,41.107124574064215
29.023558170825808,41.10768937754276
29.02027435165975,41.10443142768438
29.02371458668699,41.09924457241485
29.017880382757863,41.10248359872952
29.021745460821073,41.100186783043895
29.02382431646096,41.107745509588696
29.020394720416128,41.10570579173986
29.027625492661006,41.107231774138434
29.026672632818403,41.105504383132185
29.015326515827148,41.106215586498585
29.016168082307136,41.10463529635642
29.028923333752594,41.10724305420981
29.021457272345167,41.10609920315855
29.02367290597165,41.107517491185725
29.02158264849662,41.10016795413602
29.027997649976374,41.10661665820703
29.02211540512787,41.10798127930515
29.027160694231718,41.10786819284286
29.023519361075888,41.1077515269752
29.02149978084665,41.1062491975921
29.017138978491563,41.10353747278638
29.018811626321742,41.107517406202426
29.01610014289261,41.10463430593961
29.020394720416128,41.10570579173986
29.018525295506134,41.10136872469029
29.020482104448437,41.107905819540626
29.02000834559588,41.100979636188015
29.02671882017883,41.10521700499807
29.025724200418246,41.10526461956071
29.02880012956261,41.10718671006336
29.02656836348109,41.10568212418262
29.021517379102317,41.10608914230306
29.029169786413807,41.10719314565495
29.02682269343606,41.1052053124396
29.02494385687602,41.10765988910396
29.022766148134295,41.107445381802755
29.02293126239091,41.10591957185531
29.0164058258347,41.10665757526555
29.020123451582446,41.10082851121467
29.024644603835323,41.10500503966422
29.021584578092266,41.10714717217109
29.02585537677975,41.10539033690734
29.024073036344614,41.10466757743259
29.01781153133333,41.10239962766926
29.02773744911942,41.106381632578824
29.021724336726084,41.10792273848776
29.018643507647532,41.10193513305584
29.01572118388021,41.10522953552458
29.02425258359747,41.1047639695662
29.017499599770048,41.10311143169192
29.0230364744885,41.10770423109365
29.02649750452875,41.10719470934062
29.024142549411447,41.104818289694826
29.02914839491337,41.10713725805515
29.01612336488206,41.10643256159157
29.029111048523454,41.10784113593673
29.028394109174855,41.107968825040686
29.0282597214045,41.106532740707735
29.02413623995945,41.09915785363098
29.020104271566225,41.104368731072256
29.023399153295944,41.105020616563536
29.027838271867562,41.09974763489005
