Longitude,Latitude
29.02496939999997,41.1049998923077
29.025294215000027,41.10782044993347
29.02244829999997,41.107838735105396
29.026629996651753,41.105333346079725
29.02358827688899,41.10765049920094
29.028189264999966,41.10650940000004
29.02519330200002,41.104987744456075
29.017439600000042,41.10717980721729
29.015643721746013,41.106287041629294
29.027847550000004,41.10803004323625
29.020190000000035,41.105559999999976
29.030732430952412,41.09976271305553
29.02432043333333,41.104890026105814
29.01600590928571,41.10482419071426
29.026619991083603,41.10536643175994
29.01743052333333,41.10308262249997
29.018330407857146,41.10178227214283
29.020220538503455,41.104375620319416
29.025908499999996,41.10781933334531
29.02212879999997,41.10765950343966
29.027077364444445,41.10792880341189
29.02506691249998,41.099001410425984
29.02620767053921,41.10764308317231
29.020220538503455,41.104375620319416
29.026109799999986,41.10783040329677
29.025461763636386,41.10506902255904
29.01854307499996,41.107338151158444
29.024342474999973,41.107839758212975
29.021232421072764,41.107980133232786
29.026991355555516,41.10788811675008
29.02152311249997,41.10453005154663
29.02438670000002,41.10766503237881
29.026226783777773,41.10751302033336
29.02376724722225,41.104789359546615
29.021429999999942,41.100299988179515
29.02844157761906,41.09984049192644
29.01625569999999,41.106735840909124
29.023481083333294,41.104740372072825
29.01551129000001,41.10615559999999
29.02711241714283,41.09942618553109
29.024469799999967,41.104940006658715
29.02262064275776,41.10628442405532
29.021540102976218,41.10703295238097
29.02945196666668,41.09958549305552
29.017901299999977,41.10226829999995
29.02732060237181,41.10789051778739
29.015496516706357,41.10613651670635
29.02279314226188,41.105521598030336
29.02749779250001,41.10720938999996
29.023102016666602,41.107571112763274
29.020140060000045,41.10553918904763
29.026440245833378,41.09912003417903
29.022012225000022,41.104569983107005
29.02468785882354,41.10787002164665
29.026350362820562,41.10702927000004
29.026428724999942,41.10664847500007
29.01843120000003,41.10164039999995
29.022055800000025,41.107620578285214
29.02879563750003,41.10701026000006
29.020741005000005,41.10787727158793
29.030850445793657,41.09982378660896
29.017440000000047,41.107180012772844
29.01550980000003,41.10615000000004
29.02079316666667,41.10576219688785
29.024778350000037,41.10789982581608
29.020742261904733,41.104459831707544
29.021559008846157,41.10662005751084
29.015725002564103,41.10634060054938
29.01544789999999,41.1054537214286
29.028235230481766,41.10645713504764
29.02900005,41.10803083167691
29.029091776666668,41.107352116666725
29.025540099999954,41.105074497949296
29.01554748963335,41.106205034520606
29.022771263793107,41.107641586501124
29.0215521517721,41.10031151995446
29.021649576666686,41.100186749583315
29.026023481523804,41.09899725844341
29.026171791666705,41.09904128333338
29.020791175000017,41.105759894804514
29.022043096173505,41.10761755992186
29.025803199999938,41.107800026612104
29.02676557095237,41.107910023663734
29.02120824827208,41.10056670496553
29.022057058452376,41.100013768888864
29.019906726190467,41.10524753285718
29.02158090000005,41.104549904130096
29.01534003006411,41.105791400000044
29.024139999999992,41.10777999999993
29.016946299999987,41.10704189166663
29.02000093333332,41.10440783333339
29.0212916980952,41.105893697367684
29.027270780000027,41.10790995882442
29.031153135476192,41.099805333492114
29.01625699642857,41.10454273453208
29.01982029999999,41.10511970000006
29.02251004223767,41.10696715263151
29.021729916666665,41.10802994742644
29.020070650000026,41.10436029321857
29.023209999999963,41.10759008298644
29.02152000149046,41.10690990468844
29.021958377499995,41.107536230238104
29.02884216999996,41.10703364999997
29.0175711063492,41.10282845988091
29.016118158333338,41.1066554833333
29.025437633333286,41.09895001435728
29.022113581423678,41.10798803567238
29.02617000218187,41.107800029240344
29.027770033195374,41.10599030702381
29.027329587586454,41.10789996796894
29.021287118095206,41.10589193415339
29.027682016666695,41.10649245000005
29.02159020589077,41.1061296666667
29.026884533333323,41.099294154434745
29.021017679999957,41.10450000873604
29.022635472396978,41.106261821451625
29.03056436904764,41.0997027500001
29.027276520833343,41.10528968828281
29.02802146071432,41.09989922012477
29.02639172108974,41.10565940000006
29.020013178840717,41.10438693479436
29.022007566666687,41.10456998154973
29.01601050319998,41.106584002999945
29.022682965833283,41.107369914999964
29.02439207499997,41.0991796833334
29.025082399999928,41.10788015363758
29.02894654047614,41.108050042264374
29.02128062666668,41.100529680277766
29.021226575000018,41.10586233909232
29.01574522309524,41.10510424054113
29.028601688798222,41.10674628502431
29.02612980000004,41.10782978577251
29.029034345702772,41.10799566398614
29.019172007380934,41.1075299948751
29.02471036742058,41.09901621011909
29.02622089647943,41.107599633333265
29.029140127441636,41.10762003917709
29.023620399999974,41.10764995953873
29.02240442166665,41.107531118983424
29.021905749999984,41.107479998387134
29.016075433333317,41.104749173333424
29.01537010000004,41.105559999999976
29.021428541666683,41.1080179030593
29.015576349523784,41.10625279944445
29.017501810555526,41.10297624166673
29.022650794511556,41.106159956329904
29.023297208333325,41.10474997167461
29.028884365773784,41.10696879499995
29.028756848888897,41.10805981020169
29.021533042394168,41.10701880000004
29.027438210000046,41.10745880000006
29.02901041071431,41.107217916666634
29.022829699999942,41.1053629
29.022549952055762,41.1065896054545
29.02091887380951,41.10578997476191
29.026818599999967,41.099277722101505
29.021490297956507,41.10694116125664
29.02443464666669,41.104867448217504
29.026790289999965,41.107910023663734
29.02166409999997,41.10023661249995
29.022000749999975,41.107999951416595
29.02018127619046,41.10436033181012
29.01660610285714,41.10418298321428
29.026957866666685,41.10788846508935
29.027365710833305,41.107824451134675
29.02196201666665,41.10753112585858
29.022857009230776,41.10525023999999
29.022318291666696,41.1046106583441
29.02292373999998,41.104994433333374
29.0275198875,41.09969688916668
29.0273294402084,41.107899849999974
29.01534430098708,41.10583405097222
29.02312995000003,41.10472009999992
29.015385846233777,41.10552637800862
29.021509650000027,41.10683999999995
29.023625714999998,41.10475615827
29.022420710000024,41.10462969999993
29.020000499999988,41.1044206666667
29.02681719166665,41.10787700332009
29.02523419961703,41.10782004761018
29.024138633333322,41.107779499999936
29.01637781111112,41.10443088911795
29.026377630952332,41.10688177000003
29.026150479999945,41.10779660845485
29.02432043333333,41.104890026105814
29.01580220499998,41.106400153333354
29.02984457222219,41.09955251130338
29.019108675000034,41.1075095166666
29.02737534999996,41.105298659257016
29.026139999999973,41.107829950154446
29.015719349999994,41.106340100549374
29.021806419999994,41.107375715277804
29.021044872295782,41.10796252813494
29.02649417500004,41.10518205850511
29.023419614285725,41.104748564263126
29.02216143852942,41.10457986393788
29.02354707500003,41.107637024741706
29.029110091327652,41.10782880231015
29.0214999895254,41.106920000000066
29.029602582142875,41.09950525190474
29.02181093166665,41.10455000971063
29.022496608006513,41.107788637775755
29.021570362552556,41.10654544589371
29.02630445404761,41.10515103728899
29.026573489372307,41.10525157329303
29.027255400000016,41.09950713655683
29.02356211465517,41.10764126796344
29.02202476735546,41.10760462406307
29.021279833333296,41.104520044693984
29.02140659166669,41.10800659645154
29.025548719047606,41.107809977613286
29.025773600000022,41.107800120652115
29.021511675863675,41.10690984001939
29.026610501785655,41.105393924220046
29.026560418624353,41.0990739069842
29.026491443333352,41.099054624999965
29.022730850000013,41.104680043581105
29.021883699999947,41.10747310078585
29.02793999999996,41.10803998918274
29.02270044314439,41.10592038870723
29.01675160714279,41.10697152142852
29.023110049999982,41.10754593550724
29.022704360964926,41.10594292364687
29.02680999999997,41.10523000256413
29.01871806666666,41.107357649640434
29.019487948472232,41.10116032407294
29.024919923333346,41.09896932562503
29.022289148733165,41.10793007086957
29.02149081462318,41.10694068931375
29.025397149999975,41.105056924999964
29.016981116666667,41.107050530860846
29.024170979999944,41.10482769398814
29.02232107302842,41.107909700907314
29.026437066666634,41.10783464636523
29.016818471428575,41.106996100198515
29.02212999999996,41.10766000405014
29.02948859286596,41.107228723368664
29.0253753304167,41.1050099044783
29.019847445146528,41.104974214285654
29.019906012380943,41.105247006785746
29.021856403730325,41.107258042857104
29.025314074999997,41.10504018566287
29.02073825333335,41.10787685041146
29.027212200000044,41.099414770833334
29.02218772500001,41.10767811406217
29.021839400000005,41.10741999999993
29.02228558083337,41.107918776265926
29.027800031893673,41.106134896458364
29.02519192250003,41.10498998854586
29.023773972222262,41.10478683946527
29.02736989999995,41.10774533432064
29.01777958750001,41.10247054999993
29.01996567913807,41.10451763648455
29.02026338333328,41.105591759447094
29.027973714102615,41.09993958673623
29.023604400000004,41.1076515892263
29.022049500000016,41.10762115602448
29.017247973888885,41.10336244666669
29.026339795329623,41.10705952560433
29.02305729999999,41.10757004815261
29.02081161690476,41.105765895615015
29.026612006672153,41.10528506666673
29.02799569196972,41.106375616666725
29.022549755326633,41.10718142823552
29.022209750000044,41.107680163108895
29.02894000000002,41.107140053609
29.023374651488094,41.10759740105676
29.020752193076877,41.1078700845624
29.026519999999934,41.10524000910552
29.020932980000026,41.107925389523736
29.021094869394865,41.104500572466165
29.022547800000012,41.09961760111111
29.021889799999986,41.107479898387126
29.026373562202384,41.10516690833944
29.024621108333314,41.10788999751243
29.02123949999999,41.10589020658257
29.022510038825125,41.106913397000966
29.02251980423301,41.10666937500003
29.027950061262644,41.106250083823014
29.02608880000004,41.107854473060044
29.031106408888853,41.099841546308625
29.016055750187856,41.10659785841042
29.023669451282036,41.10766656513476
29.022728200000014,41.10765976087779
29.028638935845635,41.0997816582331
29.027422821381382,41.10751404461841
29.02958487499994,41.099541424976
29.029405842115622,41.099528909631815
29.021590384563567,41.10711889713029
29.028322090000046,41.10803042395981
29.021004077564108,41.100673296880366
29.02049029999997,41.10781637023813
29.025760925000018,41.10780023211819
29.021499988438446,41.106920000000066
29.022293892100038,41.10791615361443
29.021299683333318,41.107995893484265
29.029387047380943,41.09957505186507
29.021883699999947,41.10747310078585
29.026578842433846,41.09908081591272
29.027893428571424,41.09986552678573
29.023219050000026,41.10474001161532
29.016718124999993,41.106948149999965
29.02848094385713,41.10664863433333
29.026148500000012,41.107820050537
29.019360207407995,41.10759575072207
29.027331977000006,41.09951977142859
29.02644084651502,41.10631386074991
29.019679633333325,41.107635507142916
29.021435043333305,41.100292256265895
29.018928287936518,41.10131558702385
29.027359656556666,41.10794999916671
29.0185418,41.10155634346317
29.024230499999994,41.10486999373043
29.020378001666636,41.107829201757696
29.019960730344597,41.10452489190885
29.02850557738093,41.10683267333329
29.022833761233798,41.10760040916719
29.02767950265148,41.10647153207937
29.021606543674736,41.106209056071435
29.023895273452364,41.10479018317308
29.018990016507374,41.10743899999989
29.017790299999998,41.10725723999994
29.01899151650736,41.107441049999935
29.023505405479035,41.10762017985322
29.020784062500024,41.10445978783849
29.015481300000022,41.106116799999945
29.018903132668125,41.10133740000006
29.02291587500003,41.10506893458333
29.01802739833333,41.1020152288889
29.019031516726173,41.1074805912256
29.020100000000035,41.10100999999995
29.02217576725192,41.1079678471499
29.021358844444475,41.10452167096354
29.02017902503964,41.10436230821857
29.03088283333333,41.09983969761904
29.026676164814816,41.09920535166673
29.022489999999962,41.10780993757193
29.027212200000044,41.09941156416667
29.027350121744483,41.10788918958344
29.01740050000003,41.10313822083339
29.026350982083358,41.09907080841834
29.026381123844498,41.10687490000004
29.02152000149046,41.10690882285164
29.024079976571446,41.099269900553075
29.021559008846157,41.10662058251084
29.027805932708343,41.1056553512795
29.026569906281676,41.105718849999974
29.023186156944444,41.10756120613708
29.02740264056768,41.10794999916671
29.027771817752782,41.105989409999985
29.021513009404753,41.106865986870346
29.02150912440089,41.106909978057296
29.020496702857155,41.10567552244302
29.027320000000017,41.105293799999984
29.031000287777783,41.0998496155394
29.021888053483487,41.10747146562915
29.0241492297553,41.09917954490742
29.020191666666697,41.105564333333305
29.01965562916668,41.10767067571425
29.02597924999993,41.10509985000011
29.023702444285703,41.107670218009325
29.02637203762624,41.10788044960297
29.026569985800194,41.10568062026784
29.01976669782944,41.101098992484694
29.01649961666668,41.104310109444405
29.021509787500026,41.10026007685421
29.024080000000016,41.10484082249997
29.02451829894962,41.107848292905665
29.0239254974064,41.107729638782196
29.02769069999994,41.105460000000114
29.026390249999995,41.105172686259465
29.016358052222245,41.10444201651547
29.025921500000027,41.105140062720146
29.026390249999995,41.105170201756756
29.016673599999987,41.104101170000014
29.01991049047617,41.10479715357147
29.02649889273243,41.105962176439796
29.027328079844175,41.107899768451524
29.02607962535719,41.10511983194787
29.026411967428576,41.10671092489534
29.02911140113632,41.10745187435357
29.02651513311733,41.105931197835616
29.027279199999963,41.10793991564043
29.025110101666698,41.107829986136515
29.019200855555535,41.101231022407454
29.022999259090852,41.10757181640457
29.029025349999973,41.107083324999984
29.028771168333357,41.1068641261905
29.015522683333316,41.106188466666644
29.024671277941128,41.107849914562664
29.02502139000002,41.10496022235402
29.021450000000037,41.10029004093716
29.028596937759733,41.099839404751364
29.01570125249996,41.10633110378322
29.01609489999997,41.1066258000001
29.030873091666635,41.09983893611107
29.02975257243504,41.09954793660718
29.02634468394266,41.106291302334895
29.021550999999974,41.106629462272814
29.027320000000017,41.10528969545452
29.028504755119087,41.10667959773806
29.02353270666665,41.0993879769841
29.02186700000002,41.10800988027255
29.027941998749963,41.108039587762285
29.029840393546145,41.0995559803175
29.02766958181814,41.1065307075397
29.022650927063427,41.104660187676835
29.01548574095237,41.105387360860774
29.02645167211335,41.10635162866028
29.02022060933332,41.105572132380914
29.019486952043657,41.10116113075942
29.021731733333308,41.10012863333326
29.026619991083603,41.10534069832767
29.018735249999985,41.10736005402272
29.029357833333332,41.09953960000007
29.015689830727375,41.106319750968225
29.01988495800656,41.105208791362145
29.021213360000015,41.105859006631654
29.02637135000003,41.09903105833328
29.025718120000015,41.10779999999989
29.02610999999995,41.10781000615314
29.021509877083357,41.10679259999993
29.0222342916667,41.107959165354465
29.02316682500004,41.107548956746086
29.02270114333332,41.10597829904763
29.025650069714278,41.10505488758572
29.026170800000045,41.107800122174915
29.026010608666653,41.098994228192595
29.024727050000042,41.10787000825848
29.0215600171795,41.10659684714178
29.020967562500022,41.10579961516749
29.02641999642859,41.106699989151586
29.021678925000028,41.10723855000002
29.024621035294135,41.10786003880977
29.027757699999967,41.10627239171787
29.028544029487225,41.09984410375452
29.019998011111102,41.10539824999995
29.022081104032267,41.10798972975721
29.03112948666667,41.09979002857147
29.02736989999995,41.10779818300948
29.025193853684176,41.10781494928073
29.022119121666684,41.10457944420581
29.028557217685453,41.108070000000104
29.027689719999934,41.10645201000009
29.024967619999995,41.10783990891477
29.022826441666687,41.107520134456045
29.02912680005836,41.10742805500003
29.022858999999926,41.107462482857116
29.023748864666633,41.107689102325764
29.022514386666685,41.107555083009295
29.017718813415723,41.10255542247617
29.015431132142815,41.10601573500005
29.01990248857145,41.10524599642862
29.026223493829082,41.107526953666664
29.024040895833288,41.104801858240954
29.02662999999997,41.105323189318895
29.021560150000024,41.10608105000002
29.021060000000023,41.10582001741874
29.02272497582359,41.10585155124999
29.021923450000013,41.10456000000011
29.025251391250023,41.09900564726653
29.02238809999993,41.099708074999974
29.022670010848046,41.10604998999995
29.022883693282825,41.10512127750002
29.01985006439395,41.10495058809519
29.029486554440908,41.107229970209474
29.017080012205728,41.103550137681886
29.021477726904777,41.10801301793611
29.022929183333382,41.099499999999914
29.022929183333382,41.099499599999916
29.02267037751471,41.10605378999996
29.02569536656565,41.10786434423454
29.025341883333343,41.107867868195946
29.021753500000013,41.10015890000007
29.022872089191896,41.10518276666669
29.022771675764794,41.10467786499874
29.031122200000006,41.09978352500003
29.0175467377778,41.102858960000006
29.031154349047632,41.0997899000001
29.021220860000042,41.10586158099689
29.022670010848046,41.10607964699937
29.021928780000017,41.10750826666663
29.02302987726447,41.10471077341747
29.019342007783866,41.10759982088675
29.025113001011906,41.10782998564047
29.026499455000003,41.107842149193466
29.025785534999986,41.10780072075979
29.02200245000001,41.10760016274503
29.016696950000004,41.10402698333338
29.019059401904787,41.10126972755229
29.022006447959196,41.107602882875675
29.0262131,41.10786933464722
29.020184666666626,41.10780237730153
29.02574366805467,41.10779999999989
29.025441986666614,41.10502383309522
29.024099566666713,41.107770000000045
29.028543249999952,41.108070000000104
29.026449147398793,41.10632990000005
29.019993150000015,41.10539041999996
29.026079016666717,41.10511993305898
29.017614900000023,41.10271927500003
29.027856859523773,41.099894482539746
29.02710540833336,41.099345875833315
29.019442900000023,41.10117972948689
29.02240685129274,41.107650057105495
29.017537094047633,41.10285784999997
29.017227838222226,41.103384771555554
29.024968259999977,41.0989563667924
29.02161077419802,41.10629887499995
29.02448173547616,41.0991195609217
29.026125974999992,41.105160659294896
29.028487540317446,41.10808311214288
29.021529898997528,41.100381091126636
29.02582224999997,41.10512001998141
29.027361782619025,41.09958633092596
29.026199899999952,41.10766999999996
29.027840100000038,41.10617015519232
29.02269835523809,41.10466986538094
29.024740059999964,41.10789995769753
29.018931752668145,41.101333825000005
29.017306925714312,41.103284966428504
29.020021621415346,41.10438453731124
29.02642859999995,41.10664070000008
29.020110254444447,41.10552157246885
29.026896448611105,41.10523902002934
29.021509877083357,41.106791697333264
29.029040249999937,41.10727835000007
29.026580000000045,41.10560028333329
29.02022707816993,41.107811516736135
29.029889432539687,41.09957028317464
29.021601712525143,41.10629587499995
29.023397332474737,41.10760363960652
29.021884749342053,41.10456088797334
29.023035445833308,41.107540090120736
29.02495939999999,41.09902431059526
29.019464749999976,41.10117117288791
29.023217237499953,41.10756809449177
29.02159250000004,41.10454806255536
29.01925560000003,41.1012202478504
29.027950514484715,41.10625454848805
29.027720234866756,41.099801655707296
29.020179799999987,41.10436598321856
29.025719473333364,41.107800014851364
29.02518826812497,41.10782696923132
29.020058608712105,41.104360009865665
29.022720045487258,41.10577999999996
29.022262599999966,41.10793984680291
29.02907988547615,41.10732979571422
29.026116099999996,41.10516945000004
29.016673599999987,41.10410000000001
29.015432799999974,41.10545302142862
29.02781000000003,41.1080299860934
29.023969119436494,41.107729957014406
29.023093466666623,41.1047516647988
29.022519986805268,41.10667000000003
29.018808666666686,41.107370148703765
29.020425299999978,41.10783066708282
29.02445870000005,41.10486969600317
29.01818499999994,41.10730646013153
29.029043417398775,41.10708837499998
29.02169741416664,41.104550010046395
29.028122233333335,41.106366899999976
29.02776943074982,41.10558004999994
29.02272516764707,41.10765921087779
29.028992711666675,41.10706354999995
29.0294899905618,41.107229966834694
29.024100000000047,41.10777007500005
29.0159604434568,41.106520849567886
29.026248796428536,41.107394258657976
29.019984029999975,41.10445393666666
29.021594550000017,41.104541727395755
29.017103168737698,41.10353459105276
29.016310179999977,41.10676495422645
29.022300000000044,41.10791980026302
29.015376714997274,41.10553851324675
29.02525156999997,41.10498993140303
29.030658705952423,41.09978509166663
29.02560243482143,41.10500374600381
29.029498028571453,41.099554061904776
29.017500349999963,41.10297940000009
29.019279944791652,41.10756963899524
29.028079311666694,41.10803908918274
29.02032598499999,41.104386558045455
29.01769955380952,41.102592353047605
29.028651402857133,41.10677415684523
29.015359940632383,41.10560582500001
29.02267779575633,41.107702920889295
29.015700252499954,41.10633009544989
29.02644027368426,41.10630019999995
29.020528641666672,41.10088780731714
29.02347876666663,41.104759956764454
29.024137979999967,41.107790367591804
29.017020099999936,41.103629815546256
29.02116621809523,41.10584655452382
29.02328713000002,41.10757847499999
29.01951000000005,41.10114991898451
29.021310000000042,41.10051000000011
29.01619013333331,41.10461950000004
29.026772209999976,41.09917480499995
29.02331766336896,41.10758975521637
29.017596643981456,41.10278091666668
29.027403957142837,41.09961963809529
29.020982583333293,41.100686637466495
29.028108469999996,41.108035256505445
29.02150940773423,41.106909978057296
29.027329587586454,41.10789996796894
29.021510000000024,41.10453990239576
29.02016003151737,41.104360009607454
29.022258800000035,41.10768986844194
29.019791585286924,41.10771027268709
29.022200256127466,41.104589908571405
29.02850557738093,41.10683267333329
29.02644051979089,41.106292122305575
29.02620080601186,41.10769077499994
29.01850873333334,41.101583441666754
29.02780080303028,41.09983664999995
29.026066414285697,41.10780376615496
29.022216326238414,41.10514460625002
29.027144506666673,41.107909759715454
29.02181199416665,41.10455000901619
29.024125086666633,41.09919029999995
29.02875115654763,41.106976535000015
29.024162186243373,41.099245951746795
29.021520001066733,41.10688258453899
29.021565429682546,41.106210557142866
29.02149999154007,41.106929998412646
29.024429197916646,41.107849950653915
29.020142700000044,41.10554040000002
29.02313940071427,41.09934988195354
29.026060374999982,41.107837225300315
29.025724149999988,41.105108827430556
29.024855493333334,41.099051830686065
29.027213294444458,41.10527966184662
29.0170398689933,41.1036017669586
29.029130189966764,41.10756689999993
29.03099928380954,41.09984972387273
29.026143790416665,41.105122775162116
29.029149908435723,41.107602035606014
29.018888758333322,41.107389989168695
29.028898430476193,41.10709686666665
29.021449700000026,41.10029072355356
29.026479979097065,41.10601066666664
29.01805625,41.10209874999996
29.017529992072696,41.10291974285707
29.027644999999954,41.099801593809495
29.015365943229757,41.10562218992063
29.029057382833283,41.10727453583338
29.023000160227234,41.10757004496336
29.025008853978484,41.09900814666672
29.024895300000015,41.098977783333424
29.024960699999994,41.099025157186155
29.02291929999993,41.10748952119044
29.02377885413422,41.09932702926338
29.026440593362324,41.10628967784749
29.028286239991417,41.10649283338626
29.02216649999999,41.09982715714282
29.017722138415735,41.10254802797617
29.02828177918181,41.106643205696926
29.02900207500003,41.107212741666615
29.026203774999967,41.10517001993517
29.01946947500003,41.1011702228879
29.021218884313722,41.104510057235615
29.029574684126995,41.09950014166659
29.02062543041666,41.10773681003764
29.01938015967004,41.107607948602116
29.026209249999994,41.10516997147922
29.01985323333332,41.10511976666673
29.02054144434526,41.10785143319481
29.029140083419147,41.10756943333327
29.027077364444445,41.10792880341189
29.023668606666618,41.10767758095646
29.029992900000003,41.09956000000008
29.029463300000042,41.099559710000065
29.020130230769233,41.104350254210104
29.02196006526188,41.104570002131396
29.023769222222263,41.10478853728107
29.0291013266667,41.10737363333339
29.027799904328607,41.10587009739856
29.023830364484123,41.10771424371032
29.020410400000028,41.10565049999998
29.029200661666668,41.10721314662211
29.022251418333322,41.107948024043225
29.02745709999995,41.10531979866467
29.022959899999943,41.10486232499995
29.017440000000047,41.107180012772844
29.02272024707456,41.10582101176479
29.01883527500001,41.10135437499994
29.020473422142828,41.10784074378551
29.02263616629416,41.10620813354835
29.025976751428612,41.10780002111308
29.019848398579857,41.10517896369042
29.022330849901923,41.10766204743515
29.022519986805268,41.10667040000003
29.02296169999996,41.104869798333304
29.026132800000042,41.10782998020925
29.015689028909193,41.10631732444739
29.025641499999978,41.098951283246144
29.028312786666625,41.10661362060603
29.026818839999972,41.107878280403455
29.028253790833336,41.1065727775317
29.01805167500001,41.102064191666635
29.017472691547574,41.103028100178655
29.021619483133104,41.10623930000004
29.027354009351956,41.10794951934466
29.02779185581368,41.106128188565826
29.01654009999998,41.10425050681818
29.026613701923026,41.105380126835364
29.023578146666686,41.099272794918804
29.019569128614098,41.101149971257236
29.027332730895584,41.107898124192154
29.021977866666653,41.1075486333334
29.028478282571406,41.106646295025676
29.02379243999998,41.10768993030561
29.026628999999975,41.10531582660175
29.0234310666667,41.10474000876306
29.02442527232141,41.10785000065392
29.016180700000042,41.10463941359651
29.026456902010246,41.10622816666667
29.0253962,41.098950034036704
29.0199922,41.107762625342765
29.015940000000064,41.10649850967739
29.024873675641032,41.107838399999956
29.02450145166667,41.10786712408727
29.021954699107145,41.10751239328285
29.023569900000037,41.10764001481097
29.025702300000024,41.105101702098
29.022592908666667,41.09957470399998
29.021429999999942,41.100299988179515
29.02473500452378,41.104910932420765
29.0235407,41.10763287315437
29.01590138664882,41.10493841574131
29.027637544318146,41.10663804423085
29.02181627058841,41.10738933972217
29.02368929999999,41.10477980881416
29.017350805238138,41.10715038852284
29.016468724999992,41.1068485333334
29.025793199999974,41.09891554233404
29.029130087638073,41.107744329704474
29.031089326961837,41.09977998785523
29.02158001185902,41.106519498864024
29.015798949999997,41.10639695000003
29.0229377733333,41.10470129580718
29.023840633333297,41.10770151032093
29.015359438145776,41.10588493333337
29.022775877380983,41.10599025000004
29.02908762724867,41.107980056510826
29.02644997992289,41.10635066616029
29.026390759999995,41.10683720999996
29.029909427499966,41.09957939000004
29.028280883712146,41.099866205620536
29.02379005555559,41.1047900608318
29.01703988565997,41.10360179195861
29.026049609294088,41.10781868294735
29.03112467380952,41.09978151267342
29.023654939999936,41.107673689278435
29.019936667142826,41.101058326349204
29.02144980000004,41.10029008264141
29.02331766336896,41.10758965521637
29.01651305333331,41.106864928571476
29.024919923333346,41.09896932562503
29.020119309812408,41.105526883142126
29.016832472222244,41.103875330980415
29.01711138749994,41.103527470476145
29.019300099999963,41.107570024709254
29.027511697999948,41.09970506083333
29.024621035294135,41.10786003880977
29.024656375000028,41.10789000286958
29.01692400653592,41.10374355686275
29.022054800000024,41.10762001161852
29.020085848717923,41.107638357361175
29.02809061499995,41.10642858055549
29.027790069759366,41.10590060000001
29.027942362499957,41.10803978918274
29.02694413945868,41.09932639392927
29.03043511190479,41.099668410416704
29.02134628499999,41.10049592456251
29.01649068333337,41.10430956666662
29.023975847949735,41.10478785703324
29.022489733333295,41.09965993611106
29.018957608573167,41.107419995864596
29.017348900000044,41.107149627403224
29.01578286928571,41.10638816285717
29.016570399999935,41.10689020000002
29.01768711082047,41.10261532999997
29.02185998651185,41.10744894814813
29.029149987066674,41.10761128895578
29.020566400000003,41.10786000953849
29.0278317392857,41.09984557571426
29.019933215277778,41.105283300000046
29.029140050612632,41.10746902551763
29.01878455625001,41.10139280125
29.015922896009887,41.10487300460244
29.022591796654865,41.106416956529536
29.026144242857164,41.10782619085099
29.01544889999998,41.106076744444465
29.02676395619046,41.10791040329269
29.01617985000004,41.10463897073936
29.018358648571446,41.101690913968234
29.025559400000024,41.10503998468894
29.020004325000006,41.10538974999996
29.025718582380975,41.10779999999989
29.0217198566667,41.10727425444451
29.022717916666664,41.10467714445481
29.016908266666643,41.103775500000054
29.02352176669954,41.10763009791665
29.022874866969687,41.10519020000001
29.018001299999987,41.10211370000001
29.021510000000024,41.10685997859221
29.026609600061533,41.1052793062645
29.022833761233798,41.10760040916719
29.022312155714285,41.09974765714286
29.022552589589058,41.10653311
29.02020943576784,41.10437001238058
29.021560402857155,41.100240399491334
29.02628127467738,41.107257330156365
29.017878152499996,41.102303383571446
29.021560402857155,41.100240399491334
29.01951000000005,41.10114996898451
29.02435772,41.09913148249998
29.030789298333325,41.09982892777785
29.028449232857184,41.09984012500007
29.022568201666626,41.107763881650314
29.018186199999935,41.10730673634365
29.02660943164679,41.10540059436605
29.030236273333312,41.09966272561891
29.02151966411658,41.106991172227275
29.01726106666671,41.10713015631069
29.02900207500003,41.107212741666615
29.029014559523812,41.09971751571433
29.02323869999999,41.10473058091991
29.018950006073165,41.10741999999993
29.021328865132297,41.10050071493747
29.026455852030107,41.106526709999955
29.02405656666666,41.09919896784719
29.021131600000043,41.10063105673476
29.027368165595195,41.10772178821426
29.026569504800207,41.10569830833333
29.02529629722221,41.107820042578034
29.0201532,41.10554561666672
29.026175699999957,41.10517001993517
29.021449666666694,41.10029023478861
29.026237634462323,41.105134061538564
29.01570005249996,41.10633009544989
29.03036442920635,41.09973304973548
29.02772931750441,41.10628959021481
29.0289997,41.10706029999993
29.022385999999937,41.09970989999997
29.01791300999995,41.10224928499998
29.02616909383933,41.107800227338
29.02777112393093,41.10607753444441
29.025461763636386,41.10506902255904
29.024040416666615,41.10480022598657
29.022929183333382,41.099499599999916
29.016397474999984,41.106808800000096
29.015669999999936,41.10630000392152
29.02630689000002,41.10719084500001
29.022439409047607,41.09968280119047
29.02231550000002,41.1046092715584
29.023933758333357,41.10773922559476
29.02160189648677,41.10647492539683
29.01772629999998,41.107221699999954
29.028393505918373,41.106579923341826
29.025489999999994,41.10780998688773
29.020301300000007,41.1043897144781
29.027943561249963,41.108039792307736
29.020295600000008,41.10438752003369
29.024160506538436,41.104860129099606
29.027193846666673,41.107930288472964
29.023321172499955,41.10475009834127
29.021374249999973,41.108000765159105
29.018638899999942,41.10735671208087
29.02948999282359,41.107229968236325
29.02637049999998,41.10522359999996
29.01801052499998,41.10211110000001
29.022676685294137,41.10768785692302
29.025025355000015,41.104960660365926
29.02146990689224,41.10038003730154
29.029149985646622,41.10754988396831
29.025604908333335,41.10778186819035
29.02180053333332,41.10737050000006
29.01534002779138,41.10582399999998
29.023039700000027,41.10751863923611
29.02952232000001,41.09950611750001
29.029140000000055,41.10766824166665
29.02102967333331,41.104499740830335
29.027820332228657,41.106165612876985
29.01842619083336,41.107328754291494
29.023520599999973,41.107639956470564
29.023173741474963,41.09936023758718
29.01638998379326,41.104420067535784
29.02073679999998,41.10445600619532
29.019857400000006,41.10108000776718
29.024456099999966,41.10493278489591
29.026580000000045,41.105591897942844
29.026514243900902,41.10524100500631
29.026884533333323,41.099294154434745
29.02167115000004,41.10723645000003
29.01776429999999,41.107227532199715
29.028313839999967,41.10661462924238
29.0306599902381,41.09980522111111
29.02473175999995,41.09908686666673
29.023077199999992,41.10757004815261
29.022960599999973,41.10750439999993
29.027414333749967,41.107727452083324
29.022410199999968,41.09974666666674
29.02938003027775,41.10726968406964
29.027300000000047,41.09954998141019
29.02160147085848,41.106298599999946
29.0253962,41.098950034036704
29.02901000000004,41.107219399999956
29.023383596515192,41.107599769422734
29.021812740000033,41.10007060769228
29.019820999999983,41.1051209333334
29.01653879999998,41.106874400000045
29.02009559999999,41.10435001658835
29.030058224047615,41.09962337492429
29.02025999599994,41.105589921865594
29.0222106043581,41.099809081111154
29.02183946666667,41.10741999999993
29.02212999999996,41.10766000405014
29.022812966666667,41.09949945595236
29.025179726111105,41.09891285440477
29.0286429,41.108070000000104
29.024469999999965,41.104940006658715
29.018146091666672,41.10194590555559
29.0215600171795,41.10659347320407
29.023382996515195,41.1076002868597
29.029140000000055,41.1077083620672
29.021100299999965,41.10062999673477
29.021431199999938,41.100298181147494
29.020456674999974,41.10784004714169
29.016137233928568,41.10468253857142
29.02166409999997,41.10023661249995
29.02438027499997,41.10784928605087
29.021753500000013,41.10015890000007
29.0261772959921,41.107811560345084
29.0229629333333,41.10470012914051
29.02630689000002,41.10719084500001
29.026703957500036,41.10789740000006
29.02339578666667,41.10473480953498
29.016593601666663,41.10420569392856
29.02252024432331,41.107055392213915
29.028880045000047,41.1070859333334
29.025775224999972,41.10507839285298
29.023365952380978,41.10759007005353
29.02295091882718,41.10753093274811
29.026159874999934,41.10780124609662
29.020893333333287,41.100728500975684
29.02940731598341,41.10725124401493
29.021627112500006,41.10018585833339
29.022510041821,41.10684750476188
29.019770966650526,41.10770101254904
29.02520565000003,41.1078598526343
29.026507310000024,41.10790448615223
29.028184481666653,41.106516302777756
29.022361511075278,41.107882964641846
29.021890099999986,41.107479998387134
29.01899006650737,41.107440049999894
29.01782237235933,41.10239469416216
29.020069800000023,41.10436049441852
29.016250666666664,41.10454392023804
29.024099566666713,41.107770000000045
29.023591251428535,41.09938299357143
29.023826316666696,41.10770992079731
29.025749023333287,41.09896001615053
29.01704999999996,41.10357999999997
29.02451999652253,41.107850017210374
29.022510737174013,41.106757132619066
29.024453566666633,41.10493168489591
29.02059350000004,41.1044298978571
29.022567676646208,41.10716258666668
29.02116598333332,41.10060429999998
29.022570985298415,41.106477555925885
29.027357699618918,41.10786692253968
29.02006039999998,41.105480200000066
29.021462499999966,41.10027980000008
29.021888699999977,41.10747983498133
29.024011309285683,41.10481989644516
29.02660995352176,41.10540013219013
29.01998175833335,41.10445396666669
29.02638360872545,41.10688990000005
29.029098370940797,41.107147689880975
29.018971250000046,41.10128926500004
29.02547011309522,41.09889008747543
29.030061049166658,41.09962585130955
29.029451053076922,41.09950958153439
29.028726063333334,41.10683719047614
29.019820035269234,41.10507369500004
29.019151525000044,41.107529494875095
29.017021149999945,41.10362942665737
29.028218905119033,41.106609516587305
29.01818567916663,41.10730651715435
29.020870399999964,41.10578040170936
29.021661033592007,41.107211316359
29.021409414999972,41.10044086355561
29.01924999999998,41.1075601437734
29.021429999999942,41.100299988179515
29.02426026916668,41.107819914773934
29.027327943805208,41.107899776732474
29.023210499999962,41.107590149653106
29.030681970833335,41.09972023653852
29.022792766666644,41.10552217303033
29.024895300000015,41.098977783333424
29.02616904383933,41.107800027705835
29.026220585646094,41.10753802333331
29.019925750925946,41.10528405000008
29.024180159682537,41.099186722222186
29.02641980000002,41.10523982066687
29.022342586666692,41.10462078119044
29.018033453333324,41.10200847888894
29.022670464772695,41.1073542000001
29.023199289995866,41.10471226428107
29.017320399999964,41.103250550000084
29.02219501666666,41.09982178571423
29.02779029254428,41.10612438333332
29.02771777079361,41.10550357499997
29.026442619254016,41.09912243184521
29.023991134140214,41.0992107851323
29.02764479666662,41.10661584923084
29.020060173593052,41.10436001127412
29.022149599999942,41.09988993296237
29.030469494967953,41.099768255705115
29.029140083419147,41.107578799999956
29.015977845543947,41.10653705399639
29.025863525000023,41.107850581560726
29.023446511111082,41.099288281799474
29.015456425000014,41.10609230133623
29.024611246428545,41.107889932309334
29.02230398000003,41.10460869655841
29.02160980416768,41.106340043901476
29.02350075386905,41.1075899384569
29.024541690952397,41.09907187194446
29.021781089351876,41.10009038611106
29.02103368496736,41.107951628333375
29.02780999259989,41.10571116614576
29.02900964404765,41.107219648333306
29.027310714999963,41.10793958975679
29.016160400000008,41.104659505882324
29.019317414232482,41.10120766290852
29.022527116666673,41.099633216666625
29.029498028571453,41.099554061904776
29.021556437222202,41.10706511190479
29.02856547228316,41.108070000000104
29.021570065084983,41.10654999999998
29.023363400000026,41.107591685381294
29.02751793427853,41.10712866733048
29.02251958590468,41.106667494736875
29.02009559999999,41.10435001658835
29.025863942380937,41.1078499423204
29.026046752385447,41.10781997585168
29.02159086684315,41.10647849659949
29.02901957055557,41.09967678382784
29.02937279999998,41.107270161781145
29.027856859523773,41.099894482539746
29.022293892100038,41.10791615361443
29.017268616666648,41.10334139166674
29.022510140225254,41.10677036832086
29.021876566666688,41.10746000707202
29.015359999999998,41.10590000000001
29.027490089767785,41.1072414666666
29.0277899280927,41.105930500000056
29.02336238749996,41.10474997167461
29.016190049999974,41.10462000000004
29.02303275468871,41.104769955991294
29.017600398148158,41.102741438636315
29.017028983333276,41.103628182490695
29.027202940000006,41.10790995883826
29.025222800000034,41.107821428466096
29.024470124999965,41.10494070365963
29.022433933333346,41.104630747228796
29.019910457142842,41.10479725357147
29.025305149999994,41.10504020753787
29.02102532638891,41.10794885713763
29.017599998148157,41.10276999999997
29.021430199999944,41.100299988179515
29.022739809999997,41.099580174545466
29.019820007996508,41.105113700000054
29.029139911044773,41.107450055637734
29.02099547821428,41.10443551016663
29.028848926552847,41.10805013226438
29.024456099999966,41.10493278489591
29.02788032020364,41.10619003401572
29.02836636923809,41.10655810857142
29.02285857249998,41.1075239171317
29.021856770396994,41.10725890476186
29.027715989444406,41.10550429999999
29.02113116666671,41.100629146734775
29.020100000000035,41.10100999999995
29.026469942331413,41.106087883154856
29.020367550000042,41.10563942177879
29.01715475235294,41.103464688333304
29.028303080833307,41.106724010714316
29.022575622311905,41.1064573
29.022709998148184,41.10597000000004
29.024181379811772,41.10781113657259
29.0225100352401,41.10685419999997
29.026303423333317,41.10719799958845
29.027310714999963,41.10793958975679
29.02132488740743,41.1005017816306
29.026449384278166,41.106275488387176
29.026450026773183,41.10626103999997
29.028734540640997,41.09981044556113
29.024509966285745,41.104880171041096
29.021459799999967,41.10027980000008
29.017443527777818,41.1071803022173
29.01628062666665,41.10450929904764
29.017469999999935,41.10303000000011
29.02908853,41.10797480367167
29.021610004167684,41.10637082499998
29.017256537142888,41.10712925873014
29.023871540000023,41.10770957833337
29.029130120853566,41.1074325883333
29.023418755714264,41.107620042852105
29.023407423808052,41.10760920881525
29.023507477499965,41.10763049035629
29.02296169999996,41.104869798333304
29.017926591666605,41.107273923988075
29.02569032541664,41.09895987061727
29.02216100999998,41.10765988976443
29.026109799999986,41.10516540000003
29.02749226761905,41.09968297956348
29.026469967331412,41.1060906000001
29.026066256666695,41.10784917987801
29.022510034892875,41.10683919999997
29.02855834954544,41.09981258553034
29.025113001011906,41.10782998564047
29.020271630952344,41.105595054375584
29.020894197073133,41.10072811764235
29.02159027094453,41.10615420095237
29.016979249999995,41.10704927345344
29.030031158333312,41.09960934992426
29.02285651923078,41.10532666785714
29.021610004167684,41.106341776729735
29.019983943492043,41.105397624999995
29.028460466666665,41.1080899458334
29.019266722569423,41.10756181170993
29.01956996611409,41.101149971257236
29.027239437902466,41.10790995824303
29.01753475119046,41.102906133571395
29.02271695764707,41.107668891856044
29.02757832656546,41.106876153571456
29.025322166666705,41.1050014088384
29.026139999999973,41.107829773989806
29.02915809484127,41.10717136194139
29.029140000000055,41.10767257708335
29.027847383333288,41.10627943215137
29.022630299999967,41.10772975000006
29.026460001449614,41.10617433101188
29.02930036666669,41.107269931936926
29.020741905000005,41.10788090586182
29.019211266666645,41.10755759999998
29.026299919999996,41.107209998418924
29.02123324999997,41.10798084605332
29.02098029999994,41.100689299252224
29.020674,41.10082939999996
29.023850006033214,41.09922993178333
29.021469900000014,41.10026995539336
29.020725908333308,41.10445781872506
29.021956533333327,41.10754886666671
29.026182908333325,41.10516982089672
29.02616999383934,41.10780003178438
29.02778903480214,41.1061323329593
29.028663255287366,41.108070000000104
29.02812467500001,41.10646210555552
29.021870575000012,41.10455019999474
29.0173577833333,41.103191949999974
29.03038884666668,41.09974007222225
29.016976774404743,41.10704711093223
29.02646995460749,41.10612017012055
29.020049209911775,41.104360009865665
29.022039499999963,41.1045699826192
29.015816022917647,41.104865746759344
29.026752374999987,41.10521593225692
29.022520299068873,41.10671370000003
29.022941664197557,41.10753000679607
29.022489999999962,41.10780993757193
29.02894344999999,41.10804892601639
29.02601979499998,41.10783866618625
29.024271461111088,41.107835645258454
29.02660971935511,41.10539798228272
29.015432333333294,41.10602133250005
29.01646932499999,41.1068488365592
29.025484756643372,41.10506992434476
29.016829200000014,41.103880862179516
29.025447653333316,41.10502459920635
29.019940038965693,41.10463998666672
29.026599976866706,41.10548423749996
29.021677223529394,41.1045500095747
29.022584607163886,41.107595117354464
29.021430199999944,41.100299988179515
29.023446511111082,41.099288281799474
29.015719783333328,41.10513830931657
29.030681970833335,41.09972023653852
29.02948999223606,41.1072299616247
29.017596643981456,41.10278205
29.026283944999996,41.10790043373463
29.020165299999967,41.10554950000008
29.030872868571393,41.099743317142874
29.02156167647104,41.10655769999996
29.025489999999994,41.107809991424894
29.015373621956186,41.10591351666673
29.021899900000037,41.10801000462243
29.027345052777804,41.09954318946894
29.021429999999942,41.10029999103666
29.023737564761877,41.09925253218261
29.02200007999997,41.107999984749924
29.021661600000037,41.10802976168074
29.026240201814765,41.10744287055561
29.0294899905618,41.107229965051125
29.021590273926485,41.10647944159947
29.023188693048606,41.10478655499999
29.021856770396994,41.10725890476186
29.01569009272737,41.10632009034973
29.029140000000055,41.10764626798166
29.022576011200794,41.1064529
29.027583024999977,41.10538156757573
29.02441050555552,41.10784895272076
29.02251004999996,41.107619836618504
29.02161057499995,41.10713985909095
29.026303612274436,41.10720113199032
29.027848929999962,41.106280717698404
29.021967299999986,41.10754830000005
29.016180700000042,41.10463941359651
29.017856249999987,41.10233620289665
29.02525156999997,41.10498993140303
29.01715793333338,41.10709811916511
29.020089999999986,41.10435001670585
29.02987309999998,41.0995298650071
29.0239028869176,41.099311279117465
29.020839199999966,41.10577105000003
29.02217450119047,41.099809601587246
29.019542833333297,41.1076201499999
29.023710674999993,41.10766670583009
29.02231942302842,41.107912925581374
29.022517239227668,41.0996592595393
29.021540408906937,41.107030817813865
29.015723569999995,41.10633994999993
29.022599641136306,41.1072781333334
29.02188125540995,41.10746999647403
29.028949538461482,41.09973710000006
29.026676164814816,41.09920535166673
29.02622364729632,41.107527377
29.020528641666672,41.10088780731714
29.023792004999983,41.10768982096495
29.01592148178594,41.1064793107834
29.022455985964907,41.104642133119086
29.024070024702393,41.10776762279763
29.02273740283996,41.10571897601192
29.020854433333284,41.10789607773809
29.018592666666656,41.10734970947615
29.02705012500002,41.107900055607196
29.025221910000006,41.09898531640628
29.02186906388884,41.10007683999997
29.021530082807047,41.100380273983795
29.023169156818152,41.1047198785965
29.022230656428537,41.107954481870465
29.018633931547612,41.10148136000002
29.022598941539595,41.09964049176827
29.017718813415723,41.10255542247617
29.01545096666666,41.10608094809525
29.0221928573581,41.10459106846636
29.026590664999954,41.105520245833326
29.01574522309524,41.10510424054113
29.029111597443165,41.1077967999999
29.020191666666697,41.105564333333305
29.028593813557436,41.10673670475219
29.02425218260867,41.1078296045454
29.02277697965199,41.10560948333332
29.029149908435723,41.1075976789394
29.022467640522862,41.10782022371307
29.023176745833368,41.10755438347418
29.026592250108905,41.10551595333332
29.025056300000013,41.10501666770153
29.021983550000037,41.10456998057413
29.02168420000003,41.10724483333338
29.02610999999995,41.10782976255055
29.02772364333329,41.10800817806213
29.022755847812938,41.107520576889804
29.028734540640997,41.09981044556113
29.020363833333352,41.10095003333334
29.021520001066733,41.10688404795912
29.015340029083717,41.10579156000004
29.021585785833363,41.1002276986995
29.020502199246028,41.10786911343888
29.015359935627945,41.10590000000001
29.023020041666708,41.1047801560417
29.02158999999996,41.10802007405804
29.024499794444438,41.107870556825326
29.02520830252018,41.107824310166926
29.027423913888924,41.1074918893056
29.02449847499995,41.09916026666674
29.028575326666687,41.10672510969386
29.023101604747453,41.107544902173906
29.018872999999996,41.1073900422702
29.027530939999973,41.10534055333338
29.01540060593744,41.10596081666664
29.02102839999996,41.104493417205724
29.02617050083335,41.107802087722405
29.026551615789444,41.10525002649197
29.021579791851895,41.10709173203701
29.0265108388889,41.099149896507946
29.016613753333335,41.10691174999998
29.023131260833292,41.10472314109584
29.02034430214288,41.10562278136916
29.025639999999967,41.09895001435728
29.021567729722243,41.10610248916665
29.026109799999986,41.10783040329677
29.021437899999945,41.100299988179515
29.021816874999967,41.104550010467555
29.026173933333375,41.09902728738891
29.025978874999932,41.105099642333435
29.028333895370423,41.108030620394196
29.01827230000003,41.101788600000056
29.02023999999998,41.10438000000011
29.022458751666672,41.099705432222294
29.026195295,41.107705999999965
29.026613701923026,41.105380126835364
29.01576171500001,41.10636952666675
29.02580839999997,41.10511756509003
29.02597600000005,41.107800019622864
29.024890346474375,41.10783102959473
29.026429999999934,41.106630400000114
29.021559908846164,41.10661981584417
29.023600299999995,41.099270869885515
29.022992189576236,41.10479987773813
29.022098301659,41.10764940525767
29.0289992375,41.10803063417692
29.022661445542553,41.10755962251508
29.019907412292778,41.10483776224871
29.02943959999996,41.10723992626196
29.023228914999994,41.09933168130435
29.02024075686269,41.107820033333404
29.02496864999997,41.107890083124055
29.026930596309548,41.10791005860997
29.023173340745323,41.09934012143715
29.027670722727283,41.10543985435065
29.021594972551704,41.10712501860346
29.02091283040649,41.100718502601694
29.0198664075,41.10773888164982
29.020359799999987,41.104390008861834
29.021923099999967,41.099986816428554
29.021168359722196,41.10451086469899
29.022005068809502,41.10758890428569
29.027514179999965,41.1053365166667
29.027880958320495,41.106190850783776
29.022251418333322,41.107948024043225
29.021980199999994,41.10754905925932
29.026330150000017,41.105220081249946
29.02405656666666,41.09919896784719
29.026253470952348,41.10737903071431
29.019198495277788,41.101231550806915
29.016075190833316,41.10475545773812
29.026249335526316,41.10518699480573
29.02894000000002,41.107140053609
29.020351296666608,41.10783020206588
29.02563531785719,41.10509020017672
29.023769924999943,41.10768989655561
29.022693765853692,41.09959880365853
29.021497587275668,41.10694705392156
29.025555974000028,41.10503972787076
29.015449206666666,41.10607648444445
29.02146269999997,41.10027980000008
29.028754608333347,41.10685659285715
29.022116878333353,41.10762001161852
29.01625090000001,41.1045492
29.022739635377828,41.105720630000015
29.021640296666636,41.10024847499997
29.01956999361409,41.10114996898451
29.025217700000002,41.107825455725305
29.029280858333376,41.09958879555548
29.019180399999936,41.107531097327964
29.028579563087728,41.108070000000104
29.015530251333338,41.10618763199997
29.02984982952382,41.099558168036246
29.0277610384615,41.09985117307698
29.03045220000003,41.099668100000045
29.02597431000004,41.10780002111308
29.021630829166664,41.10017531369051
29.02780967280838,41.105818920000075
29.019399996296308,41.10119005447777
29.018387340000007,41.10165839999993
29.01948742986113,41.10116053518405
29.027643455681776,41.10541967356056
29.015610826666624,41.106260200000015
29.031051168333317,41.099849997435946
29.02790378750001,41.09986468615645
29.026961575000005,41.105250038363984
29.023518649999993,41.10476015309651
29.01991390440476,41.10478631214285
29.01545947343438,41.10610036079466
29.019180249999934,41.10753153066129
29.02465795833336,41.10789000465529
29.020528641666672,41.10088780731714
29.02867926666668,41.10692471250001
29.022206817647074,41.10459156288514
29.028753145883826,41.09980499369743
29.01883527500001,41.10135437499994
29.023840354978326,41.10479006235032
29.023737564761877,41.09925253218261
29.015345793359753,41.10570841482789
29.021379133333348,41.10452996938959
29.024410351190433,41.107848527720755
29.015670066666598,41.106300070588176
29.015348941342882,41.10565321741934
29.0264935279961,41.10523295539162
29.02767077807356,41.106517058888855
29.02455440000002,41.09907931087303
29.029073457142882,41.107119100000006
29.024890546474374,41.10783102959473
29.029039080932503,41.10727575000003
29.021610004167684,41.10636999999998
29.01851520833334,41.10157281666676
29.02059000000004,41.10442989999995
29.018188820192275,41.10731162810749
29.022749113197552,41.107520279667575
29.02426505000002,41.10782011076743
29.025084868410225,41.10497092858773
29.022180558333368,41.1076801131089
29.02659772257078,41.105260153490754
29.02190039289048,41.107479998387134
29.026440043770666,41.106300006249946
29.02461534000003,41.10786004062795
29.028453483161726,41.106737750000065
29.022642689666615,41.09958634880948
29.017587064308174,41.10280377681825
29.019863254166662,41.10107951776718
29.023560433333383,41.10763996253454
29.02368929999999,41.10477980881416
29.02780080303028,41.09983664999995
29.026569984800194,41.10568851026782
29.02909453571432,41.10715400488098
29.023048683333304,41.1047694895411
29.02128576666663,41.10452002247176
29.018950006073165,41.107419995864596
29.023067932777757,41.1049741566666
29.02892359666664,41.10696997499994
29.021557278888892,41.10706440000003
29.027562720000002,41.106966200000045
29.01537754899271,41.10591754739568
29.02311676769234,41.104719959060006
29.02791984304993,41.106229579200765
29.017512895238074,41.10719493748473
29.017902299999975,41.10226789999995
29.017570655555538,41.10282955416659
29.023283957500038,41.10474001161532
29.02160980416768,41.106340043901476
29.027848424999956,41.10627991942253
29.02612419999999,41.105160500000046
29.02587413333331,41.09897173861532
29.02121433333334,41.10451045519439
29.021509600000023,41.10691007283913
29.021827465285384,41.1073892730555
29.02161000816768,41.106395975000005
29.01534023006411,41.105738299999985
29.026303612274436,41.10720113199032
29.01534002779138,41.105819899999894
29.02788177948924,41.09969677277169
29.030890250000038,41.09974938749995
29.026591666818135,41.10551106666668
29.029139800000056,41.10769896210883
29.024330268636387,41.107829843003664
29.02193466050726,41.10456028797334
29.026449665732127,41.10632990000005
29.027113200000027,41.09935791666664
29.02452141439398,41.10785880986594
29.019357557706165,41.10119055798655
29.02242979888888,41.0997164733334
29.026250048809455,41.10739031428574
29.029121922803515,41.10741957666671
29.020040527083335,41.10436001127412
29.029064355,41.107991781009886
29.02105986666662,41.10065586352945
29.026220294905347,41.107595543896984
29.02348814166663,41.10474176167409
29.019063041904765,41.101269623385626
29.019885594117653,41.10521490000002
29.029129962638066,41.10775854999997
29.015893392591042,41.104946219321754
29.015432882142818,41.10601611250002
29.02964000000004,41.099509975357975
29.02157006816658,41.10654999999998
29.028409720000003,41.09985056857145
29.02273729666667,41.10468004228713
29.022295471904755,41.107677558645335
29.027038519666636,41.10792210328714
29.02261419999999,41.10639696668477
29.02618984607146,41.10772027499998
29.01917999999994,41.101240018077895
29.021451865300442,41.10028890259758
29.022630999999976,41.10626390000002
29.027500316666682,41.107196529999946
29.024426747619053,41.10486916248043
29.022949233333357,41.104899933333265
29.022649262142828,41.10733553047621
29.02447887500003,41.1078500152873
29.02420645999997,41.10779899999991
29.022510038477904,41.106819997499976
29.02301238838761,41.10478240500002
29.020778051666667,41.104459762838495
29.02693233333332,41.099254812566194
29.02323856764704,41.10756949666669
29.021213184313734,41.104510378995485
29.01590496860961,41.10493474466284
29.029992900000003,41.09956000000008
29.027470140000002,41.10732989999993
29.02780080303028,41.09983664999995
29.01793955500003,41.10221011250002
29.030789298333325,41.09982892777785
29.028587945647256,41.106914534999966
29.02435772,41.09913148249998
29.02116576666666,41.104510160047
29.023560433333383,41.10763996253454
29.02411272261905,41.10777826438493
29.025738600000032,41.10779999999989
29.021830098975055,41.1074018436076
29.021469925000016,41.10597992876617
29.021539726570932,41.106690161447474
29.021559950000015,41.10607992500001
29.02119993242853,41.10057604559518
29.021744983333356,41.10802904118012
29.02251004223767,41.10683667249999
29.029409400000056,41.10725026268919
29.022642689666615,41.09958634880948
29.023481891666634,41.10476070259315
29.021550999999974,41.10662928727282
29.02459185766671,41.10489016101844
29.02177541249997,41.10455000834607
29.028313839999967,41.10661462924238
29.028877311666704,41.107085080000076
29.0294899905618,41.107229966834694
29.023852345129875,41.10478996327625
29.027980349999975,41.10626826071439
29.027044371249985,41.099383945476156
29.023969119436494,41.107729957014406
29.02161924999997,41.10715435000003
29.020604216633572,41.10786000953849
29.028408135,41.09988638333341
29.020796700000005,41.10788902333343
29.0266198910836,41.10534084832767
29.02170269666666,41.10455001074084
29.01649469530207,41.10685603655916
29.025775769999985,41.09896004777463
29.023554618379297,41.107634657529445
29.022539224844305,41.10713681333338
29.02153000660448,41.10671998917244
29.018336412820517,41.10731244422615
29.02194616666667,41.10456158579943
29.029451166666668,41.0995097462963
29.021510066666693,41.106980729761915
29.019940035402893,41.10464985000011
29.022611474999973,41.10630999999996
29.025982933333268,41.09899015224356
29.02151939958696,41.10677232070394
29.02205795000002,41.10799510116865
29.020488380555545,41.10785173009711
29.021039360661806,41.10795024500005
29.022530614905175,41.09966998300816
29.019870618452387,41.10773188880951
29.02930005000002,41.107270118445385
29.022156299999956,41.10457986393788
29.031089326961837,41.09977998785523
29.026410674999955,41.10676336499998
29.02265979911395,41.107560140705566
29.022779797539034,41.107428024258276
29.03116770805557,41.099814593888915
29.02792004173583,41.10623027366055
29.015590011666646,41.10625015829878
29.01534991243651,41.10584977333328
29.024291569999964,41.107830906616115
29.02505310555554,41.098935136111066
29.02105197999996,41.10065939686278
29.02618036812862,41.107771900252544
29.01571998333333,41.10513840931658
29.021900795920775,41.107479998387134
29.022828848280433,41.10752401468938
29.027751227649542,41.106272533939524
29.024980036842077,41.10784932606187
29.019804070000028,41.10108851560916
29.02272070874124,41.105783500000015
29.02370921999997,41.10768010153047
29.0200207333333,41.10542970000004
29.019837869841236,41.10772405373262
29.02777835122531,41.10560299259806
29.02187357500002,41.10801000462243
29.01888961999998,41.10738983879797
29.020543400000015,41.10568878481377
29.02641980000002,41.10523982066687
29.017040009469493,41.103610090007294
29.020418088214306,41.10565253107142
29.024966843333317,41.09895503458336
29.02496958666664,41.10784990951287
29.01760995,41.102725225000064
29.022138972619054,41.09985355999996
29.01855266666661,41.10734017338066
29.0215600171795,41.10659737278772
29.020360199999985,41.10439004219517
29.025965374999945,41.105099766666754
29.02152005587615,41.106991434841326
29.02628826980171,41.10722632705837
29.022095001658997,41.10764880480519
29.03113528071429,41.09977983333334
29.02495779999999,41.09902482726193
29.01708063220572,41.10354918407895
29.0246079214286,41.10489039413438
29.02109067165181,41.10450038474836
29.027068666666697,41.09935373333331
29.029489791481343,41.10722996428161
29.02655985823279,41.10577790999996
29.024947341666692,41.1049471615634
29.024139999999992,41.10777999999993
29.02613870000002,41.10781955220195
29.026484862354987,41.10600552023808
29.021699799999944,41.10455001074084
29.021519456112518,41.106877189999935
29.022974242662304,41.10754027961349
29.016361681666705,41.104437684854304
29.02118926666667,41.10451024904897
29.027729680151467,41.1062901828074
29.024959077499975,41.10499643601165
29.023874692499984,41.10477626094396
29.022851424999963,41.10752003570604
29.02109949999997,41.10063039673477
29.01991809523812,41.105268000000095
29.022519596687918,41.10671243750002
29.020539151428576,41.107850308860094
29.021429999999942,41.100299988179515
29.024924297653843,41.10783657946152
29.02382246862747,41.099236663111625
29.022528883238287,41.10663143684217
29.023620399999974,41.10764995953873
29.02736002675442,41.107840393175344
29.026290935,41.105184062608586
29.028639199999965,41.10689722500002
29.026579900000037,41.10562286476192
29.01625989642857,41.1045407231792
29.02653773499998,41.10785257456762
29.022149916666613,41.09989003098726
29.026143790416665,41.105122775162116
29.02576422692305,41.10782345087228
29.015518470833317,41.10619048666665
29.02379243999998,41.10768993030561
29.0246195357143,41.104893069122
29.017044220238123,41.10706571722215
29.021819999999966,41.10455001393978
29.026569987622143,41.105660000000064
29.021429999999942,41.10030998927668
29.025734599999993,41.10507372077222
29.020071971428543,41.105491281428606
29.021670833333364,41.10017948295451
29.015587060416664,41.10624690967074
29.022651952976144,41.10734936380957
29.01571998333333,41.10513840931658
29.03056999999994,41.09978960833343
29.020150762721105,41.10099967407812
29.026160191666644,41.10782918228177
29.01983162205798,41.10503649711534
29.01631363666667,41.10676476252869
29.020742905000006,41.10788115186997
29.018902632668127,41.101337500000064
29.02251023722938,41.10681757894735
29.020839799971665,41.100749524841305
29.025763050000027,41.10780033211819
29.020367625000027,41.100950466666674
29.02261002499999,41.10632829117654
29.031010082698387,41.0998499905394
29.02366382209087,41.10765914050173
29.02454046999997,41.10494789539355
29.02406548333329,41.104803445924915
29.015609199999957,41.106259850000015
29.020852370000014,41.10447423083335
29.0215200010738,41.106909969132886
29.026159349999933,41.10780728382181
29.020856485952343,41.10577544772436
29.024650499999964,41.10489989999993
29.024600770000028,41.09911314500002
29.02415177999998,41.10482279374996
29.02660533499994,41.10785979798249
29.027669318073563,41.10651763388886
29.02149999154007,41.106929998412646
29.024717041999942,41.10789953238908
29.020425299999978,41.10783066708282
29.017877432619056,41.102304591071416
29.017089938633195,41.10354005672298
29.027050000000017,41.10525999999992
29.02909696657975,41.10796718910927
29.027568141666688,41.10693187261911
29.023961929072716,41.1077277363837
29.02451829894962,41.107848292905665
29.021478173710324,41.10453058277628
29.022078598571415,41.09993426761909
29.02261989459852,41.10632016971684
29.01535993372318,41.10590000000001
29.020771557738097,41.1044600340885
29.02238809999993,41.099708074999974
29.019280003124987,41.107533738995244
29.02190205147633,41.107479998387134
29.02338877999997,41.10760065499995
29.02980315952381,41.09951969375009
29.024469999999965,41.104940006658715
29.023122570833294,41.10472630655809
29.023896857380933,41.10479014856971
29.025440099999972,41.09895011284212
29.02630689000002,41.10719084500001
29.019363715240726,41.1075944314103
29.030809538571432,41.09973666689698
29.021406941666637,41.105939637619
29.02636474999998,41.10521620134137
29.024949399999997,41.10783987684603
29.02194377500002,41.10002984999995
29.025816416666647,41.10780010386105
29.031153726666666,41.09978929411775
29.02835350478571,41.10666253102379
29.022328941666686,41.104614891796494
29.021828843340142,41.10739905486155
29.019933215277778,41.105283300000046
29.02022060933332,41.105572132380914
29.02293085833338,41.09942046666667
29.019412821428595,41.107611076233695
29.023159119954656,41.104729943596155
29.025593572916684,41.10778011774912
29.02300969999993,41.107570036860416
29.026356927710626,41.10697551499995
29.02608000000005,41.10512003194786
29.02190098480967,41.107479998387134
29.023321099999954,41.10474997167461
29.02025999999994,41.105590061999294
29.02286321999996,41.10759063855524
29.025660204999955,41.09889964409449
29.022943716666674,41.10492701666661
29.02368929999999,41.10477980881416
29.01785979999996,41.102331236230015
29.02696513660715,41.107910120609965
29.022906455357152,41.105101769999976
29.023048683333304,41.1047694895411
29.02271161231481,41.10587527916666
29.0265108388889,41.099149896507946
29.020187600000035,41.10555829999999
29.01984990000001,41.10501060000011
29.02520286666668,41.09892985746028
29.029091005,41.10734975000008
29.027429300599113,41.10530960779865
29.019130600000008,41.10125920416661
29.029251794571454,41.10723840158331
29.02149221000004,41.10601482499998
29.025681999027753,41.098959790916425
29.02984457222219,41.09955251130338
29.03116319226193,41.099813617381
29.02345933324713,41.10755996707881
29.019316926732486,41.10120766290852
29.022971893866856,41.104702636959225
29.02093089055559,41.10792492119043
29.029102757500045,41.09965947824077
29.021082357142845,41.105825184880985
29.027592526297596,41.10681845791666
29.01673011666664,41.10399013888894
29.027253606923033,41.1079394846403
29.02004979635386,41.10436120044707
29.022109479049732,41.10765002285806
29.024162682608665,41.10780023333323
29.020228909673193,41.107812062847216
29.027039641666626,41.107920652892645
29.02397569794974,41.10478779895243
29.022354590000027,41.104629493333256
29.026609999999934,41.10538655242979
29.03019454000002,41.09967836939387
29.021937493333336,41.10456158579943
29.019644200000027,41.10766824999998
29.02294391666667,41.10492716666661
29.0294899905618,41.107229965051125
29.026594369481955,41.105502433333385
29.02561916947621,41.105090752141
29.023843903968295,41.10771166865445
29.024816381290336,41.09905341073984
29.02281005999997,41.10468993450538
29.027880380741145,41.106190351285896
29.01921203333334,41.10755294583335
29.028966454326905,41.099755869188044
29.022720047074557,41.10581802941183
29.02640694999996,41.10676320000003
29.02735582575191,41.107859746616306
29.026543186458312,41.10518993692195
29.029100213347373,41.107860014622666
29.02365020000005,41.107659983735985
29.02184770188887,41.1071666056349
29.025739365714312,41.10780113638305
29.019768374999977,41.10770520183476
29.023724616666687,41.10476183815128
29.027866150000012,41.099894623829314
29.027119346666705,41.1079299498817
29.02073673333336,41.10080120000005
29.027889394423237,41.106317224166695
29.027571676470615,41.10683630666671
29.025912552380923,41.107819974226814
29.025043786904785,41.10496479462703
29.022552468333323,41.104653360633364
29.02233820904764,41.09973902500005
29.026999799283168,41.10525027585976
29.030230739999975,41.09959986916667
29.028911800000007,41.10711300227268
29.021350741666673,41.10452949868215
29.015340026898524,41.105678933333365
29.02163093541669,41.104549904584644
29.029488193606703,41.107228723368664
29.02476509772732,41.1078400324727
29.026498739019242,41.10523909847308
29.02150168943846,41.10691910000005
29.020571733333345,41.1078600066667
29.025764544444474,41.10780033211819
29.024621035294135,41.10786003880977
29.015451299999995,41.106080214761924
29.01591814150795,41.104918524007935
29.025026653978486,41.099001633333394
29.022839574166625,41.107452907820495
29.022510764554962,41.106786470952365
29.022890509999975,41.1046995312713
29.02221916511902,41.104599828711486
29.01799775,41.102119450000004
29.02729976150004,41.10790996477664
29.0266201910836,41.10533971418612
29.028025016666696,41.106399386111086
29.02406171249995,41.10480312277679
29.01983267333336,41.10108005776718
29.021510200000026,41.10602869999996
29.027593066903645,41.106816932916665
29.02382343666666,41.10770432077918
29.017329716666644,41.10323352666669
29.02023999999998,41.104379900000104
29.022761741982293,41.10742282041152
29.02530088750003,41.107819198850336
29.027362077309967,41.107856988282975
29.01639667499999,41.106808800000096
29.019593599999975,41.10765928750003
29.025775769999985,41.09896004777463
29.021510783333355,41.10678269999994
29.016481166666658,41.106848266666724
29.028150191291257,41.09988371166664
29.02274899999998,41.09950200833336
29.022698684298238,41.10592699106013
29.019890163165286,41.10521355499995
29.031162805000008,41.09981918750006
29.020095649999988,41.10435001658835
29.024669827941157,41.107850190141406
29.028453483161726,41.106737750000065
29.02644009377067,41.10630019999995
29.021893100000003,41.107479998387134
29.01534003006411,41.10580528333335
29.020970000000023,41.10580841510328
29.020369757142884,41.1056406491048
29.022269999999967,41.09981000000007
29.02752905000001,41.10797831698408
29.026609999999934,41.105380208410445
29.02288793333332,41.10757903261441
29.02684514999997,41.10787889707012
29.028900192857094,41.108050042264374
29.02241045129274,41.10765000155871
29.022144079603173,41.10766451985932
29.02175003333334,41.107329999999926
29.026679599999955,41.10520997825763
29.02799634690478,41.10635050416672
29.026413399666627,41.107831179002886
29.022128489999982,41.10766032643109
29.0290006,41.10803065417691
29.019117599999976,41.10751347916669
29.02213886,41.10457543251967
29.027866983333347,41.099894856190424
29.020623599999986,41.10786004287183
29.023686799999993,41.10477930397574
29.022539945320485,41.107139933333386
29.017862826785677,41.10232545123001
29.02129161899997,41.10452002247176
29.021888290006782,41.10747867148813
29.030507100000037,41.09967989999992
29.022337555342034,41.10789995403995
29.026272291666647,41.10729357282017
29.018027019999995,41.10199037888894
29.016189999999973,41.10462000000004
29.027725597916692,41.106307090718936
29.026538500000036,41.10563040000002
29.026159774999932,41.10780124465619
29.021499992627028,41.10693016507931
29.016483883333375,41.104317066666624
29.024046345952364,41.10482337411781
29.01541079999998,41.10599180000002
29.025136885357174,41.10497999507872
29.018033453333324,41.10200847888894
29.021426773684183,41.100427038397676
29.021967299999986,41.10754830000005
29.022970024999992,41.10483986003251
29.02708270000003,41.09935143333331
29.016326200357152,41.106773183666675
29.026510105787565,41.10594016838942
29.02194616666667,41.10456158579943
29.02680999999997,41.10523000256413
29.02937998027774,41.107269868208306
29.029943253388282,41.09954801098457
29.02304959999994,41.104769747874414
29.028442602222217,41.09987974849208
29.02365869388889,41.099259005922015
29.020850016666635,41.10577485397436
29.020058608712105,41.104360009865665
29.02563252999995,41.10505214330003
29.023233803571408,41.1075951336133
29.026507491840583,41.1059456141155
29.02623268333331,41.09906013866667
29.02560243482143,41.10500374600381
29.022720163741234,41.105782199999965
29.028718232380957,41.10683410714283
29.02714869714288,41.10792994402852
29.027813758670614,41.10627004729264
29.02239444666665,41.10767828792634
29.022916050000006,41.10492972499998
29.017317339999963,41.10325327500007
29.020850016666635,41.10577485397436
29.018903132668125,41.10133740000006
29.02558165961542,41.10507957815886
29.016948784901974,41.103711161437886
29.027429300599113,41.10530960779865
29.026440968362316,41.10625697499997
29.019925750925946,41.10528405000008
29.02418049999999,41.10779479455878
29.023161479437228,41.09934325543589
29.021827999999978,41.10005230000001
29.026140450000018,41.10781000048083
29.027187676984095,41.09938870240534
29.029073457142882,41.107119100000006
29.02473837500003,41.10496848698271
29.02014131666671,41.10554115833335
29.019869003095238,41.101073303968214
29.01708125530225,41.10354368777159
29.030506500000037,41.09968227272719
29.026299999999996,41.107209998418924
29.03104113333331,41.099849997435946
29.020420422222205,41.10441040229991
29.019976667857165,41.10537013499997
29.015390100000022,41.10593999999995
29.029489991295744,41.107229965886496
29.031156846666672,41.099788945833424
29.025773600000022,41.107800120652115
29.023537183333346,41.10476202588602
29.021583752616557,41.106504078864056
29.023450466666688,41.10762009146579
29.02952232000001,41.09950611750001
29.02088974999994,41.10072983333342
29.02911064652811,41.10781009637954
29.02478161651304,41.1049150028173
29.026170064666687,41.10780032267489
29.018889599999977,41.1073900422702
29.031148999999957,41.0997902125001
29.02451729473681,41.1078500152873
29.02745116145158,41.10531734408733
29.02086856666663,41.107899517738076
29.020906959999998,41.104482804142414
29.027324818602168,41.10529419999998
29.027689769999938,41.106449933333444
29.02849178111106,41.10808137436507
29.01568781713385,41.10630483707242
29.02415000000004,41.107789967328664
29.02659880598155,41.105374148761605
29.022349050000035,41.10767009999998
29.017528911111107,41.107197967592946
29.02490780000001,41.107899926141826
29.021413539999976,41.10594227333328
29.02678239999994,41.10522287038235
29.022954371428554,41.10488434932839
29.025667367833357,41.10505861438568
29.02062543041666,41.10773681003764
29.02118926666667,41.10451024904897
29.024072375595246,41.10776919571431
29.02119041666663,41.10057986333325
29.026456902010246,41.10622816666667
29.02215421964281,41.09988566474204
29.021520001066733,41.10688404795912
29.02616999383934,41.10779982989632
29.027601334810214,41.106770673333386
29.020790000000023,41.100770002857146
29.01828250625002,41.10177427916672
29.029140000000055,41.1077094250001
29.01628062666665,41.10450929904764
29.024828875000036,41.107835423102685
29.029909827499967,41.09957939000004
29.018329300000005,41.10178279404758
29.020473422142828,41.10784074378551
29.01590496860961,41.10493474466284
29.026549600577763,41.10583032242608
29.02247026448409,41.10465828217424
29.02630216278388,41.1052071600901
29.01687784999996,41.10380487500002
29.01643988416666,41.10437044166668
29.028312786666625,41.10661362060603
29.019792138461522,41.107709975623614
29.024033800641043,41.10774495984999
29.016229049999982,41.106724690909125
29.015546310900028,41.10620261280633
29.019310000000008,41.101210106249916
29.024811596250018,41.104979900000046
29.017271895138865,41.10334160486118
29.02569451466667,41.10779999999989
29.020535697857177,41.10568472651035
29.02913882389995,41.10761993588396
29.019064521428614,41.10749126666664
29.015400105937452,41.10550015000003
29.025320475000036,41.10786954248378
29.02253677794115,41.10778320342602
29.01749999999996,41.10298000000009
29.020893333333287,41.100728500975684
29.022576075038337,41.1072198646465
29.02873798124995,41.09975590000005
29.0200404,41.10544806666669
29.022340026857183,41.107899960296564
29.020850016666635,41.10577485397436
29.01810909999999,41.10198866666673
29.021527849999984,41.10025122499999
29.02038360000003,41.10564106004034
29.020150762721105,41.10099967407812
29.028108245714296,41.10641438277775
29.02747968812504,41.107282733333385
29.021601604191815,41.10629879999995
29.022510039161425,41.10673985000006
29.029364802777767,41.107270109653015
29.016250749999998,41.10673841590914
29.022727100000015,41.107659310877786
29.023717224999977,41.10767165693007
29.020627749999946,41.105720214303595
29.02818585999998,41.10642460666667
29.027300000000047,41.09954998141019
29.019371906111115,41.1011901235421
29.019940040430516,41.10460101499998
29.03037772083336,41.09964413831024
29.021499988790808,41.1069297068494
29.015643601746014,41.106289703742384
29.016196926319466,41.10460670769229
29.01740000000003,41.103136630000066
29.028427952668057,41.10660541142858
29.02851691428569,41.10676514333327
29.021734400000025,41.10802994742644
29.019113700000016,41.107511779166636
29.02088080000002,41.1044804657018
29.029327133968287,41.099555783015894
29.0214689595238,41.10038084306597
29.02257587761905,41.1075946313029
29.016516133333297,41.104276016262645
29.02643999377067,41.106290309157
29.023746427169836,41.10769219693323
29.017338697056303,41.107147212175526
29.025282272222253,41.09896096480605
29.018807350000024,41.107369854259325
29.02900139234431,41.09972679238101
29.02404054743592,41.10774772534893
29.02620150434521,41.10766572499997
29.015752066666693,41.10636082548084
29.022005349999972,41.09997199126984
29.02574999999995,41.098960677308625
29.02896552999998,41.107164127500084
29.029092201190505,41.099699625714365
29.022538837500004,41.099633306666675
29.028529559404788,41.10669960642853
29.02918,41.09963000000007
29.023283808333286,41.104750085007936
29.020796000000022,41.10788933333343
29.03019760809523,41.09959460134919
29.023532433333322,41.104761411841494
29.02014070000004,41.10554040000001
29.02509317500001,41.10501445018316
29.01965695833333,41.10767492583335
29.02446050000005,41.104869197727304
29.022812966666667,41.09949945595236
29.027893428571424,41.09986552678573
29.027810409754984,41.105769521590936
29.021509800000025,41.10602942499995
29.026719638148155,41.09922600920635
29.021519534953228,41.106781316666726
29.02160031054756,41.10618999615382
29.02279398998319,41.10752421468938
29.028068479545496,41.106416566666674
29.02196683322581,41.10798202338798
29.025896749999994,41.10509006716701
29.02912680005836,41.10742805500003
29.021618399561703,41.10624002500006
29.028691633012787,41.099811204624594
29.026194219587918,41.107770515686305
29.025499304761933,41.10787273917053
29.021454512500004,41.105969874999964
29.031018493088048,41.09977824565016
29.021328950000026,41.104518904597654
29.015609999999956,41.10626000000001
29.02910510207284,41.10738031904764
29.02116716,41.10584647209377
29.029109980148796,41.10779125689649
29.024552251666673,41.1078565312384
29.019988835555502,41.10444226666671
29.0264699690994,41.10607974966991
29.027730656547643,41.10628304104837
29.02152589289009,41.10686533500003
29.021429999999942,41.10029999426386
29.016224549999983,41.10672086590912
29.021610004167684,41.10630076666662
29.027629644772745,41.1066757225
29.026484862354987,41.10600552023808
29.015893790238096,41.10494551932175
29.023452700000018,41.10762046294406
29.02782015749995,41.10627018051117
29.019557257823898,41.1011303894052
29.022668700621303,41.106083895121344
29.022882138560608,41.10513928522729
29.02617001018187,41.107810015204066
29.02398073604494,41.10775057190803
29.02098029999994,41.1006898000001
29.02375945000002,41.10768157523814
29.022681700171418,41.1060251628571
29.021858074999972,41.104551305554
29.02616999383934,41.10780003178438
29.02811825749997,41.106461707222195
29.029069406250027,41.10731935398153
29.021393730999986,41.10044623488894
29.017599998148157,41.10276999999997
29.020071971428543,41.105491281428606
29.02451985902253,41.107850115127036
29.02294284772724,41.10757394760142
29.027989400000035,41.10635880000011
29.02455275000001,41.10785635425156
29.02165732500003,41.1001803142045
29.023957158333282,41.10479947379774
29.02640383333333,41.10517138423392
29.023202566666715,41.099429662777865
29.020585540740754,41.10570727864195
29.0215864888889,41.1002256824495
29.024466324999967,41.10494158122372
29.01999291944444,41.10539314999996
29.02661938900027,41.10533943054296
29.028850062355296,41.108050042264374
29.0264600040154,41.106200272857194
29.02000949714004,41.104389869537975
29.021606636111063,41.10713440967092
29.015366299999993,41.10588000666671
29.029090083333337,41.107979533854866
29.01534999660877,41.10584441513889
29.020013178840717,41.10438693479436
29.022768641666644,41.09949715499994
29.024740059999964,41.10789995769753
29.02617000218187,41.107800029240344
29.029099985592943,41.10786711564252
29.02794307590909,41.10631983166667
29.021246150980378,41.104511526620655
29.02769620009258,41.10800585851191
29.023716778809497,41.10768138049672
29.02323250000001,41.10473012277684
29.022209991666713,41.1076799631089
29.025777999999978,41.10510970030301
29.02808336935068,41.10803915301017
29.02149999154007,41.10693009841265
29.020271630952344,41.105595054375584
29.019131000000005,41.10125840416661
29.025489999999994,41.10780999176972
29.025489999999994,41.10780999176972
29.017837850000006,41.10236454999998
29.026604992060612,41.10530207459543
29.019180249999934,41.107531097327964
29.02498368368421,41.10783422501001
29.021231254406118,41.10798067105331
29.016977321428563,41.1070497677656
29.021533416666703,41.10037189166675
29.02152000008696,41.10675821357142
29.028150000000053,41.09988997794501
29.022721837352332,41.10588776505887
29.016376781333353,41.104431688411594
29.017469999999935,41.103030440000104
29.019690000000047,41.101119999999916
29.01610985000002,41.10470950000004
29.02207442078946,41.104569983107005
29.022029168214257,41.10456998153813
29.015567018713526,41.105282977415584
29.01628429,41.10450571571426
29.021136066666696,41.10062697173478
29.02903835773805,41.107273232500035
29.015893790238096,41.10494551932175
29.019873800000042,41.10490890000009
29.026543186458312,41.10518993692195
29.02325140000003,41.10473964718879
29.024109199999966,41.10778970509991
29.015382019356625,41.10552703709953
29.02439120000003,41.104911024907395
29.029241080586708,41.107241376513564
29.018907039334792,41.101341842500034
29.021559008846157,41.10662005751084
29.029014559523812,41.09971751571433
29.022489999999962,41.107808341735435
29.029738824999967,41.099520780601914
29.02197169647434,41.100020589615355
29.025314074999997,41.10504018566287
29.021499988790808,41.1069297068494
29.027430225000053,41.10746160000006
29.016135724999994,41.106670516666654
29.02229387725698,41.107682823078015
29.018933449999984,41.10741090802865
29.02252939999996,41.10778589587426
29.027005878333302,41.09936201619044
29.024243637638907,41.0991349552381
29.023441407738087,41.10475191927062
29.02804239992065,41.10639918262099
29.02646010859247,41.10617083392859
29.017815882500003,41.10241132000004
29.023592337103132,41.10764105225388
29.018833858333355,41.10135671249996
29.02496864999997,41.107890083124055
29.022774705113616,41.105615866584
29.02195117500001,41.10002336025634
29.016137076964284,41.10468214803569
29.02259994999995,41.10638138999997
29.02660705672819,41.10527850893118
29.027300000000047,41.09954998141019
29.02256812988888,41.0996118902101
29.02251004223767,41.10682843559522
29.02127060000003,41.10053986529403
29.02622171147941,41.10752957166667
29.022610091666657,41.106326791176535
29.020442729999985,41.10784417844314
29.021821099999965,41.10455001718926
29.01739260158726,41.10298921642855
29.026123624999986,41.105161958333355
29.02575252333328,41.098959872933364
29.024211719523848,41.10780688695649
29.02874449695831,41.0998037901579
29.027652291666694,41.09977147428569
29.0292790152381,41.10708557748567
29.019940040430516,41.104591724999956
29.016608833333343,41.106910599999985
29.0215600171795,41.10659024282404
29.02238726523808,41.09964709123807
29.02644982677318,41.10626103999997
29.019791788064705,41.10771037573653
29.021044872295782,41.10796252813494
29.02994259136364,41.09957682610391
29.015626956593472,41.105225281521825
29.019623755624963,41.10113037033953
29.015359940632383,41.10560582500001
29.02586257500002,41.10785048156072
29.023873974999983,41.10477748475925
29.016401991666648,41.10704935454552
29.027429941666718,41.107452262500054
29.02425712339826,41.099225469128115
29.018362172380968,41.10169094222221
29.02041999999998,41.10441000229991
29.026238836666653,41.10782149406587
29.015670066666598,41.106300070588176
29.0153981686275,41.1059553333333
29.018181750000025,41.10189855000008
29.022078598571415,41.09993426761909
29.017862076785683,41.10232677980143
29.021548394017117,41.10032212575522
29.031083056666706,41.099825595238144
29.015607766666626,41.10625930000001
29.030317799999974,41.09971917505835
29.023009799999926,41.10757004371336
29.021786025000033,41.10801010085259
29.020182700000017,41.105556000000014
29.01572239999999,41.10511611111107
29.016190049999974,41.10462000000004
29.02795902500241,41.09988588166427
29.017359249999977,41.10319120833326
29.024623330000033,41.107859875822086
29.02023999999998,41.104379900000104
29.020370400000033,41.10564028170221
29.0294899905618,41.107229965001544
29.019357173434095,41.10759204753207
29.026364725631883,41.10695174575751
29.028677110256368,41.099825933333406
29.027627748939402,41.10667863749999
29.028824167857106,41.107040009999956
29.026400999166675,41.10523461423076
29.017079087569353,41.10355045592143
29.022528930094037,41.10709265357148
29.015723619999996,41.10633992499993
29.02345594999994,41.107617116157165
29.01757042460316,41.1028301966666
29.021560217179502,41.10658418095233
29.02046975813007,41.100913106836614
29.03116319226193,41.099813617381
29.017226135238126,41.107121561785746
29.024069390909066,41.10777981148875
29.017847999999987,41.1023449445633
29.021429999999942,41.100299988179515
29.022810197615918,41.10546350999998
29.016189933333308,41.104619450000044
29.024437213690472,41.107857738664144
29.015462575921045,41.10542754679314
29.022670010848046,41.10604998999995
29.02183865264042,41.10746996716761
29.02611011999995,41.10782996518491
29.025768300000024,41.107800197582826
29.018072662499986,41.1072916922294
29.0294899905618,41.107229965051125
29.02004979635386,41.10436120044707
29.022828418280433,41.10544441249997
29.01534999660877,41.105845395138886
29.026185432738103,41.107768839164784
29.026479444102197,41.10647898634404
29.017106549999944,41.10352966226808
29.02892805000002,41.107134019792596
29.02155354999998,41.10454394588865
29.028678591666626,41.09982349305562
29.02137473500001,41.10046604416671
29.0174842415476,41.10300977517857
29.01658149999998,41.10422100000006
29.02185039999999,41.104549638643384
29.021805200000035,41.10801009906688
29.02291929999993,41.10748952119044
29.028880183333307,41.10696974999993
29.020952086666647,41.1044900441476
29.02168420000003,41.10724483333338
29.022992189576236,41.10479987773813
29.029130162638072,41.10773351428575
29.022670334848048,41.106049141999954
29.02600760000002,41.107819976674456
29.028952479999973,41.10714913916666
29.021590404277866,41.1061401857143
29.025728149999978,41.10511002965277
29.022709998148184,41.10597000000004
29.02162330000001,41.10715595000002
29.022738538490206,41.10573289999999
29.028118855694434,41.10659490051511
29.027209570000036,41.10790995931904
29.0206373333333,41.10786172929479
29.01708290000004,41.107077800000106
29.028006153253987,41.10637197722231
29.02662999999997,41.10529999831511
29.02204646249999,41.0999047625
29.02724441153841,41.10793944425569
29.026035050054674,41.10781997585168
29.01602580465453,41.10658640999995
29.015390100000022,41.10593999999995
29.022651346826365,41.106157402996566
29.027681082222237,41.099803465476185
29.02030124166663,41.10782238267839
29.021841866666673,41.1000401555555
29.024401805555502,41.10784940272076
29.027300001500038,41.10790995824303
29.023507583333334,41.10762998766024
29.02003976357145,41.10103041481588
29.026530195833374,41.10576244590874
29.021877347076614,41.10747029733609
29.026629996651753,41.105333346079725
29.015690150727373,41.10631612794221
29.025489999999994,41.10780999176972
29.028512470833384,41.10668276428567
29.021975399999977,41.10756973333332
29.02608292000005,41.10783925509382
29.021799166666657,41.107370069444514
29.021582224359005,41.10649534999995
29.02327100000002,41.10758000555552
29.02730223060714,41.1079400502696
29.023723119999964,41.107672544470006
29.025475823611085,41.10780052294737
29.021509600000023,41.10691007283913
29.023994808333285,41.104800392621954
29.019625135730866,41.1011303894052
29.026408299999968,41.10678204999996
29.021510000000024,41.10453990239576
29.02135197249999,41.10049005363293
29.025225635344444,41.10782004761018
29.024600770000028,41.09911314500002
29.022745222565533,41.10752972748971
29.031168755000046,41.099811233333405
29.016360000000045,41.10444002829036
29.022611845238078,41.1063430078432
29.02152849999999,41.10025065833331
29.02465162499997,41.10496015391546
29.02904204181657,41.10800123952676
29.03077491463012,41.09973096977618
29.0294899905618,41.10722996950136
29.02273272500001,41.10468093873186
29.01753513182541,41.102866583809515
29.023482254999955,41.10761968241729
29.02616676883932,41.10779990510635
29.029109594660987,41.1078006999999
29.018189143750018,41.101903135000065
29.02396414021164,41.1047864178765
29.021459799999967,41.10027980000008
29.021591534343166,41.10647676243285
29.02049891785714,41.10567660873426
29.022874866969687,41.10519020000001
29.02005958333331,41.10548027777784
29.024603496666682,41.09910977425502
29.022100000000012,41.09992000000008
29.02294843333335,41.10490633333327
29.023380700350867,41.09930684768591
29.029129887638067,41.10775640535712
29.030574199999954,41.099792374047674
29.01707943856936,41.1035505825881
29.023505005479038,41.10762022985322
29.015671516666607,41.10518040000001
29.021732833333367,41.100180233333404
29.02948650444091,41.107229969324514
29.02874449695831,41.0998037901579
29.023270000000014,41.107569829404795
29.027204100000027,41.09941830000002
29.02135068666665,41.1004913765959
29.02777002823885,41.10604060166665
29.016785714285724,41.10698897142867
29.02623818666665,41.10782141628809
29.026628557485083,41.10532157941304
29.02197903333332,41.10755243333338
29.019202366666633,41.101230642824156
29.015340029083717,41.105791160000045
29.017220377777807,41.10339919999998
29.017337231342015,41.107147068842195
29.020714902777755,41.10445404828567
29.02539009999998,41.10505840178568
29.02645027731584,41.106247537878744
29.019979126495745,41.104483600753944
29.02614600000002,41.1078199517212
29.02025999599994,41.105589921865594
29.022310649999962,41.1076799611149
29.028771168333357,41.1068641261905
29.02013250576923,41.10435132365536
29.029486554440908,41.107229970209474
29.021459799999967,41.10027980000008
29.021549700963256,41.10704986666671
29.02322448250006,41.09942643333331
29.01933101035713,41.10757969999996
29.022489999999962,41.107808341735435
29.022477726964315,41.10759927277772
29.024259435317436,41.10782678853173
29.025222800000034,41.107821428466096
29.020387613999972,41.10440652903968
29.018970003125045,41.107419995864596
29.02952232000001,41.09950611750001
29.022306974999974,41.10767972717046
29.030236273333312,41.09960762291664
29.0258956357143,41.10513633935861
29.022779797539034,41.107428024258276
29.022523767411958,41.09967132453933
29.031106408888853,41.099841546308625
29.022720045487258,41.10577999999996
29.026594369481955,41.105502433333385
29.02344850000002,41.10762009402989
29.017079766902697,41.10354984703254
29.01625989642857,41.1045407231792
29.026609183333267,41.10785985441955
29.02914978805891,41.107563416666615
29.018591366666655,41.10735010630155
29.02261192499999,41.10641371588745
29.02786920285716,41.09982765999997
29.02462230029414,41.107860238809764
29.01888919166666,41.1073899159544
29.021796891666618,41.10455000901619
29.017337275238116,41.10714693547773
29.016477424999994,41.10685586750006
29.02820918499996,41.099930051388846
29.030450377777814,41.09966788125004
29.02617792238095,41.10786318253759
29.01982011953497,41.105089000000014
29.01705996595794,41.10357002811702
29.027851075000026,41.10617712416674
29.027775900606038,41.10597047666664
29.02662999999997,41.105300652860564
29.018150100000003,41.101936025000015
29.02339604444442,41.10478305266145
29.02631001929829,41.10714909999992
29.024488794444466,41.1078686296825
29.017351101111082,41.10320362111108
29.02251004223767,41.10684467499999
29.02398861726192,41.104790115458485
29.02242979888888,41.0997164733334
29.021429999999942,41.100299988179515
29.020010216666698,41.101039967247964
29.019449140000017,41.107610359567026
29.021598859002783,41.106461818253976
29.02149221000004,41.10601482499998
29.017569799999983,41.10283029999992
29.029149790894376,41.107502913888865
29.022599147184813,41.10774053943831
29.01570030249996,41.10633009544989
29.015648435079342,41.10628996929967
29.018920122999983,41.107400026595705
29.027934158282292,41.10625105185791
29.02904226133177,41.108000114606156
29.027165065238115,41.10790995941966
29.026420321428578,41.10669448656203
29.021520000150073,41.106879999999926
29.026459802030104,41.10620440000005
29.02161810303186,41.106228955714315
29.022480000000044,41.10762999568912
29.020574044999986,41.10785944000002
29.02619008722531,41.10773535666669
29.023566885567778,41.10764006363141
29.025667768333346,41.10779447142846
29.022782933333293,41.10555340499997
29.022402000000024,41.10462834333328
29.02524889999998,41.10504002120527
29.026369810952396,41.10695042333328
29.02474227000003,41.104969264999966
29.027329053296558,41.107899975773215
29.03019454000002,41.09967836939387
29.020078473825205,41.104360111085185
29.021549999999966,41.10664984687506
29.017536099999983,41.10719963683895
29.021082357142845,41.105825184880985
29.025764858333304,41.10507661970984
29.027203786666668,41.10793015328577
29.02745498134925,41.10796560833337
29.01850433333334,41.10159001666677
29.031124474888138,41.0997797
29.020353856578925,41.104390008861834
29.027620620833307,41.106699999999925
29.024671277941128,41.107849914562664
29.017060264487355,41.10357003155718
29.02412006393886,41.10485079264026
29.015723569999995,41.10633994999993
29.021804749999973,41.10455000971063
29.021394636666642,41.10044601455561
29.021331618928567,41.10491050000008
29.022374862121232,41.10787783961879
29.016899172500008,41.10702359366432
29.02099754407964,41.100677579478024
29.018936595833324,41.10739364187475
29.02054474434525,41.10785157208371
29.02272594000002,41.10740820000003
29.02857288000002,41.10672639999998
29.0232318035714,41.107595066946644
29.02020833069386,41.104370115500444
29.016044743687875,41.10659087919611
29.027500316666682,41.107196529999946
29.015840374999957,41.106427633333325
29.020775941666685,41.10575728112639
29.026489249293117,41.105239495803396
29.01562224900741,41.105226075250705
29.021429999999942,41.100299988179515
29.022817638095262,41.107523734456045
29.02732034273729,41.10789051669616
29.02141966666669,41.108010019490294
29.02242070000002,41.10463327239759
29.025118199999948,41.098920449999945
29.027915922619055,41.10622581721611
29.027003649283177,41.10525053720639
29.026153045833336,41.09903564100004
29.022124099999964,41.10765998976442
29.02099277594772,41.107941320518904
29.02596653245194,41.105140076480076
29.024218270793668,41.10780451231881
29.026742758333334,41.10521458901516
29.028664721666637,41.10680233202377
29.015400105937452,41.10550015000003
29.026324667572066,41.107106452499984
29.016397095,41.10680308000006
29.019338725732574,41.107598361111116
29.020456674999974,41.10784004714169
29.026430274999935,41.106630000000116
29.01985000000001,41.104980900000044
29.021876017619014,41.100013570119074
29.028899999999954,41.108049442264374
29.030617542420632,41.09971030115079
29.02914296555561,41.1076653382738
29.017645158401006,41.10267326709525
29.01637339500003,41.10679031999995
29.021429999999942,41.100299988179515
29.022310649999962,41.1076799611149
29.02645164578515,41.10635288175549
29.02839343037039,41.10805695101144
29.029095700000035,41.1071421541667
29.022692150925874,41.10737659999996
29.020460123809524,41.104414481260974
29.021510000000024,41.10684029999995
29.02717573509156,41.09948820595237
29.02579435036632,41.10508006235416
29.022599147184813,41.10774053943831
29.026588445515866,41.09917680404764
29.026900956547625,41.107879932383305
29.020003666666653,41.104413458377955
29.022613924999987,41.10640955179654
29.01892126966665,41.10740022659571
29.02838620833336,41.10670947499996
29.017440000000047,41.107180012772844
29.02191504642858,41.10800009684032
29.027995429469726,41.10638723750006
29.022930950000045,41.09942048333333
29.021430199999944,41.100299988179515
29.02116396585029,41.10060506952378
29.02553237499993,41.105038862812535
29.025358525000048,41.10781993725634
29.02919149000003,41.10720089999995
29.021429999999942,41.10030998927668
29.015387250000018,41.10593858999995
29.022370005972626,41.10788007077346
29.025312660000044,41.10786772712362
29.022670377514714,41.10607993075159
29.02257976964436,41.10644365000001
29.02146152222219,41.100280400000074
29.027808695625037,41.10566911265992
29.027204013333336,41.107930548003836
29.02022707816993,41.107811516736135
29.027481663125013,41.10727157000003
29.026371154047602,41.10522315511429
29.02645043678756,41.10624770499993
29.022839934782656,41.104690090403125
29.024090966666595,41.10480960666659
29.023420117999994,41.10760988642895
29.025976220000043,41.10780011962288
29.02056030434525,41.107858796117
29.027679054365052,41.10544789545452
29.023211759523818,41.10474001161532
29.023685659259606,41.10766998155783
29.02761370166667,41.10672606000001
29.02801928233334,41.1063047101428
29.027299801500035,41.10790995824303
29.021538943426986,41.106687800233615
29.025745498000035,41.10777172142846
29.027774250000014,41.099825887499954
29.027048891129052,41.105258612190276
29.017426600000032,41.10717689496244
29.02880277000003,41.10701100000005
29.028152100000028,41.10640250000002
29.019876266666703,41.10490990000008
29.025225635344444,41.10782004761018
29.02808336935068,41.10803915301017
29.02520830252018,41.107824310166926
29.022170527142826,41.09987775498014
29.028967592380923,41.108041644384706
29.019561250000034,41.107650097708294
29.025534529523792,41.0989513902832
29.02168847222224,41.100161238518496
29.027284310595263,41.10790946183951
29.019696299999982,41.10768952499994
29.030696937500007,41.09972258555281
29.019254156969097,41.101226420402874
29.02448481674601,41.10786733242061
29.02659650370879,41.105377836044035
29.02909998644106,41.10786252776052
29.027798705427614,41.10587682858907
29.0282281663686,41.108020140539814
29.025729999999967,41.10511000444442
29.01593488970593,41.106497022580605
29.02090573095235,41.105788626428584
29.018741738095223,41.10736102421199
29.026108847500037,41.1051196652812
29.026449885644737,41.10625250454539
29.015538199999995,41.10618899999998
29.026268831578918,41.10519800810402
29.027202940000006,41.10790995883826
29.01707967356936,41.1035491136992
29.023994744298943,41.099210285886265
29.027797772899106,41.106129857552084
29.02232027302843,41.10790997590734
29.02190198480966,41.107479998387134
29.02604476795455,41.098947797561316
29.019940236050502,41.10467618339281
29.028596471988816,41.106739155534505
29.019200899999966,41.101231086574174
29.020190000000035,41.105559999999976
29.0174321,41.10307660892851
29.01743991111115,41.10718005301094
29.02155039999997,41.10664339687507
29.021141199999967,41.105840147924056
29.021885924999975,41.107481198387134
29.02271764999997,41.10753085398271
29.0159604434568,41.106520849567886
29.021523480767186,41.10802009928615
29.02045080139633,41.107870131675135
29.021278799999976,41.10588997705876
29.027050000000017,41.10525999999992
29.015400239270793,41.10595929999996
29.026441769319252,41.106561062500056
29.0215600171795,41.10659375993247
29.026645570714305,41.10520123778457
29.017729287499975,41.107220574999964
29.022973219007937,41.1047289764733
29.02151009791669,41.106809749999975
29.02273554660616,41.105738251470584
29.023205304166645,41.10755792117643
29.02185964265348,41.10744678780266
29.02948650444091,41.107229969324514
29.026528635238115,41.099066113809585
29.027500000000018,41.10719769999995
29.018999899999937,41.10745024999997
29.022573425840722,41.10647400476188
29.020100000000035,41.10100999999995
29.022141220833337,41.099851267499986
29.020937679999975,41.10449003968333
29.020705385000024,41.10574057142384
29.027835950502645,41.09984682428568
29.022730200000016,41.10468000452281
29.027131407392435,41.105270839580506
29.015459294642895,41.10609960428672
29.02495971666664,41.10788951425743
29.017912876666625,41.10224958499998
29.024629191960813,41.10786023728493
29.01562393761904,41.106273927857146
29.017093143681265,41.1035397539452
29.026047264095045,41.10781997585168
29.0215200010738,41.106909969132886
29.02437653333338,41.10490836111113
29.02608000000005,41.10512003194786
29.026609364503933,41.105400962818436
29.02088080000002,41.1044804657018
29.02202506000003,41.107998819049214
29.020352341923072,41.104391581120005
29.023980006878272,41.107750013574694
29.0273934983333,41.09953943259265
29.019852634393953,41.104957702380915
29.01864721833328,41.107360203703685
29.02850454149507,41.106779599999946
29.016245083333327,41.10456073633334
29.029489991295744,41.107229965001544
29.02824227909521,41.10655759545452
29.0294899905618,41.107229966834694
29.02597600000005,41.107800019622864
29.021510000000024,41.10690965968122
29.027317139999973,41.10794528947631
29.027450077500024,41.107366341666705
29.019361581705898,41.10119005798654
29.024895300000015,41.098977783333424
29.02438805714285,41.09918475000008
29.02712816533334,41.10790996118274
29.027847601964307,41.106182202214335
29.022100080000016,41.104570003107
29.02316128269479,41.09934334912637
29.02729523102383,41.10790996744719
29.01977498791665,41.101099040401365
29.021776225000032,41.10800999906687
29.02022060933332,41.105572132380914
29.01732521111108,41.102972473484876
29.02451999652253,41.107850017210374
29.02452325428571,41.09907511511904
29.024311075000032,41.10782964478578
29.02015308129254,41.10099819995116
29.019050980000003,41.101270023385624
29.02013178076922,41.10435074032202
29.022957322222172,41.10486097499996
29.024079976571446,41.099269900553075
29.0304797541667,41.09970147198408
29.022779935099294,41.10560202499996
29.0233127238095,41.10760085146883
29.02281005999997,41.10468993450538
29.021610004167684,41.10637082499998
29.018522776190444,41.10733335498616
29.019984029999975,41.10445393666666
29.016060099999958,41.10477955000004
29.02149998727565,41.1069280401828
29.025618625000025,41.10778079626103
29.026395469730147,41.10681746999999
29.026600682500018,41.10790917944259
29.019113700000016,41.107511779166636
29.024228799999996,41.10486999373043
29.021490597956504,41.10693958030422
29.016180600000045,41.10463941359651
29.026620026426873,41.10529951258279
29.01634226583334,41.10445588809524
29.01853276999995,41.10733706583857
29.02645705693281,41.10523911501121
29.02627009999997,41.10730739722857
29.024620517647076,41.10785993880977
29.017599998148157,41.102755411818144
29.017449612023793,41.10305318196433
29.023249449702412,41.10474001161532
29.022049799999973,41.104569983107005
29.022552589589058,41.10653311
29.019880666666705,41.10490430000004
29.026588914788235,41.10525973755777
29.02045011499997,41.107833943044405
29.022182448333332,41.0998713378788
29.022380991666687,41.10764087923082
29.027950061262644,41.106250083823014
29.016959173809518,41.10704029259263
29.021123100000015,41.10063359673477
29.023131260833292,41.10472314109584
29.02019785777775,41.10780398021823
29.02462949196081,41.10786003574647
29.022766150000006,41.107520535428264
29.022705825476184,41.10597774904763
29.02140814869046,41.10593906533727
29.017962638333344,41.10218694916671
29.028949538461482,41.09973710000006
29.024780000000042,41.107840019907336
29.026559961213582,41.10575245000004
29.02142699999995,41.100421730000086
29.029790125396797,41.09954346059522
29.024802107708357,41.10498000000004
29.0294899905618,41.10722996950136
29.02628127467738,41.107257330156365
29.022525747154504,41.099665643021716
29.029082488809504,41.10733554071428
29.028458262222216,41.10808773333338
29.019638593538147,41.101130099506214
29.026477772059703,41.10648458746028
29.026440893362313,41.10631959999996
29.020150300000008,41.10554400000004
29.026253470952348,41.10737903071431
29.021908999999972,41.107479998387134
29.02404781858227,41.10774934511458
29.025161698571424,41.10503397842489
29.021599675724616,41.10645641061906
29.027950061262644,41.106250083823014
29.02891,41.10710999999995
29.029030755000022,41.1080109071428
29.02016013151737,41.104360009607454
29.026253519047586,41.10514080167676
29.02278286060605,41.10573047428573
29.02732998569543,41.10789998068656
29.015669999999936,41.106300203921506
29.021856070396993,41.10725573043474
29.02312986666669,41.10472009999992
29.015463944941526,41.10541078631693
29.019855615555574,41.10517806865379
29.025896230555567,41.09897507742831
29.015401205937433,41.10596129999997
29.019379170354117,41.10119005225554
29.018021828787866,41.10728451858947
29.016661355555616,41.106929919472805
29.024012399999975,41.107766815277756
29.019113700000016,41.107511779166636
29.025764858333304,41.10507661970984
29.023639000000017,41.10477101923072
29.015407059389567,41.10547755000005
29.02937279999998,41.107270161781145
29.016180600000045,41.10463941359651
29.019889528839894,41.10489090000004
29.016622649999984,41.10415783571423
29.025965374999945,41.105099766666754
29.024347493333345,41.10783966508731
29.018033453333324,41.10200847888894
29.02610309999999,41.1078312220189
29.017536403333317,41.10719963683895
29.021727166666697,41.10018090000007
29.023893794345216,41.10478003982974
29.021967299999986,41.10754830000005
29.02261419999999,41.10639696668477
29.01592570156544,41.10486759316457
29.021449700000026,41.100290822796
29.02648799722223,41.10598590555553
29.021026961507943,41.10581340678569
29.02597470882552,41.10514043710448
29.0170398689933,41.1036017669586
29.02534040000002,41.10503918881368
29.026479910768863,41.10647959602145
29.018339725000004,41.107314652559495
29.02258151400002,41.099610206666696
29.02163482250001,41.100176363690515
29.022202410833362,41.10768306707486
29.026864257291635,41.10523973711839
29.020210039109525,41.10437000880915
29.026290935,41.105184062608586
29.02556401999995,41.09895001435728
29.027809984031443,41.10574292257936
29.019409800000002,41.107609651233695
29.020870399999964,41.10578040170936
29.024487154285698,41.099093965714275
29.0170300722222,41.10362019943506
29.023339173333316,41.10474000953498
29.022149916666613,41.09989003098726
29.01996098235772,41.10534168857137
29.021429999999942,41.100299988179515
29.02734717659749,41.10794827167997
29.01733678703701,41.1032245516667
29.02377125140691,41.09925710952385
29.028921940773785,41.106966077142815
29.02453965119047,41.10785356435192
29.02843471446426,41.10672845428575
29.02277026499999,41.10752127796493
29.02257555003856,41.107232710606084
29.027514179999965,41.1053365166667
29.026400882507957,41.106790720000006
29.023513279999996,41.09939032020632
29.027585339285725,41.09975570142862
29.021376875000016,41.10452978746135
29.027790069759366,41.10590060000001
29.022050266666664,41.107995552382526
29.021580454283257,41.10649799999996
29.02152000065007,41.10688982216534
29.02519447035084,41.1078147159474
29.02267844666668,41.10754835056703
29.029149908435723,41.1076016522727
29.01941664337609,41.107607948602116
29.021923100000013,41.10749923830525
29.02988484285712,41.0995319376923
29.026221881854834,41.107876168490456
29.023594464888983,41.10765133727484
29.017089938633195,41.10354005672298
29.020585540740754,41.10570727864195
29.02658000000004,41.10563000000001
29.01993301527778,41.10528290000005
29.029488791302548,41.107227060993466
29.026459753280104,41.106520899999936
29.026145800000013,41.10782045172119
29.022340030342033,41.10789995403995
29.019458299999997,41.10761280956698
29.023043253242733,41.10476995321352
29.022946394444457,41.10490626666661
29.022649999999928,41.10466005013517
29.022143625000012,41.10767054952379
29.021220860000042,41.10586158456831
29.025641144,41.105053710366676
29.01943830000002,41.10118023666846
29.02597987499993,41.10510012500011
29.02023999999998,41.10438000000011
29.02924518666667,41.10724531003402
29.021573891111107,41.106203657142856
29.021919723928562,41.108004261782945
29.022682007459867,41.10770408313022
29.019280003124987,41.107533938995246
29.028375234285754,41.106568446666614
29.02151966411658,41.106991172227275
29.02146269999997,41.10027980000008
29.029110600148794,41.10779986138219
29.0162452,41.104560903000014
29.020210035688475,41.104370107784206
29.02601000000003,41.09894009999994
29.021600980228186,41.10455000764256
29.022957508333292,41.104861649999954
29.019940040430516,41.10459112499995
29.022715925294122,41.10766765611367
29.0215200010738,41.106909969132886
29.022031584444466,41.10761791875273
29.02410646999997,41.10778936593325
29.021848517364834,41.10743423314805
29.021462522222187,41.10027980000008
29.0222951391667,41.10792551163552
29.027329993242407,41.107899975881395
29.022840000000045,41.10532659999996
29.022082411666688,41.10762001161852
29.026240280486924,41.1074318767677
29.017507959999968,41.10296806000003
29.022943716666667,41.10492451666661
29.02151224702383,41.100257407857114
29.016180600000045,41.10463941359651
29.022989414576227,41.10480030000004
29.02186057499996,41.10745396714284
29.021679190980393,41.10445485043861
29.015469899542577,41.10542014780772
29.021351199999984,41.105920499999975
29.02040423999998,41.10783011499949
29.024308583333312,41.104886177688904
29.023438366563283,41.10761995098613
29.026704586666707,41.1077559863637
29.01538716127659,41.10593471509738
29.025943970476188,41.10781974922681
29.025905238461515,41.107819798602385
29.026303612274436,41.10720113199032
29.02775635333329,41.106272275405374
29.028442450416623,41.10673371000005
29.015629347376876,41.106284038388424
29.02409129999993,41.10480960666659
29.019940036546537,41.10465756803578
29.023456170021646,41.1076133725112
29.02913990000006,41.10768980080856
29.02310135833331,41.107570178962135
29.024142000000037,41.10778668895769
29.02849841142863,41.106672842857115
29.017487361111144,41.10719031031753
29.02741615384609,41.09962890000006
29.02484130000003,41.10785910115172
29.02451829894962,41.107848292905665
29.015436884166643,41.10601110250003
29.01571928388888,41.10635523528569
29.028946487500026,41.107147837291684
29.026161599999938,41.10516990983901
29.021955175000027,41.100031874999985
29.01998064166668,41.10447643896029
29.02252596024763,41.106651331578995
29.025070775000014,41.105016817701525
29.01638998379326,41.104420067535784
29.026121500000027,41.10782978936903
29.023717874999974,41.1076734307582
29.02769069999994,41.105460000000114
29.02093073055559,41.10792488785711
29.022902693333293,41.10757950592263
29.02706053333327,41.099390799999945
29.015585398333357,41.10624523639044
29.02914999133882,41.107497214999974
29.02281761666667,41.09953062377975
29.029064355,41.107991781009886
29.0200103166667,41.10103992835908
29.020062211111085,41.10548261111117
29.02466426506839,41.10488339070809
29.02608000000005,41.10783999566121
29.019830219166693,41.10108005776718
29.025193700000024,41.10786116266511
29.029132157142907,41.10762994041134
29.023027160606084,41.10752260641646
29.021476580000016,41.105985870909024
29.024113459999967,41.1077897577269
29.030789298333325,41.09982892777785
29.021429999999942,41.100299988179515
29.023388736842065,41.107600295976965
29.016210333333284,41.1045907727328
29.027809500070035,41.10613970499996
29.02972898333331,41.09951567500001
29.022450216666634,41.10783938228503
29.016092632666652,41.10662452500008
29.02622019490535,41.10759610139699
29.02413854723987,41.10485195664987
29.02794307590909,41.10631983166667
29.029422039999954,41.09956746388886
29.02894000000002,41.107140053609
29.02735906828572,41.099565087238105
29.02749226761905,41.09968297956348
29.028048961190485,41.099894927094674
29.024972524999974,41.10499942452992
29.026613701923026,41.10537934405148
29.024263577792205,41.09923317158457
29.027417363018422,41.10530390563739
29.02095000000002,41.10792900607145
29.02742035499996,41.10772434583332
29.023743922435848,41.107683788874574
29.025284426762827,41.10782000187538
29.022568519607,41.1071625866667
29.026290935,41.105184062608586
29.01749999999996,41.10298000000009
29.022840000000045,41.10532659999996
29.031146466666677,41.09980037707816
29.02755420958332,41.10698674999997
29.0264698519976,41.106181985000006
29.0307283388889,41.099797807222224
29.029099988663702,41.10793048096389
29.025678387500033,41.105059887876585
29.018143063333312,41.107302327222214
29.021511547500022,41.10025914352085
29.02368569999999,41.104882567129664
29.02855834954544,41.09981258553034
29.026537708333322,41.105868104285726
29.021374475000012,41.104529987646536
29.022269001960755,41.09978048235294
29.0264734942284,41.106407375000046
29.019930303821365,41.10471595583334
29.030112701388862,41.09960708958331
29.01951000000005,41.10114991898451
29.02791563400794,41.09992513654761
29.021610194048634,41.10633843556815
29.01753475119046,41.102906133571395
29.020113381428565,41.10552305302909
29.01535993372318,41.10589540666669
29.023228914999994,41.09933168130435
29.020243961999952,41.10557608039555
29.027576449999998,41.1069010566667
29.02623990100099,41.10751766555866
29.02040700000004,41.105645385999985
29.021527849999984,41.10025122499999
29.027448087777824,41.10796072178574
29.022550056062173,41.10654898333331
29.022610283333325,41.106388950000074
29.02663657619051,41.10790909375007
29.027780278517515,41.10561034263415
29.027320000000017,41.105293799999984
29.021520001066733,41.10688258453899
29.020000499999988,41.1044206666667
29.027351302506293,41.107860046616295
29.016207549999937,41.104593006066104
29.022133656904735,41.107660306431086
29.020365583333316,41.10439372250889
29.023848498467466,41.10771197365445
29.02103174496736,41.10795192833338
29.02606360833337,41.105116199166716
29.02154978758408,41.10031062187373
29.031163823037538,41.099790000000105
29.019749699999966,41.10110012581803
29.024222029848485,41.10486961992091
29.020000134649123,41.104399869047654
29.02205239999996,41.1045699826192
29.01951000000005,41.10114996898451
29.021557497222208,41.106077783333404
29.027241461171695,41.107909959886584
29.02751793427853,41.10712866733048
29.01653003333333,41.106870135483916
29.02307299166664,41.10754025539852
29.029498028571453,41.099554061904776
29.022631199999964,41.10772880000005
29.02258064495238,41.10759252332673
29.021429999999942,41.100299988179515
29.01693327166668,41.107034265311356
29.023339676470545,41.10759987855213
29.025347734000007,41.105057874999964
29.022380023333355,41.10462809333327
29.02148198972223,41.10453034732413
29.02020943576784,41.10437001238058
29.028275634642842,41.09991910676737
29.027331977000006,41.09951977142859
29.02524559999997,41.105040165337016
29.024860480645152,41.09905025413974
29.016219997916647,41.104569999999974
29.020190800000034,41.10556269999997
29.02315733408365,41.099347216910466
29.020135583333367,41.10553617814817
29.02041999999998,41.10441000229991
29.027327979746165,41.10789977759905
29.029305239305568,41.099546076904744
29.026280524761177,41.10725863416416
29.02442527232141,41.10785000065392
29.025964943898785,41.10509708401786
29.023494437430177,41.107619332417286
29.022919799999933,41.10748967119044
29.023253399999966,41.10759904521879
29.0246990932143,41.0990387295238
29.020244099999978,41.10438029880963
29.029060209999976,41.107298239665894
29.022794135416653,41.10552132303036
29.02065781845239,41.10444265619046
29.017599998148157,41.1027408386363
29.01625569999999,41.106735840909124
29.027207390000026,41.10790995931904
29.029469942967243,41.10722745877898
29.023929466666708,41.10771358632478
29.029111597443165,41.1077967999999
29.029149599932342,41.10755155444449
29.025298669444474,41.098958474433175
29.022791199999993,41.09954874999994
29.027681082222237,41.099803465476185
29.02623633397435,41.10782250905961
29.01983321898105,41.10503119711535
29.025656730555557,41.09895038102394
29.02435772,41.09913148249998
29.029060034999976,41.10730005633257
29.02051525000002,41.100891275000066
29.028264721904783,41.1064816333333
29.02645991991239,41.10637604770564
29.021524694285713,41.10025272317459
29.021729024166618,41.10017179000003
29.02317382500004,41.107553851111135
29.027241461171695,41.107909959886584
29.021749566666678,41.10732915499993
29.02909767884149,41.10795004500003
29.029488594208207,41.107229122035335
29.027758731111074,41.106272044209355
29.021509600000023,41.10691007283913
29.021641697222197,41.10718958923083
29.022361511075278,41.107882964641846
29.026302269853474,41.105203477733575
29.027638166111075,41.10662971923084
29.02891,41.10711059999995
29.02390794064521,41.099314889837
29.022522788849336,41.107064845238135
29.020135180769234,41.10435127087675
29.019198495277788,41.101231550806915
29.023692531547603,41.1076645780262
29.02291281602381,41.105072476011884
29.021519550566737,41.10687959999993
29.021519550566737,41.10687959999993
29.01835990000002,41.10169013333331
29.022549452264553,41.10717548708912
29.021559008846157,41.106619982510836
29.02661440192303,41.10537915612414
29.023722749999976,41.1076737941829
29.02645017992289,41.10635066616029
29.01658144999998,41.10422000000006
29.03036442920635,41.09973304973548
29.02911909882253,41.107782299999954
29.016451202166664,41.10436832191963
29.022167463181805,41.09987835787879
29.025965374999945,41.105099766666754
29.02398041402118,41.107750955668955
29.022391694999982,41.1076634285388
29.027458026306867,41.099637620761904
29.019820035269234,41.10507549500004
29.02301238838761,41.10478240500002
29.022048954999974,41.104569983107005
29.021518915952388,41.10802009928615
29.02927260555559,41.09959292444439
29.021955175000027,41.100031874999985
29.024373704444475,41.10490637749997
29.021619988541616,41.100278950000074
29.02484000000003,41.10785998819155
29.021201931341906,41.10450999398456
29.02024837333335,41.1078104692927
29.018010824999983,41.10211040000001
29.021431199999938,41.100298181147494
29.024120038585334,41.10485004245399
29.02662002392687,41.10534003209287
29.01559980000002,41.105252464242454
29.027420064011572,41.10750980584854
29.022796204141443,41.107520079689074
29.025904749999995,41.09897516833335
29.02124130000001,41.10451021101012
29.02825350833333,41.106572435309474
29.01810909999999,41.10199170000006
29.029207305,41.09967657738093
29.01976669782944,41.101098992484694
29.020352341923072,41.104391581120005
29.022534119999964,41.1046600377243
29.022940099999964,41.10757231940143
29.021172113333332,41.10059762333335
29.026580700000036,41.105567606124275
29.018989813382372,41.10743919999989
29.017946189166697,41.10220143083337
29.02203620000003,41.107618818752734
29.019202304166647,41.107560276471816
29.02209962019705,41.107989608940834
29.02635255522348,41.106990667142824
29.021754377916658,41.10010755259127
29.025885874027008,41.105111402229525
29.02168570682541,41.100165764470894
29.023350493181855,41.099399486438834
29.024099566666713,41.107770000000045
29.023891862476194,41.107759699761935
29.02988484285712,41.0995319376923
29.01936121989662,41.107593604487214
29.027470140000002,41.10732989999993
29.025446299999977,41.09895011284212
29.01843240000003,41.101637399999944
29.026559956679808,41.10578675162141
29.025894899999933,41.098989998076895
29.019796500000012,41.101091209508574
29.02496699999998,41.1049993173077
29.022540049999964,41.10777991388237
29.024541690952397,41.09907187194446
29.027838200000033,41.10617098685897
29.02041991111109,41.10441047375824
29.021956533333327,41.10754886666671
29.026559957466507,41.10577984333329
29.019181450000016,41.1068774161748
29.01908921999994,41.10126029999995
29.016210349999938,41.104589306066124
29.022858435416705,41.099521077697226
29.029109201391833,41.10789864537141
29.02752923571431,41.10708687261908
29.026609849999936,41.10528010000011
29.0294899905618,41.10722996950136
29.023505523333334,41.10763072649265
29.023598573333288,41.099378546666706
29.022135524999996,41.10798029563891
29.02212879999997,41.10765950343966
29.022856934550273,41.10539101507931
29.025019116666677,41.10787559148232
29.02171940000003,41.100189750000084
29.02026338333328,41.105591759447094
29.02643999377067,41.106290309157
29.022872138749964,41.10519099545459
29.02419374999998,41.1077979999999
29.017149850000006,41.10347390000001
29.027284227571407,41.10793913384975
29.024907852857154,41.10789975078677
29.027236500000008,41.10793893277012
29.023590307246128,41.107651220608176
29.022235674999955,41.10768815621974
29.023420117999994,41.10760988642895
29.020589600925952,41.10570877570075
29.0273934983333,41.09953943259265
29.017186334999998,41.103426829722224
29.01851520833334,41.10157281666676
29.016239566666627,41.10456044403916
29.027554890194782,41.10536326478419
29.022370005972626,41.10787991898775
29.01833225555559,41.10178918888895
29.024113459999967,41.1077897577269
29.021553657678304,41.10030910422918
29.023573053333347,41.099273474085464
29.03112467380952,41.09978151267342
29.021883699999947,41.10747310078585
29.021535023412692,41.10024692777778
29.018730995000038,41.10141158499999
29.019961033333338,41.10534179999997
29.020705385000024,41.10574057142384
29.025259838571436,41.10782004761018
29.021939147619037,41.09998247142858
29.026206376388938,41.107738070147064
29.022800304166697,41.105501801298736
29.024188424786367,41.10486013927605
29.021626825000016,41.10716094259262
29.026159299999936,41.107800032505054
29.025607320000013,41.10780352925648
29.030196477777757,41.0996746333334
29.028638935845635,41.0997816582331
29.02300969999993,41.107570036860416
29.01637891978838,41.10443080870377
29.02616999383934,41.10780012733799
29.01956265000003,41.107650141458286
29.027866150000012,41.099894623829314
29.01732109999997,41.10324895833341
29.019930078821368,41.10471927750001
29.02886422150185,41.10707229533579
29.02245335453212,41.10464039781749
29.024838700000032,41.10783092859997
29.02204646249999,41.0999047625
29.020271626666645,41.10097524535711
29.01782237235933,41.10239469416216
29.01534069356519,41.10567925000003
29.025811574999974,41.10780020344439
29.022989500000005,41.099482589999944
29.022630299999967,41.10772975000006
29.016610333333336,41.10691106666664
29.02597470882552,41.10514043710448
29.028231119696038,41.10645888888887
29.023990899999987,41.10775470000003
29.02570880000002,41.10510406077853
29.025216242252323,41.09898490153085
29.02778590028241,41.10627008167961
29.021994906666645,41.107570833333305
29.021353599999987,41.100487268595906
29.01874061111109,41.10736045769794
29.020299200000018,41.1043895144781
29.031106408888853,41.099841546308625
29.02772487011905,41.099834696805566
29.019874066666713,41.1049137000001
29.01938015967004,41.107604451995606
29.02184770188887,41.1071666056349
29.024012828571443,41.10776306476194
29.025604908333335,41.10778186819035
29.026420296428586,41.106699289151585
29.01703218571427,41.10706057575701
29.022605482284362,41.106413633048426
29.026226783777773,41.10751302033336
29.019000824999953,41.107460233143456
29.02156000884617,41.10659962654023
29.016834706060546,41.10700926442013
29.02341720392152,41.10762004639144
29.025800172857124,41.10780002786298
29.021963363888876,41.107552506256155
29.026351499418656,41.10700222839283
29.029401500586072,41.09953180772959
29.030513996666656,41.09977865571432
29.023071966666638,41.107540117898516
29.025563339743595,41.10503071848487
29.029405842115622,41.099528909631815
29.01761355000001,41.10720864488122
29.018990016507374,41.107438513636254
29.02719965495672,41.09941310747116
29.027757699999967,41.10627239171787
29.027403957142837,41.09961963809529
29.01725876666671,41.10712896509736
29.03116992166671,41.09981040000007
29.023760050000025,41.107681508571474
29.031124474888138,41.0997797
29.017472462499935,41.1030286450001
29.017270256249976,41.10308495000003
29.020025924391526,41.10437294633503
29.023668992922055,41.107658933120774
29.021209788618634,41.10057006138436
29.023202691900632,41.10471173307949
29.021510000000024,41.10685997859221
29.017039989568627,41.103610108896184
29.02643838978461,41.106567931785705
29.029739999999958,41.09951999528855
29.02197263356946,41.104569982131395
29.02571060000001,41.10510410765353
29.025309532777786,41.0988976887302
29.023219050000026,41.10474001161532
29.023560440000047,41.10763995354465
29.020061800000022,41.10777900871206
29.017320799999965,41.10325040000008
29.021964425,41.10001978525636
29.022571173780143,41.1072032666667
29.02426181666671,41.104854613333366
29.023384295238053,41.10761607980244
29.02019956817653,41.1009899662301
29.026555595789443,41.10524992649198
29.017551675000018,41.10285219999997
29.017543203333346,41.10288316952379
29.02680999999997,41.10523000256413
29.015535861333333,41.10618845866665
29.02530088750003,41.107819198850336
29.02647279816016,41.10518606208021
29.026772209999976,41.09917480499995
29.026295813333356,41.099072724761896
29.021868900000012,41.10746020322588
29.02784581317461,41.106170017345065
29.02425268888891,41.10484943663596
29.026379853571413,41.105226833333326
29.01837948892774,41.10731961606976
29.01748313083333,41.10299740000005
29.022450066666632,41.10783938455347
29.02897037499997,41.10703036181822
29.01899974999994,41.107451433181815
29.02873798124995,41.09975590000005
29.030368522539693,41.09973520798944
29.022622079999973,41.10756940000003
29.02339005714282,41.10474997167461
29.02711824214288,41.09942856142859
29.022489733333295,41.09965993611106
29.02625528378139,41.10736949789916
29.022083600000027,41.099930787179545
29.022403776217253,41.10765005132134
29.02112690000003,41.10062999673477
29.020000499999988,41.1044206666667
29.023850003997012,41.09922993296038
29.026629561651756,41.10532028227021
29.025284426762827,41.10782016854205
29.015669999999936,41.10630000392152
29.02448519473687,41.1078500152873
29.02341720392152,41.10762004639144
29.027000748476745,41.105250163109275
29.02394785555559,41.099217918254006
29.02174849999999,41.10016605333342
29.01888961999998,41.10738983879797
29.02410646999997,41.10778936593325
29.031160183333338,41.09982960000008
29.02251023955496,41.10677201086469
29.028575326666687,41.10672510969386
29.026140099999974,41.107829850154445
29.0278317392857,41.09984557571426
29.026590443744464,41.10526003967418
29.03069839910718,41.099720085844076
29.02252939999996,41.10778589587426
29.029200511666673,41.107212946622106
29.016133658333327,41.10667048333331
29.02580173000001,41.10780126545711
29.016629153333334,41.10691573333331
29.015772700000003,41.10507660573359
29.016088471333322,41.10661665133338
29.027243820000038,41.10528292434661
29.028594471896493,41.106863549999964
29.023682799999992,41.10477760256412
29.02186239999997,41.10745076714284
29.02323580000002,41.10473136272994
29.022792666666646,41.10552234803033
29.016717974999995,41.10694784999996
29.02528653846155,41.105039603471845
29.028186264999984,41.10652536087299
29.03094738000006,41.09975299940471
29.026440893362313,41.10631959999996
29.022893224999994,41.107529856951004
29.021409555999966,41.100440372888954
29.023361000980334,41.10760557827443
29.023490000000027,41.10763009999998
29.021570065084983,41.10654999999998
29.016696950000004,41.10402698333338
29.02730223060714,41.1079400502696
29.022697673464904,41.10610957200977
29.02481229333336,41.09906735190479
29.026171791666705,41.09904128333338
29.02780499259989,41.10571000364576
29.021914968571426,41.10456000000011
29.02259998926763,41.10635347272727
29.02379093999998,41.10768983030562
29.0211345346753,41.105838868670574
29.02583255075755,41.107802915569124
29.01971993347084,41.1011100524112
29.029284680000004,41.107264882748915
29.028734540640997,41.09981044556113
29.026609183333267,41.10785985441955
29.023229286904716,41.099329348809526
29.024444373650823,41.10486998748044
29.02755118791666,41.10698547413423
29.020063093593095,41.10436001127412
29.029140000000055,41.107677315663295
29.029340045000037,41.10727956860068
29.020030015266745,41.10436992361065
29.024100000000047,41.10777007500005
29.017270256249976,41.10308495000003
29.02005002135386,41.104360700447074
29.015449039999993,41.10607654444445
29.031089326961837,41.09977998785523
29.022722619852342,41.105870278294134
29.019271533333384,41.10122007682005
29.018743458333365,41.1014053
29.022763806944432,41.10569155238101
29.021535634340943,41.10701265000006
29.01938812248678,41.10119055104499
29.01716891833332,41.10345805972222
29.020468015000024,41.10441077427413
29.0268535583333,41.107910020526475
29.027380758988105,41.10769141017857
29.020951800000024,41.10792938107145
29.02265979999997,41.09954889999998
29.024227924999995,41.10486835376868
29.02694413945868,41.09932639392927
29.023227258333282,41.10756973000003
29.02170043333328,41.10027970000008
29.023173340745323,41.09934012143715
29.024479839743616,41.107850017083486
29.028270997932896,41.0998792817317
29.029241080586708,41.107241376513564
29.023018566666682,41.10478079354169
29.02474012500003,41.10496902749996
29.01979960000002,41.10109014284195
29.020441439999978,41.10783306948405
29.016100533333304,41.10663007500011
29.027153986666676,41.10792994545892
29.027320001851873,41.10790042205831
29.02073739374998,41.10445332352376
29.02212999999996,41.10766000405014
29.021469800000013,41.100269656458885
29.030951528571478,41.09977048749997
29.023078064246036,41.10474784520479
29.024373704444475,41.10490637749997
29.029002522222196,41.09969013015874
29.02348606666669,41.107630133333316
29.0218199333333,41.10011039999995
29.02302040000005,41.10477976270837
29.022340036592038,41.10789994646211
29.016247633333332,41.104551266666675
29.0154221258333,41.10600905125001
29.025982699999943,41.10781998032828
29.02297980000004,41.10483005000011
29.02630229833332,41.10720198958848
29.023915940270385,41.10773004322664
29.031049754166705,41.0997719166666
29.01679976666669,41.10391550000004
29.02152000149046,41.106907951804644
29.030983188095274,41.09975378154758
29.022184452500017,41.10458156261046
29.02759271129763,41.10681818291668
29.01965881249998,41.10767547583337
29.028159486997346,41.0999374388492
29.022649999999928,41.10466005013517
29.021610004167684,41.106341776729735
29.02901019571432,41.10721999999996
29.022251159653077,41.107949416543235
29.02744555000001,41.1073934
29.017507959999968,41.10296806000003
29.019829602680687,41.101079850624316
29.023089234177473,41.10475430694165
29.021450000000037,41.10029016778902
29.018387340000007,41.10165839999993
29.031139170415727,41.09978381250003
29.022475166568583,41.1078177770418
29.027991918888887,41.10803998918274
29.02187997660248,41.107469067167614
29.026944805952397,41.107887170129004
29.019165474069247,41.101240018077895
29.019063041904765,41.10127022338562
29.02773021015146,41.10628998680045
29.026208874999995,41.10516997147922
29.02322954583328,41.09932979944445
29.023000177750646,41.10470964373323
29.025012854999996,41.10777792078884
29.01705996595794,41.10357002822385
29.026607466666604,41.10538169893243
29.02844629673315,41.106629312692405
29.023270000000014,41.1075699966667
29.019829602680687,41.101079850624316
29.016133658333327,41.10667048333331
29.01585969999998,41.106440200000016
29.018590966666657,41.10734990630155
29.02879563750003,41.10701026000006
29.02322448250006,41.09942643333331
29.029109594725163,41.107899835380096
29.019909901481466,41.10483038666676
29.021732600000014,41.10802994742644
29.01828250625002,41.10177427916672
29.016160400000008,41.104659505882324
29.01844281857144,41.107328849531385
29.0196165,41.10766907470241
29.025754275555556,41.10785084063604
29.020208328939475,41.104370115500444
29.019201500000026,41.10754109967511
29.026617710065857,41.105294410526355
29.020442729999985,41.10784417844314
29.031074380793648,41.0998499905394
29.01930463166665,41.107617044572855
29.02557591666661,41.098950414357276
29.031139733333376,41.09984500000005
29.021779493095256,41.107347746666726
29.020030675793645,41.10777246346681
29.0275510933333,41.10536075263414
29.02891897315478,41.108050042264374
29.024879619999975,41.107899392504166
29.015385846233777,41.10552637800862
29.021562535239163,41.106564599999956
29.01790128499998,41.10226813749996
29.02652994583339,41.10588176271846
29.019960103846206,41.104529799925224
29.02511607023808,41.107839988871554
29.030236273333312,41.09960762291664
29.02954929630955,41.09956662638885
29.025026743333306,41.10788524539293
29.02875568928573,41.10699527428573
29.01619807631945,41.10460340769234
29.020314900000017,41.10438731912699
29.02586677500004,41.10780104152969
29.021275999999965,41.105888568884154
29.025341320000006,41.10786976528434
29.017997649999995,41.10212336250001
29.026449984595246,41.10625613999998
29.0202788,41.10438101818191
29.020258400095187,41.105590944506574
29.02875547083335,41.10699721250001
29.019080227941195,41.107502266666614
29.029488594208207,41.107229122035335
29.021749041666702,41.10802976168074
29.01998400000001,41.10776022534269
29.02909726603956,41.107942625980385
29.023598965039685,41.10764265785392
29.029574684126995,41.09950014166659
29.024367384999977,41.107839788999826
29.025858281428604,41.10780002042932
29.01925110277775,41.107560177106734
29.022669810848047,41.10608604335639
29.021772736666648,41.10029961215309
29.0199922,41.107762625342765
29.02236889249998,41.107658079341014
29.022840000000045,41.10532659999996
29.024929260000025,41.0990307009361
29.022502724999995,41.09965433333328
29.017989999999976,41.10213999999997
29.01706066762461,41.10356984728368
29.024292249999966,41.10783133161612
29.02417428115936,41.10780764057969
29.021954933333312,41.107519502551725
29.031000287777783,41.0998496155394
29.02474590119045,41.104912338422544
29.031001886349223,41.09977016845235
29.020039802083332,41.10436067181991
29.026366210851094,41.107886847308635
29.019820560269235,41.10506882192311
29.02731502833335,41.10789999999998
29.028451866161713,41.1066336191924
29.02814186160258,41.09993398519484
29.027722321111096,41.10550907666668
29.024834497500006,41.10498050303035
29.021101087745127,41.107969932304
29.02738627060606,41.10766031929582
29.021510260000028,41.10603046666661
29.021136066666696,41.10062697173478
29.024024802777728,41.09928946666674
29.0230042846866,41.104710075105785
29.026281848245628,41.10518109699872
29.029463300000042,41.099559410000076
29.022039699999958,41.104569983107005
29.02875742708334,41.106979465000016
29.02246387666667,41.107634169935864
29.02304518653849,41.10752062595492
29.02641057999996,41.106767074999965
29.022380103809546,41.10462605095235
29.01646932499999,41.1068488365592
29.025823916666635,41.10512001998141
29.020546250000034,41.105688895070195
29.027135600000012,41.10790996205993
29.02647998179317,41.10642000000004
29.018205176825386,41.10187482317467
29.02638514967784,41.10688049735024
29.017412900000018,41.103115000000045
29.026028532857154,41.107846630737356
29.02769362851733,41.10643240891532
29.02208454999999,41.107630475476064
29.02633804866299,41.10706555714279
29.01683508333336,41.10387157254905
29.026372478809503,41.10522315511429
29.026508678888895,41.09914937912699
29.019884266666693,41.104898200000044
29.021022933333285,41.10450020834541
29.02426280000002,41.10782035056058
29.02623268333331,41.09906013866667
29.021549999999966,41.10664999687506
29.016440799999994,41.10436900000001
29.023559226666656,41.09937980499999
29.015899596113673,41.106470218433216
29.026450860024184,41.106352236993615
29.02415929999997,41.10779963333324
29.026940224999986,41.09926201256621
29.02289303444439,41.105049500000035
29.023312329999957,41.10475009834127
29.029112515429464,41.10753680174609
29.019492659999983,41.10762943400001
29.025753799999947,41.09896067747529
29.026199164345197,41.10769414999995
29.02160003333336,41.100219645833256
29.02904226133177,41.108000114606156
29.020070000000022,41.10436001127412
29.024909752857152,41.1078964758543
29.02646154410594,41.106377700000046
29.023012499999933,41.10757003717787
29.022826441666687,41.107520134456045
29.02811724,41.106364059999976
29.026116499999993,41.10516035833337
29.021409066785687,41.10593946089281
29.017755403749995,41.10723011396827
29.01534002779138,41.105738349999974
29.022767448809503,41.10752010468907
29.02280235516865,41.10547888999999
29.021860699999966,41.10745046714283
29.022207872548993,41.10459728527238
29.02865982777776,41.09977525871032
29.0246514355556,41.09911080500007
29.026366506822363,41.10695320575753
29.022600732393247,41.099636723170704
29.021208121647504,41.10797983420196
29.027959397200593,41.09993190983387
29.027328340878345,41.107896201617244
29.026449380994883,41.10633000000004
29.026168550000044,41.10780018038382
29.021448313333362,41.10029040903104
29.02161662424917,41.10625997857145
29.028367334999952,41.099897700000064
29.02073839374998,41.10445215255154
29.020515236666693,41.107847399752494
29.030029431904754,41.099627108809564
29.021039766666632,41.10450024125827
29.024938950000028,41.10499567500001
29.031023299999944,41.09976065000004
29.017887969999975,41.102292683729985
29.02779967723217,41.10613486632441
29.028754608333347,41.10685659285715
29.021324725000017,41.107999949301856
29.021159833333275,41.10060863560603
29.017111196249953,41.10352967060141
29.02560490000003,41.10787002858852
29.016180499999997,41.10667739999995
29.025026743333306,41.10788524539293
29.022742228490205,41.1057389
29.021246150980378,41.104511526620655
29.023466890333285,41.107619482417284
29.026619991083603,41.105348126853606
29.021619924561683,41.10623935000004
29.019212133333344,41.107550879166695
29.02164679722222,41.107196799999976
29.01534349569593,41.10583229999995
29.02216558785714,41.107976647454805
29.0202304222449,41.10437746008315
29.022625217142842,41.10466004821209
29.017553469285705,41.10285479607143
29.017724342582397,41.1025461071429
29.026923646495728,41.09931756245744
29.021967299999986,41.10754830000005
29.022742228490205,41.1057389
29.027699800792234,41.106409143484804
29.022921733333284,41.10499760000004
29.019941442159073,41.10460557499998
29.029859672698404,41.099579392446614
29.02586511706349,41.10780857685798
29.019930122571367,41.104734490476204
29.01643988416666,41.10437044166668
29.02821631499996,41.108021295000036
29.029025866666686,41.10800724999996
29.02920411999995,41.10721945447328
29.027320742737285,41.107891119529484
29.026225050714284,41.10513848286233
29.026507310000024,41.10790448615223
29.023380000000046,41.10759999999993
29.0264698519976,41.106181985000006
29.01761395000002,41.10271937500006
29.0294899905618,41.107229964784146
29.024268945873036,41.099151890357135
29.028754608333347,41.10685659285715
29.022519596687918,41.10671243750002
29.022629979999962,41.10466004424629
29.017589974048423,41.10280002977499
29.022772158542583,41.10468007485977
29.02263705460062,41.10620713354835
29.02647622756175,41.10641601818186
29.029109371327653,41.10783150566968
29.022961324999947,41.10487614595233
29.02490420000001,41.107899926141826
29.021148399999987,41.104510856317845
29.026769999999953,41.107910023663734
29.021535634340943,41.10701265000006
29.0276810954762,41.10647123
29.026246032272738,41.10753658333331
29.02192492892857,41.108002937291175
29.01940039629631,41.101189851531565
29.029014559523812,41.09971751571433
29.023752972146305,41.107693088759326
29.019424400000002,41.1076100512337
29.022408647678045,41.10786153280861
29.017079087569353,41.10355045592143
29.02110059999997,41.100626996734775
29.02313826488094,41.10757706166005
29.026240044125988,41.10748299916672
29.026580700000036,41.105568177209996
29.026140399999978,41.10782987486145
29.02011948142858,41.105528615082925
29.026200169345188,41.10766954999996
29.0242948796703,41.10488801938913
29.026751403888905,41.09923797833329
29.024120038585334,41.10485004245399
29.026559961213582,41.10575394166669
29.02630147763736,41.105201685383584
29.021870575000012,41.10455019999474
29.01991049047617,41.10479715357147
29.023996399999938,41.09929010000008
29.02251980423301,41.10669590000002
29.02304959999994,41.104769747874414
29.031129510476198,41.099800264660956
29.025489999999994,41.107809991424894
29.02232037302843,41.10790972412161
29.016319916428596,41.104469492222314
29.021548503333364,41.10606208166664
29.028820360981207,41.1080501947034
29.021130000000042,41.10062985673477
29.021673739999965,41.10022679999993
29.027400501249964,41.10530015206139
29.015415325833306,41.10600128374999
29.0261925622253,41.107743599999964
29.02384920399701,41.0992300151935
29.028831570000015,41.09972785619044
29.02956619047617,41.09950000666659
29.020179999999986,41.10436000821856
29.015378678450176,41.1059189960198
29.017059967624608,41.10357002811702
29.022717916666664,41.10467714445481
29.015501549999943,41.105368450549406
29.025373100000035,41.105052283333364
29.025066100000018,41.1050190181136
29.029107208377205,41.10789623078877
29.02051525000002,41.100891275000066
29.02939809250001,41.10725531335992
29.025132188461527,41.10503002704215
29.025489999999994,41.10780998688773
29.019301983333307,41.10757061760141
29.027709972211824,41.10636972555554
29.018998649999947,41.107450676515164
29.02535112727276,41.105052503125016
29.019089699999935,41.101259699999936
29.021929314285693,41.09998340500004
29.020417548148124,41.10441157711142
29.02030780380955,41.10561035412698
29.029943253388282,41.09954801098457
29.019130366666673,41.10125999999994
29.027700741666717,41.09979056074084
29.022334381666663,41.09978106055555
29.025944962857128,41.107843405163386
29.02397244378307,41.10478820796081
29.01580125435063,41.10504874818071
29.020585540740754,41.10570727864195
29.022789399999986,41.09954869999994
29.02286321999996,41.10759063855524
29.02788032020364,41.10619003401572
29.027583024999977,41.10538156757573
29.022254369358983,41.10794795515435
29.022582931045754,41.107763158531746
29.015591613809512,41.106250723497226
29.020211529202534,41.104370840707794
29.02649663499999,41.10784182433595
29.022491228921535,41.10780963489011
29.017256537142888,41.10712925873014
29.023491092499977,41.10761967376346
29.021490297956507,41.10694116125664
29.02641689642857,41.10672934790204
29.021114535416697,41.10796622961596
29.030236273333312,41.09960762291664
29.027530113333306,41.10534008774198
29.027849316666625,41.10628022854776
29.02751990000005,41.10712000000003
29.019570646874964,41.101149868984514
29.02256092051279,41.10651130000004
29.021510000000024,41.10679329999993
29.0236384866666,41.10767001061674
29.028460466666665,41.1080899458334
29.01777380750001,41.10247454999993
29.021431199999938,41.100298181147494
29.02455275000001,41.10785635425156
29.028081530000037,41.1080398939112
29.022770000000026,41.10764000292102
29.016314108333344,41.10447319972227
29.027880476666677,41.10628650328282
29.02251004223767,41.10696715263151
29.022697856798235,41.10593186800532
29.021966199999987,41.1075455666667
29.027538104166688,41.107052166666705
29.022496440000022,41.10464935674864
29.019696299999982,41.10768962499993
29.0294899905618,41.10722996058414
29.021641915185167,41.10719385
29.021460999999967,41.100279900000075
29.024046332619037,41.10482306090353
29.022002149999977,41.107999951416595
29.02023999999998,41.10438011818192
29.024706959999932,41.09903182666662
29.023515519999993,41.09939002020632
29.020623599999986,41.10786004287183
29.022537433333305,41.107779778490205
29.0212638,41.100542365294004
29.021350819999988,41.100491579095895
29.021429999999942,41.100299988179515
29.02288606870371,41.104981923333305
29.020271499999986,41.10438031262636
29.02880939142858,41.10690634142865
29.02426168958335,41.10485975839137
29.023184033333354,41.09943115611115
29.015364199999993,41.10588020666672
29.021429999999942,41.10030998927668
29.02544028874994,41.105019988730135
29.023696774999994,41.107660671548935
29.021810100000007,41.107377202777776
29.020418088214306,41.10565253107142
29.021727166666697,41.10018090000007
29.02158354583334,41.100226405227275
29.019293100000016,41.10121642194192
29.027976953106048,41.10626942426845
29.02777489983412,41.10598488133333
29.023519667816053,41.107631170196036
29.026372693482344,41.10670130833339
29.019919250000026,41.1052792500001
29.02954,41.09950000666659
29.02948999194091,41.10723006888075
29.01801052499998,41.10211110000001
29.021599949002784,41.106443542666696
29.021977966666658,41.107545225925975
29.026171791666705,41.09904128333338
29.021491400000045,41.100358833333274
29.027851075000026,41.10617712416674
29.02417999999993,41.10483000000011
29.02772939821431,41.10630565367663
29.022849474999973,41.10752003570604
29.023625190000025,41.107659033683376
29.021570362552556,41.10654544589371
29.02021004086391,41.104370016501456
29.027812734615406,41.09988090307698
29.027822870555543,41.106161332691784
29.024301196230134,41.10783688397874
29.029112071122057,41.10779626537928
29.027789078092695,41.10590847500001
29.021807350000028,41.107377249999985
29.02434271499999,41.09918755000008
29.028663200238057,41.10679165499993
29.02643838978461,41.106567931785705
29.027210437500045,41.10790995883826
29.024838700000032,41.10783092859997
29.02224947500003,41.10768957677527
29.019444033333357,41.10117972948689
29.030872868571393,41.099743317142874
29.01993205625003,41.10769680666668
29.027532439999973,41.105341265959645
29.022781649999946,41.10555626666664
29.02267090941947,41.10607903399554
29.02152005587615,41.106991434841326
29.026331825000042,41.10782824987567
29.01924359999998,41.10756057837658
29.022340036592038,41.10789994646211
29.017837850000006,41.10236454999998
29.027000748476745,41.105250163109275
29.02948999223606,41.1072299616247
29.01913140000001,41.101259004166614
29.02561430502002,41.10507698826181
29.01862833333332,41.1014885
29.021590327891786,41.10615914047614
29.020454162195133,41.10091814483313
29.02948999223606,41.107229962509656
29.02660642903223,41.10519122632669
29.027778125583815,41.10597160988093
29.025373100000035,41.105052283333364
29.021450040300454,41.10028992759758
29.030719592142837,41.09972607083329
29.02887104000006,41.10708111000011
29.016380588936283,41.10442903100575
29.024100000000047,41.10777007500005
29.029109794660982,41.107828801526814
29.026141749999994,41.107807300480815
29.02701555919046,41.10789264657468
29.019201883333302,41.101230756157484
29.021769366666632,41.10455000923893
29.026325249999953,41.10788086193605
29.023723119999964,41.107672544470006
29.022013100000013,41.107599621078364
29.026159799999938,41.1077998652054
29.017599998148157,41.1027408386363
29.020049409911778,41.104360011085184
29.023894946899688,41.09931588496059
29.01675459761901,41.10697309880948
29.028090415541136,41.10803819057871
29.02735726233998,41.1078590506328
29.023712897499987,41.10767038308241
29.015343521139226,41.10566734193553
29.016104466666647,41.10663267500007
29.022630699999972,41.10626350000001
29.026074366666716,41.10511901866673
29.02780998892664,41.10571576757436
29.027715989444406,41.10550429999999
29.024834497500006,41.10498050303035
29.019999983333317,41.10441079553765
29.028569782605032,41.10683937200981
29.023000177750646,41.10470964373323
29.02163482250001,41.100176363690515
29.024656375000028,41.10789000286958
29.01864951833328,41.10735990370368
29.021530082807047,41.100380273983795
29.020918655952386,41.1057899111174
29.016060099999958,41.10477955000004
29.022851498119625,41.1052759400001
29.026280123753686,41.10726174583328
29.021065189999973,41.10450020479351
29.019957691150818,41.10453739378905
29.023195579166682,41.10755499277778
29.021499992540072,41.10695290571428
29.021499988275654,41.106954675350096
29.01707971723603,41.10354959136587
29.027270030000032,41.10790983659268
29.02776944741649,41.105580266666614
29.01992107574077,41.104766795
29.019927698095234,41.10105920870982
29.028367334999952,41.099897700000064
29.017588938215095,41.102801571024976
29.019625135730866,41.1011303894052
29.0246513333333,41.10489999999992
29.015377571599014,41.10591732646466
29.030230739999975,41.09959943583333
29.02230398000003,41.10460869655841
29.022188479999997,41.107975027389564
29.022562753846163,41.10650200000002
29.027778850277958,41.105603893734425
29.02914999133882,41.107495749999956
29.016790972916688,41.103925472500066
29.022082411666688,41.10762001161852
29.01637891978838,41.10443080870377
29.02451999652253,41.107850017210374
29.022946394444453,41.10490556666661
29.024623799999976,41.104952543901064
29.01534999660877,41.10584441513889
29.022330849901923,41.107661947435155
29.018157499999994,41.101939950000016
29.0185418,41.10155634346317
29.018738311111097,41.10736025235606
29.02852642948723,41.099844201190415
29.02348380000002,41.107628166666636
29.01708007523603,41.103549275365864
29.025279000000026,41.105039858554434
29.02753512750002,41.10704310500004
29.027589145000015,41.10683260000006
29.025173729999995,41.10781710511024
29.01933584666665,41.10757969999996
29.021580385802498,41.10709657004273
29.026141749999994,41.107807300480815
29.016908266666643,41.103775500000054
29.018780495000005,41.107369900000066
29.029145939087297,41.0996561184646
29.020050007828445,41.104360009865665
29.030718217162743,41.099719850129794
29.026028532857154,41.107846630737356
29.02733947362642,41.09958257408423
29.023544205091948,41.10763157910374
29.019062900000044,41.107491033333325
29.02153000660448,41.10671990345815
29.02643934791666,41.09912006141119
29.02020968994373,41.10436973917006
29.020075046984097,41.10549684037037
29.025733399999968,41.10511142589284
29.016620149999994,41.10415984999995
29.01699936000001,41.10365402948725
29.027043700000025,41.09931947615074
29.01969000000005,41.101119999999916
29.02058445978834,41.10086513712585
29.027383464791697,41.10767861712738
29.025696638214278,41.09890456566017
29.026559957466507,41.10577986928569
29.02333353333332,41.10474001161532
29.02271382,41.10766945402301
29.019059401904787,41.10126972755229
29.027001099999957,41.10788990625011
29.027230599940467,41.10790995824303
29.03107368063492,41.0998499905394
29.02948999194091,41.10723006888075
29.020709602222198,41.10787044000848
29.02348905499996,41.10762047197776
29.022742228490205,41.1057389
29.030094307629888,41.09957649656518
29.021450515300458,41.10028987908748
29.015923388459406,41.10491320397058
29.027255400000016,41.09950713655683
29.027327979746165,41.10789987072405
29.027320203333353,41.10789012024276
29.015690157727377,41.10632009034973
29.022251418333322,41.107948024043225
29.031081877348505,41.099779988311695
29.0219934333333,41.107572858333285
29.016877733333295,41.103805575000024
29.02660002686671,41.10544076307564
29.02682621666664,41.107910023663734
29.026606806728186,41.10527770893116
29.024949199999995,41.10783977252637
29.015359742267652,41.10590000000001
29.02644947665093,41.10632980000003
29.020170670619077,41.105541268585895
29.028152100000028,41.10640250000002
29.025667768333346,41.10779447142846
29.0244552233333,41.104932688229226
29.021931633333335,41.10750912661618
29.021856770396994,41.10725890476186
29.02639336333334,41.10523121811967
29.02371176111108,41.10476130391975
29.022619937519668,41.10629792708526
29.029090083333337,41.107979533854866
29.017265579861103,41.10334462013893
29.02083360785712,41.10576980374998
29.026350496153896,41.10703002000003
29.020100219736875,41.10551010089646
29.020308789999973,41.10782535756334
29.027420064011572,41.10750980584854
29.02975257243504,41.09954793660718
29.024855862499994,41.10492195286681
29.02911747583333,41.09966241297616
29.019159949999974,41.101240276411225
29.026459618724047,41.106380000000065
29.02034939999994,41.10782848614514
29.01828250625002,41.10177427916672
29.022519984424317,41.10667040000003
29.021602983333356,41.10021748083328
29.023170599999972,41.09934469615394
29.027743556818127,41.10629355910685
29.024849327499997,41.10498050303035
29.022705216666676,41.09959517070402
29.017605650000018,41.1072100453119
29.01703998956862,41.10360598965625
29.022753541865097,41.105680097222205
29.022370005972626,41.10787991898775
29.027710017142144,41.10635057476192
29.017484686250018,41.10299810000005
29.024105449999976,41.10778908850467
29.026601283680066,41.10542814161226
29.02227854111113,41.10460332578007
29.022528883238287,41.10663143684217
29.027644983333285,41.09980116999997
29.0199722701389,41.10775752591098
29.015899699339478,41.10647082811063
29.02316128269479,41.09934334912637
29.027580003317738,41.10687000000004
29.021649032790425,41.107197239207935
29.025174941111104,41.09891375551589
29.024952899999988,41.10785261246875
29.016779880000026,41.103940250000015
29.020182815476172,41.10436050085774
29.022681300000023,41.107688431923016
29.02415727999996,41.10481988232143
29.022547800000012,41.09961760111111
29.025105163414004,41.10783069634428
29.026308341666677,41.10718957
29.02738889916664,41.105300448236974
29.021579791851895,41.10709173203701
29.021471438627437,41.10452910660771
29.023924375000032,41.10771160697892
29.01699936000001,41.10365402948725
29.02506691249998,41.099001410425984
29.01581457390323,41.10637399014305
29.020208328939475,41.104370115500444
29.022510139313255,41.106993966666735
29.021516480000013,41.10603731999995
29.023362800000022,41.10759080236575
29.022702464722236,41.10467282098959
29.021677223529394,41.1045500095747
29.019399399550274,41.10119005159645
29.021230599999964,41.100560045510164
29.022906358333344,41.107529714909376
29.02482841818185,41.10785929115456
29.015699378833297,41.10633006767212
29.02251003986109,41.10697068947362
29.023707597619033,41.09925600285719
29.02414725000004,41.10778960732867
29.025146552500004,41.1078692150188
29.026224173829064,41.10751804200001
29.026098975000004,41.10516018298151
29.023742399999975,41.09935039999996
29.025751399999944,41.09896067747529
29.021540488050004,41.106668893750026
29.019820599999985,41.105123366666724
29.019204700000028,41.10753359967511
29.02660047005213,41.10543009731148
29.02268338521108,41.10602646577263
29.023685659259606,41.10766998155783
29.02047887499997,41.10783724509807
29.026271424999976,41.10519963896807
29.023760050000025,41.107681508571474
29.02569870000001,41.10779999999989
29.025934131794852,41.107819972560144
29.022712128055556,41.105872743333336
29.01547492785716,41.10611489280755
29.022713951587303,41.10467540532906
29.024100000000047,41.10777007500005
29.018323207692315,41.10731219999997
29.021098766666636,41.100631896734775
29.02116029999995,41.10060788560603
29.02704044052383,41.10789735864022
29.02185944820904,41.10744664327885
29.02733947362642,41.09958257408423
29.021670225000047,41.10723345000004
29.023592197817415,41.10764101487293
29.019980136111133,41.10446882296092
29.02384920399701,41.0992300151935
29.01791300999995,41.10224928499998
29.02148900000004,41.10026994145198
29.024031407575734,41.10774733795941
29.020409500000042,41.105650199999985
29.027449508333365,41.107374725000064
29.02658000000004,41.10562286476192
29.015549371457144,41.10620884005395
29.0160690233333,41.10475918333337
29.02892805000002,41.107134019792596
29.021590327891786,41.106157546428534
29.02360239999999,41.10765067059519
29.02188553666662,41.10000689333339
29.02812167499997,41.10646100555553
29.022301161470615,41.10791757990818
29.02731502833335,41.10789999999998
29.025173729999995,41.10781710511024
29.02161000816768,41.106395975000005
29.01708063220572,41.10354918407895
29.01911097500001,41.107511220833274
29.015890100000007,41.104950017861974
29.020409500000042,41.105650199999985
29.019337184642826,41.101200990889886
29.020630799999985,41.1078604246195
29.019929149999975,41.10106022638693
29.026824840972196,41.105230519365904
29.025734299999968,41.10511152589284
29.02867450000002,41.10691767500006
29.02655995728981,41.105782842301586
29.021590404277866,41.1061401857143
29.029405900000047,41.10725246268917
29.02718012898166,41.105280016013296
29.02517950000005,41.107829762458074
29.022671123809477,41.107365324999975
29.022753541865097,41.105680097222205
29.015997763222217,41.106570424738074
29.02010557500003,41.10100958711536
29.024728289047594,41.10490841799243
29.02177179309525,41.107341345000016
29.025728149999978,41.10511002965277
29.02348477499998,41.104741484293164
29.017962638333344,41.10218694916671
29.027850066666623,41.10628011769839
29.02150101166668,41.1080172883162
29.018320800000012,41.10173479791666
29.015695977499973,41.105162283333364
29.023657390000007,41.10476006995051
29.017220960555584,41.10339874499998
29.022820080000017,41.10760996014925
29.026270616129008,41.10729676282017
29.02419017754278,41.104860176049996
29.029220199999937,41.10722021844153
29.015900171920126,41.106472856013845
29.029112846122075,41.10779034285712
29.028330346666717,41.10802999559314
29.02826483333336,41.10647826404758
29.023960053333305,41.09922997833337
29.020063093593095,41.10436001127412
29.023368011111064,41.10474997167461
29.027611966666722,41.09974822499995
