Longitude,Latitude
29.027509999999996,41.09969
29.01999,41.10444
29.01794,41.10221
29.01567,41.10518
29.02101,41.10581
29.02187,41.10801
29.02161,41.10634
29.02152,41.10689
29.02441,41.09918
29.02138,41.10453
29.02131,41.10051
29.02296,41.1047
29.0232,41.09943
29.02265,41.10466
29.01536,41.10559
29.02089,41.107910000000004
29.02544,41.09895
29.02913,41.10776
29.02683,41.10791
29.024390000000004,41.107839999999996
29.03117,41.09981
29.024970000000007,41.10785
29.020042,41.101024
29.0277,41.10642333333333
29.02512,41.09892
29.01631,41.10676
29.028939999999995,41.10714
29.02164,41.10025
29.02484,41.10786
29.026209999999995,41.105169999999994
29.01684,41.10701
29.01546842105264,41.10542157894737
29.02281,41.10543
29.025110000000005,41.10783000000001
29.026370000000004,41.09909999999999
29.02462,41.10786
29.01713,41.10709
29.02732,41.1079
29.02462,41.10786
29.021060000000002,41.10582
29.02915,41.10751
29.02221,41.09985
29.01536,41.10562
29.027119999999996,41.10792999999999
29.02161,41.10627
29.02606,41.10783
29.02389,41.10773
29.020039999999998,41.10435999999999
29.02342,41.10761
29.0231,41.10757
29.025985,41.107845
29.02667,41.10786
29.02634,41.10516
29.027209999999997,41.09942
29.02348,41.10476
29.019,41.10745
29.01949,41.10116
29.02598,41.1051
29.015359999999998,41.105880000000006
29.02184,41.10801
29.02406,41.10483
29.02709,41.10527
29.02635,41.10703
29.02869,41.10682
29.02186,41.10745
29.02619,41.10774
29.021259999999998,41.100545
29.02904,41.10709
29.026570000000003,41.10569
29.015859999999993,41.106440000000006
29.02301,41.10757
29.024469999999997,41.10494
29.01988,41.10521
29.02253,41.09967
29.01568999999999,41.10632000000001
29.018330000000002,41.10173
29.02276,41.10752
29.01772,41.10255
29.02062,41.10572
29.019149999999996,41.10753
29.020030000000002,41.10437
29.02914,41.10767
29.020040000000005,41.10436
29.021974444444442,41.100004444444444
29.02949,41.10723
29.01705,41.10358
29.028800000000004,41.1069
29.02605967213114,41.10782983606558
29.0275,41.1072
29.022519999999997,41.10667
29.02318,41.10756
29.026439999999997,41.106559999999995
29.02901,41.10722
29.024792272727282,41.10785999999999
29.02123,41.10056
29.02392,41.09931
29.02912,41.10778
29.020120000000002,41.10779
29.02403,41.10776
29.01594,41.1049
29.03115,41.09979
29.01982,41.10509
29.023710000000005,41.10767
29.01711,41.10353
29.02733,41.1079
29.02517,41.09899
29.02276,41.0995
29.024160000000002,41.104859999999995
29.02743,41.10795
29.02271,41.10597
29.02367,41.09937
29.024850000000004,41.107899999999994
29.028090000000002,41.10635
29.024635,41.10789
29.02949,41.10723
29.02491,41.10499
29.026589999999995,41.10554
29.02332,41.1076
29.0264,41.1068
29.02128,41.10452
29.019116666666665,41.10126
29.030769999999997,41.09973
29.024970000000003,41.09895
29.026180000000004,41.107780000000005
29.02156,41.10707
29.02123,41.10798
29.01949,41.107625
29.02917,41.09964
29.01993,41.10775
29.03115,41.09979
29.01722,41.1034
29.025581785714284,41.10508035714287
29.0211,41.10063
29.01538,41.10592
29.02118,41.10585
29.02864,41.09978
29.02178,41.10009
29.01673,41.10696
29.02909,41.10798
29.02452,41.10785
29.01864,41.10736
29.02288,41.1047
29.02657,41.10525
29.01772,41.10255
29.02252,41.10671
29.02561,41.10778
29.01536,41.10562
29.02848666666667,41.10808333333333
29.027920000000005,41.10623
29.02909,41.10735
29.02778,41.10612
29.022579999999994,41.10466
29.02035,41.10783
29.02657,41.10525
29.01717,41.1071
29.02828,41.09988
29.0215,41.10693
29.01792,41.10727
29.023039999999998,41.09938
29.02004,41.10545
29.0231,41.10475
29.021750000000004,41.107330000000005
29.02087,41.1079
29.02066,41.10573
29.02159,41.10712
29.025819999999996,41.1078
29.02964,41.09951
29.02164,41.104549999999996
29.02949,41.10723
29.02766,41.10657
29.02216,41.10767
29.01895,41.107420000000005
29.02167,41.10018
29.01572,41.10634
29.02213,41.10766
29.029130000000002,41.107760000000006
29.023839999999996,41.10479
29.02302999999999,41.104710000000004
29.03045,41.09967
29.025989999999997,41.1078
29.016370000000002,41.104434999999995
29.027209999999997,41.10790999999998
29.02473,41.10784
29.02012,41.10779
29.01892,41.1074
29.02314,41.10472
29.02575,41.09891
29.01836,41.10169
29.02143,41.1003
29.02436,41.107845
29.019259999999992,41.101220000000005
29.017815,41.1024075
29.02677,41.10522
29.02739,41.10795
29.01538,41.10592
29.015509999999992,41.106149999999985
29.02339,41.1076
29.02758,41.10687
29.01930000000001,41.10756999999998
29.01864,41.10736
29.02107,41.1045
29.020065000000002,41.10436
29.0275,41.10533
29.03017,41.09959
29.02188,41.10001
29.02796,41.10634
29.02781,41.106139999999996
29.022342,41.107672
29.01963,41.10113
29.01536,41.1059
29.023427096774185,41.09940000000002
29.01745,41.10305
29.017625000000002,41.1027
29.02828,41.10649
29.02949,41.10723
29.0306,41.099795
29.02523,41.10782
29.0229225,41.105
29.02934,41.10728
29.02188,41.10747
29.02041,41.10565
29.01606,41.1066
29.02661,41.10538
29.02608,41.10784
29.027559999999998,41.10696000000001
29.023,41.10471
29.027419999999996,41.10751
29.024649999999998,41.1049
29.024150000000002,41.10779
29.02091,41.10792
29.02497,41.105
29.02911,41.10783
29.02158,41.10651333333333
29.02042,41.10441
29.02779,41.1059
29.01819,41.10731
29.02408,41.10777
29.02201,41.1076
29.02359,41.10475
29.023249999999994,41.10474
29.02949,41.10723
29.020723333333336,41.10787333333334
29.01545,41.10608
29.024949999999997,41.107839999999996
29.02197,41.09996
29.02941,41.09953
29.02232,41.10461
29.0207,41.10574
29.02658,41.10563
29.03116,41.09983
29.02507,41.10784
29.02301,41.104785
29.02193,41.10456
29.02274,41.10572
29.026589999999988,41.105540000000005
29.02152,41.10691
29.02556,41.10787
29.02146,41.10028
29.02664,41.10791
29.02673,41.09923
29.0206,41.10786
29.02252,41.106696666666664
29.02279,41.10553
29.02809,41.09989
29.02557,41.09895
29.02257,41.10648
29.02529,41.09896
29.02155,41.106645
29.015339999999995,41.10568
29.0201,41.10551
29.025179999999995,41.10783
29.02616,41.10781
29.025640000000003,41.09895000000001
29.01572,41.10513
29.02344,41.10761
29.01792,41.10727
29.02873,41.10684
29.0269115625,41.1052403125
29.01534,41.10579
29.0263,41.1052
29.02808,41.10804
29.01711,41.10353
29.024865,41.10783
29.02553,41.105070000000005
29.02172,41.10019
29.01561,41.10626
29.01926,41.10122
29.02392,41.09931
29.02656,41.10578
29.02945,41.09951
29.023410000000002,41.10761
29.02644,41.1063
29.02332,41.10759
29.0291,41.10785
29.022630000000003,41.10623
29.02524,41.10782
29.02611,41.10781
29.01722,41.10712
29.02143,41.1003
29.02302,41.10478
29.02759,41.09976
29.02045,41.10092
29.02119,41.10058
29.02583,41.10508
29.02713,41.10527
29.02859,41.10807
29.02135,41.10049
29.02617,41.1078
29.025420000000015,41.105059999999995
29.0245116,41.1048804
29.02614,41.10786
29.027631666666665,41.10666333333334
29.027299999999993,41.10790999999998
29.01775,41.10251
29.02161,41.10028
29.03108,41.09978
29.01985,41.10517
29.02452,41.10785
29.02227,41.09981
29.02452,41.10494
29.030109999999997,41.09958
29.01841,41.10166
29.022949999999998,41.10753
29.02644999999999,41.106350000000006
29.02636,41.10522
29.03032,41.09972
29.022839999999995,41.10533
29.02433,41.0992
29.02828,41.10659
29.023839999999996,41.1077
29.02645,41.10633
29.028730000000003,41.106840000000005
29.01757,41.10283
29.02493,41.09902999999999
29.026169999999997,41.1078
29.023080000000004,41.10475666666667
29.02936,41.09954
29.02233,41.09978
29.02848,41.10665
29.02128,41.10589
29.02754,41.10798
29.026251666666667,41.10514033333331
29.02507,41.10502
29.01606,41.10478
29.01758999999999,41.1028
29.02063,41.10786
29.0248,41.10492
29.0156,41.10525
29.02143,41.10031
29.02543,41.10782
29.01657,41.10689
29.02637,41.10693
29.02572,41.1078
29.02782,41.10627
29.022853333333334,41.10469333333333
29.02376,41.10768
29.02287,41.10521
29.02131,41.10051
29.02273,41.10741
29.02105,41.10066
29.01708,41.10355
29.02949,41.10723
29.020765,41.10446
29.025379999999995,41.09888999999999
29.02578,41.10511
29.028639999999996,41.106897499999995
29.02773,41.10552
29.026349999999997,41.107829999999986
29.02659999999999,41.10549000000001
29.0193875,41.10761
29.02754,41.10705
29.019460000000002,41.107614999999996
29.02649,41.105180000000004
29.01554,41.10531
29.02418,41.10483
29.02472,41.09909
29.028939999999995,41.10714
29.029139999999998,41.107469999999985
29.02192,41.09999
29.02269,41.10601
29.019569999999998,41.10115
29.02003,41.10437
29.022820000000003,41.10539999999999
29.02334,41.0994
29.01648,41.10432000000001
29.02419,41.10486
29.02288,41.10518
29.02677,41.10522
29.022755000000004,41.107522499999995
29.02712,41.09943
29.02983,41.09955
29.021781666666666,41.108019444444444
29.027670000000004,41.1065
29.02732,41.10529
29.019940000000002,41.10465
29.02737,41.10779000000001
29.03094,41.09985
29.01554,41.10531
29.02502,41.10496
29.023389999999996,41.1076
29.025831666666672,41.10508033333335
29.02096,41.107932500000004
29.02142,41.10801
29.02074,41.10446
29.02058999999999,41.104429999999994
29.026460000000007,41.106199999999994
29.03117,41.09981
29.0205,41.10442
29.02237,41.10788
29.027789999999996,41.10627
29.02119,41.10058
29.02296,41.10488
29.022860000000005,41.10524000000001
29.02511,41.10783
29.015429999999995,41.106019999999994
29.02735,41.1078875
29.021910000000002,41.10748
29.020069999999993,41.10778
29.02258,41.10725000000001
29.0194,41.10119
29.01648,41.10432000000001
29.01545,41.10608
29.02549,41.10781
29.02371222222223,41.104760370370364
29.02622,41.107580000000006
29.02265,41.10771
29.01703,41.10706
29.02732,41.1079
29.01586,41.10644
29.028900000000007,41.108050000000006
29.020865,41.10074
29.017855,41.1023375
29.02809,41.10643
29.02436333333333,41.10490333333333
29.02272,41.10585
29.016995,41.103655
29.01845,41.10162
29.02742,41.0996
29.02764,41.10542
29.024499999999996,41.107870000000005
29.01709,41.10354
29.019847142857138,41.10772285714285
29.02728,41.10794
29.0263,41.10721
29.02638,41.10687
29.0185,41.10159
29.02749,41.10724
29.01913,41.10752
29.01932,41.10758
29.022319999999997,41.10461
29.02281,41.10547
29.02049999999999,41.10442
29.02569000000001,41.10786000000001
29.02794,41.10804
29.02152,41.10688
29.0199,41.10486
29.02247,41.10782
29.020040000000005,41.10436
29.0232,41.09943
29.024344999999997,41.1078325
29.02153,41.1067
29.02182,41.10455
29.01903,41.10748
29.0262675,41.10733749999999
29.021489999999996,41.100359999999995
29.01718,41.10343
29.02114,41.10584
29.01984,41.10772
29.02649,41.10518
29.02118,41.10059
29.0215,41.10693
29.02464,41.09911
29.01544,41.10545
29.025444999999998,41.10781
29.0154,41.10549999999997
29.02907,41.10732
29.0273,41.10791
29.02911,41.1079
29.01896,41.101295
29.02167,41.10723
29.024925000000003,41.1049925
29.029379999999996,41.10727
29.020339999999994,41.105619999999995
29.026319999999984,41.10788000000001
29.021380000000004,41.10453
29.01619,41.10668
29.01815,41.10194
29.02292,41.1047
29.0248,41.10492
29.0219,41.10456
29.02661,41.10528
29.02273,41.10468
29.022750909090902,41.10764954545455
29.02854,41.10807
29.01572,41.10513
29.02958,41.09954
29.02105,41.104500000000016
29.02697,41.09927
29.02171,41.10015
29.01992,41.10528
29.02781,41.10571
29.02283,41.10536
29.02944,41.10724
29.02914,41.10747
29.02457,41.10786
29.02328,41.10474
29.02758,41.10687
29.02597178571429,41.10514035714284
29.0236,41.09927
29.02007,41.10778
29.0176,41.10274
29.02556,41.10504
29.02265899999999,41.10756033333332
29.02959,41.0995
29.02642,41.1067
29.01739999999999,41.10313999999999
29.02309,41.10472
29.02866,41.09983
29.02601,41.09894
29.03082,41.09974
29.020660000000003,41.10573
29.02480375,41.10498
29.01534,41.10579
29.024,41.1048
29.02143,41.1003
29.02151,41.10802
29.02627,41.10733
29.02755,41.10701
29.016269999999995,41.104530000000004
29.01805,41.10207
29.02128,41.10799
29.026110000000003,41.107830000000014
29.02864,41.10807
29.02321,41.10756
29.01569,41.10632
29.02529,41.10782
29.02123,41.10056
29.01931,41.10121
29.02161,41.10622
29.02656,41.10578
29.02256,41.10651
29.021719999999995,41.10019
29.02258,41.10466
29.026204999999997,41.107655
29.02299,41.1048
29.02497,41.10789
29.02088,41.10448
29.01818,41.1019
29.0266,41.10542
29.0248,41.09907
29.02154,41.10703
29.01993,41.10106
29.03077,41.09973
29.02153,41.10672
29.016989999999996,41.10366
29.031,41.09985
29.01594,41.1065
29.02771,41.10636
29.02237,41.10788
29.015719999999998,41.10512999999998
29.02154,41.10669
29.02181,41.10007
29.02781,41.10574
29.0275,41.10533
29.01639,41.10442
29.02732,41.10789
29.01659,41.104205
29.02138,41.10453
29.0262,41.10767
29.02901,41.10722
29.0176,41.10277
29.01944,41.10118
29.02659,41.09918
29.019525,41.10115
29.022543076923075,41.104650769230766
29.02135,41.10591999999999
29.03086,41.09974
29.02661,41.10786
29.02014,41.10554
29.02758,41.10538
29.026360000000004,41.10697
29.0232,41.09942999999999
29.02732,41.09951
29.0263,41.10721
29.02251,41.10682
29.02416,41.10486
29.02777,41.10558
29.028075,41.10642
29.02989,41.09956
29.03112,41.09978
29.02608,41.10512
29.02507,41.10784
29.028970000000005,41.10703
29.02467,41.10787
29.03116,41.09979
29.02771,41.10549
29.024415,41.099115
29.02705,41.10526
29.02004,41.10436
29.02265,41.10465999999999
29.0274,41.09961666666666
29.02265,41.10466
29.024,41.1048
29.01878,41.10737
29.02737,41.09956
29.02143,41.1003
29.0273,41.09955
29.02231,41.10768
29.02272,41.10753
29.02313,41.10755
29.02764,41.10663
29.02285,41.10528
29.03117,41.09979
29.02848,41.10677
29.02727,41.10791
29.02295,41.1049
29.01567,41.105180000000004
29.023840000000003,41.10770000000001
29.02544,41.10787
29.01704,41.1036
29.0205025,41.105677500000006
29.02292,41.10749
29.024620000000006,41.10785999999999
29.0226,41.10759
29.02557,41.10781
29.024198260869554,41.10781913043476
29.02917,41.09964
29.02303,41.10754
29.02282,41.10761
29.02569,41.10786
29.02226,41.10769
29.02659,41.10526
29.02264,41.10619
29.02662,41.10534
29.02155,41.10454
29.02255,41.10718
29.02271,41.10588
29.02764,41.0998
29.02246,41.0997
29.025319999999997,41.09889666666667
29.017789999999998,41.107240000000004
29.018970000000003,41.10742
29.026190000000003,41.10771999999999
29.0236,41.09927
29.02428999999999,41.107830000000014
29.0227,41.10591
29.022573333333337,41.10646666666667
29.0203,41.10561
29.01567,41.1063
29.015830000000005,41.10642
29.02024,41.10438
29.02949,41.107229999999994
29.02266,41.10756
29.02433,41.10486
29.02158,41.10023
29.02742,41.09963
29.01658,41.10422
29.02779,41.10627
29.01972,41.10111
29.02732,41.09951
29.02439,41.099185
29.02175,41.10011
29.02414,41.10482
29.02265,41.10735
29.02915,41.10759
29.01726,41.10713
29.029250000000008,41.10725000000001
29.028360000000003,41.10655
29.02423,41.10487
29.02769,41.10645
29.02734999999999,41.10789
29.02736,41.09959
29.01653,41.10686999999999
29.02167,41.10455
29.01687,41.10383
29.02777,41.10558
29.02895,41.10805000000001
29.017170000000004,41.1071
29.025735,41.09896
29.01874,41.10736
29.02241,41.10463
29.02316,41.10755
29.02211,41.09987
29.017680000000006,41.10263000000001
29.01577,41.10638
29.03068,41.09981
29.019940000000005,41.10465
29.01552,41.105349999999994
29.02628,41.10726
29.02677,41.10522
29.02241,41.10765
29.02507,41.10784
29.02732,41.10529
29.02911,41.10781
29.02936,41.09954
29.019,41.10745
29.028270000000003,41.10803
29.01811,41.10199
29.027230000000003,41.1079375
29.0291,41.10787
29.016950000000005,41.10370999999999
29.02646,41.10524
29.019975000000002,41.105365
29.02625,41.10514
29.023719999999997,41.10476166666667
29.02907,41.0997
29.01718,41.10343
29.02145,41.10029
29.02662,41.1053
29.016334999999998,41.106775
29.02037,41.10564
29.02949,41.10723
29.0236,41.10765
29.026550000000007,41.10582999999999
29.02189,41.10748
29.01934,41.1012
29.02191,41.10748
29.024469999999997,41.10494
29.024510000000003,41.10488
29.01747,41.10303
29.02339,41.10474
29.022589999999997,41.10641
29.02895,41.10805
29.02116,41.10061
29.02443,41.10785
29.02298,41.10753
29.02142,41.10801
29.02164,41.10719
29.02632,41.10788
29.02234,41.1079
29.02156,41.10024
29.02207,41.10457
29.02002,41.10438
29.021139999999995,41.10583999999999
29.02042000000001,41.107829999999986
29.029306666666667,41.09957
29.016790000000004,41.10699
29.026398,41.106807999999994
29.02721,41.10790999999999
29.02616,41.10780999999999
29.02178,41.10009
29.02154,41.10605
29.02856,41.10683
29.01925,41.10756
29.02185999999999,41.10744
29.02334,41.0994
29.02645,41.10633
29.01705,41.10358
29.02155,41.10031
29.01985,41.10495
29.02248,41.10763
29.01622,41.10457
29.02154,41.10033
29.02858,41.10673
29.02193,41.10456
29.01679,41.10699
29.022475,41.1078175
29.02447,41.10494
29.0277,41.09982
29.01683,41.10388
29.02293,41.0995
29.02831,41.10651666666667
29.027489999999997,41.10724000000001
29.02167,41.10803
29.02335,41.10474
29.027140000000003,41.10790999999999
29.02589,41.10785
29.022550000000006,41.107179999999985
29.028540000000007,41.10807
29.0221,41.10765
29.02317000000001,41.10473000000001
29.01546,41.1061
29.01534,41.10579
29.026659999999996,41.0992
29.0266,41.10544
29.02418,41.10483
29.026620000000005,41.105340000000005
29.0284,41.10806
29.02166,41.10721
29.02407,41.10778
29.01708,41.10355
29.02508,41.10788
29.02138,41.10453
29.0154,41.10596000000002
29.025214999999996,41.0989825
29.02188,41.10747
29.019279999999995,41.10757
29.02858,41.10673
29.02797,41.09994
29.030695,41.09972
29.01662,41.10416
29.02132,41.1059
29.029432500000002,41.10724
29.02318,41.10756
29.02298,41.10753
29.028450000000003,41.106739999999995
29.03028,41.09970666666667
29.02304,41.09938
29.02949,41.10723
29.016492500000002,41.106855
29.0231,41.10753
29.0263,41.1052
29.0244375,41.1078575
29.02022,41.10437
29.02779,41.10593
29.03056,41.0997
29.02409,41.10481
29.0292775,41.1072625
29.022,41.108
29.02227,41.10794
29.02634,41.10516
29.015713333333334,41.10514
29.01648,41.10685
29.02265,41.10616
29.024319999999996,41.10488999999999
29.02604,41.10782
29.01619,41.10668
29.02151,41.106030000000004
29.017680000000006,41.10263000000001
29.02777,41.10558
29.018926000000004,41.107403999999995
29.023039999999998,41.09938
29.02646,41.10637
29.01536,41.1059
29.0171275,41.103494999999995
29.02277,41.10468
29.02155,41.10031
29.026460000000004,41.10524000000001
29.02009,41.10435
29.027729999999995,41.10629
29.027529999999988,41.10534000000001
29.02036,41.10439
29.02189,41.107479999999995
29.028630000000003,41.10689
29.019920000000003,41.10528
29.025779999999997,41.098913333333336
29.02259,41.10641
29.02766,41.108
29.027025000000002,41.09937
29.02426,41.10782
29.021877500000002,41.10801
29.02336,41.10759
29.02909,41.10735
29.01545,41.10608
29.01972,41.10111
29.026559166666672,41.105802499999996
29.0211,41.10063
29.022,41.10758
29.02316,41.10755
29.02336,41.10761
29.01536,41.10588
29.02911,41.1079
29.024959999999993,41.10495000000001
29.02147,41.10027
29.02039,41.1044
29.02188,41.10456
29.022,41.10758
29.01825,41.10181
29.028080000000003,41.10804000000001
29.02327,41.10757
29.01536,41.1059
29.03116,41.09983
29.02573,41.10511
29.01845,41.10162
29.02821,41.10802
29.01706,41.10357
29.01786,41.10233
29.02895,41.10805
29.02754,41.10798
29.02495,41.10784
29.02693,41.09932
29.02289,41.10511
29.02377,41.107690000000005
29.01563,41.10522
29.02614,41.10512
29.02749,41.10724
29.01543,41.10602
29.02791,41.1063
29.022460000000002,41.107635
29.02288,41.1047
29.01897,41.10742
29.021425,41.10453
29.02914,41.10771
29.02742,41.09963
29.017875000000004,41.1023075
29.02613,41.10783
29.01790000000001,41.10227000000001
29.02623,41.09906
29.022763333333334,41.10565
29.02735,41.10789
29.02598,41.09899
29.02149,41.10601
29.01606,41.10478
29.022399999999994,41.09974000000001
29.02635,41.10703
29.02616,41.1078
29.021083125000004,41.107960625000004
29.02566,41.0989
29.02018,41.10436
29.03107,41.09985
29.0283,41.10651
29.02793999999999,41.10804000000001
29.027103333333333,41.10527
29.0268,41.09926
29.02158,41.10652
29.026390000000003,41.10523
29.02276,41.10566
29.02659,41.10526
29.01915,41.10753
29.01915000000001,41.107530000000004
29.02157,41.1003
29.028050000000004,41.10631999999999
29.023590000000002,41.10764
29.0263,41.10515
29.027579999999993,41.10537999999999
29.02934,41.09959
29.02624,41.10746
29.01983181818182,41.10503727272728
29.02033,41.1056175
29.02624,41.10746
29.02429,41.10783
29.023389999999996,41.10475
29.018242499999996,41.1018225
29.02737,41.10782
29.02906,41.1073
29.024595,41.09907
29.02259045454546,41.106408181818175
29.021510000000006,41.10802
29.0221,41.10457
29.02646,41.09905
29.022319999999997,41.10791
29.02718,41.10528
29.02049999999999,41.10442
29.02014,41.10554
29.02754,41.10798
29.02657,41.10569
29.01806,41.107290000000006
29.01534,41.10581
29.016815,41.107
29.025265,41.10504
29.027320000000007,41.107899999999994
29.02143,41.10031
29.02026,41.10558999999999
29.02610000000001,41.09902000000003
29.02335,41.10474
29.026170000000004,41.1078
29.01702,41.10363
29.015582000000002,41.106241999999995
29.02753,41.10534
29.02108,41.10796
29.02253,41.09967
29.027659999999997,41.10543999999999
29.030695,41.09972
29.02283,41.105360000000005
29.02286,41.09952
29.020790000000005,41.10446
29.026150000000012,41.10782
29.015365000000003,41.105575
29.0215,41.10696
29.02219,41.10768
29.02538,41.09889
29.028896666666668,41.10697999999999
29.0289775,41.107037500000004
29.018990000000006,41.10744
29.02914,41.10767
29.02255,41.10659
29.01594,41.1065
29.026439999999997,41.1063
29.021915,41.108005
29.02203,41.108
29.026269999999997,41.1052
29.02658,41.10563
29.02767,41.1065
29.022039999999986,41.10456999999999
29.02543,41.10782
29.02296,41.10486
29.02031,41.10782
29.02601,41.09894
29.02643,41.10663
29.02152,41.10689
29.01534,41.10577
29.02445,41.10786000000001
29.02507,41.10502
29.02657,41.10572
29.01889,41.10134
29.02379,41.1077
29.02359,41.10765
29.02794,41.108039999999995
29.0252,41.10786
29.020331578947374,41.104389999999995
29.02133,41.108
29.02654,41.10519
29.02059,41.10443
29.021509999999996,41.106853333333326
29.02721,41.09942
29.02643,41.10659
29.02055,41.10443
29.02627,41.10733
29.0264675,41.10524
29.025909999999996,41.10781999999999
29.02523,41.09898
29.02171,41.10015
29.02614,41.10512
29.02949,41.107229999999994
29.02846,41.10809
29.02435,41.1049
29.02639,41.10789
29.0224,41.09974
29.02511,41.10783
29.01561,41.10626
29.021510000000006,41.10679000000001
29.02529,41.09896
29.01684,41.10701
29.027360000000005,41.107859999999995
29.02667,41.10786
29.02411,41.09919
29.02601,41.10782
29.02274,41.10753
29.026169999999997,41.1078
29.023535,41.1076375
29.02379,41.10479
29.02888,41.10697
29.02914,41.10766999999999
29.023839999999993,41.10770000000001
29.01543,41.10602
29.019719302325583,41.10111023255814
29.02377,41.09925
29.020323333333334,41.10782333333333
29.0192,41.10754
29.02949,41.10723
29.02584,41.09892
29.015380000000004,41.10592
29.02607,41.10516
29.025359999999996,41.10782
29.02188,41.10001
29.02182000000001,41.100110000000015
29.01747,41.10303
29.02186,41.10744
29.02237,41.10788
29.02489,41.10783
29.02529,41.0989
29.027360000000005,41.10784
29.02357,41.10764
29.02258,41.10466
29.02093,41.10071
29.021340000000002,41.108
29.027730000000002,41.106289999999994
29.0216,41.10619
29.01618,41.10464
29.01984,41.10772
29.02716,41.10793
29.018969999999996,41.107420000000005
29.01982,41.10512
29.02785,41.10803
29.02873,41.10684
29.01919,41.10123
29.02227,41.09981
29.018725,41.10142
29.0218,41.10737
29.02737,41.10779000000001
29.02648,41.10642000000001
29.02914,41.10762
29.02566,41.0989
29.02092902439024,41.10071048780488
29.02171,41.10015
29.02612,41.10516
29.02657,41.10566
29.017589999999995,41.1028
29.02267,41.10605
29.01987,41.10492
29.02949,41.10723
29.02335,41.10474
29.02062,41.10572
29.01606,41.10478
29.02548,41.09889
29.0236975,41.1076625
29.02389,41.10773
29.03096,41.09985
29.022139999999997,41.10458
29.02915,41.10759
29.01878,41.10737
29.01992,41.10477
29.017060000000008,41.10357
29.02912,41.09966
29.02408,41.10484
29.027919999999998,41.10622999999999
29.02623000000001,41.10781999999999
29.0219,41.10801
29.01985,41.10498
29.021445,41.100405
29.0203,41.10439
29.02719666666667,41.10528
29.02054,41.10785
29.01957,41.10115
29.022029285714286,41.10760964285715
29.02897,41.10703
29.022499999999997,41.10465
29.027320000000003,41.10789
29.02002,41.10438
29.02643,41.10663
29.02781,41.10803
29.02644,41.10518
29.02398,41.10775
29.021509999999992,41.10683999999999
29.02548,41.09889
29.025719999999993,41.1078
29.02911,41.10783
29.02237,41.10462
29.019274999999997,41.10122
29.024859999999997,41.10498
29.015599999999996,41.10525
29.0271,41.09941666666666
29.027330000000003,41.107899999999994
29.02266,41.10612
29.015650000000004,41.10629
29.02661,41.10786
29.01556,41.10623
29.0223,41.10792
29.02781,41.10584
29.02276000000001,41.105660000000015
29.027471600000002,41.099651599999994
29.02785,41.10628
29.02427,41.10488
29.02399,41.10479
29.02627,41.1073
29.02274,41.105720000000005
29.02737,41.10772
29.03075,41.099823333333326
29.01554,41.10619
29.02795,41.106249999999996
29.018969999999996,41.107420000000005
29.021572499999998,41.106535
29.02167,41.10723
29.028230000000004,41.10646
29.025380000000002,41.09895
29.023235,41.104732500000004
29.02630230769231,41.10520153846154
29.02215,41.09989
29.02637,41.09903
29.026299999999996,41.105149999999995
29.02641,41.10783
29.015339999999995,41.10579
29.021510000000003,41.10684
29.02789,41.10629
29.020439999999997,41.10784
29.018869999999996,41.10739
29.02754,41.09972
29.02864,41.10807
29.0229725,41.1048375
29.02273,41.10741
29.02852,41.108075
29.023270000000004,41.10757
29.01687,41.10383
29.02659,41.10526
29.026210000000003,41.10764
29.023530000000004,41.10475
29.02573666666667,41.10785333333333
29.0277,41.09979
29.027430967741928,41.10531032258063
29.022973333333336,41.10470333333333
29.02064,41.10444
29.02751,41.09969
29.02188,41.107470000000006
29.02143,41.1003
29.02742,41.10751
29.02377,41.09925
29.0227,41.10591
29.02915,41.10756
29.02553,41.10507
29.026448333333335,41.10627333333333
29.0282,41.10653
29.02814,41.10803
29.02222,41.10796
29.02325,41.10756666666666
29.02475,41.10497
29.02371000000001,41.107670000000006
29.02105,41.1045
29.02619,41.10775
29.021395,41.105935
29.023880000000002,41.10771
29.02193,41.10456
29.0236,41.10765
29.02727,41.10791
29.02873,41.10683999999999
29.02922,41.10722
29.02761,41.1054
29.022889999999993,41.105109999999996
29.01991,41.10483
29.02201,41.1076
29.024,41.10479999999999
29.02022,41.10781
29.02656,41.1058
29.02602,41.098996666666665
29.02128,41.10589
29.03094,41.09975
29.02909,41.10798
29.02186,41.1074475
29.01985,41.10501
29.02152,41.10677
29.022000000000002,41.108
29.021550000000005,41.10705
29.03108,41.09978
29.024,41.1048
29.02591,41.10782
29.02661,41.10786
29.02297,41.10484
29.02857,41.09981
29.027255,41.10791
29.02759,41.10683
29.02317,41.09934
29.02211,41.09987
29.02947,41.10721999999999
29.0218475,41.10801
29.019,41.10746
29.027540000000005,41.10798
29.02788,41.10619
29.027410000000003,41.107549999999996
29.02631,41.10715
29.02948,41.10722
29.02188,41.10001
29.026439999999994,41.10632000000002
29.02004,41.10545
29.02180999999999,41.108009999999986
29.019149999999996,41.10753
29.02159,41.10615571428571
29.02649,41.10524
29.021449999999994,41.100289999999994
29.0273,41.10791
29.02091,41.10792
29.01611,41.10471
29.023163333333333,41.107556666666675
29.02281,41.10545
29.021510000000006,41.10685913043478
29.02697,41.09927
29.0226,41.10728
29.02587,41.10513
29.02049999999999,41.10442
29.02604,41.099
29.022534999999998,41.10712
29.01542,41.10548
29.02114,41.10584
29.02644,41.1063
29.0264,41.1068
29.02644,41.10518
29.02614,41.10786
29.01673,41.10399
29.02264,41.10619
29.022620322580636,41.106289032258054
29.01889,41.10739
29.02394,41.09922
29.02949,41.10723
29.0177,41.10259
29.02624,41.10746
29.023695,41.10767
29.02225,41.10795
29.02723,41.10528
29.02245,41.10784
29.02234,41.1079
29.022339999999996,41.107899999999994
29.016439999999996,41.10682999999999
29.01909,41.10126
29.03115,41.09979
29.025042258064516,41.107839677419335
29.02066,41.10573
29.02251,41.10692789473685
29.0265415625,41.10519
29.020790000000005,41.10575999999998
29.02691,41.10788
29.02557,41.09895
29.02732,41.09951
29.020930000000003,41.10071
29.01538,41.10592
29.021280000000008,41.104519999999994
29.023389999999996,41.10475
29.02283,41.10745
29.027701999999998,41.106386
29.02506000000001,41.09899999999998
29.02779,41.10593
29.024199999999997,41.1078
29.024649999999998,41.1049
29.024330000000003,41.10783
29.02656,41.1058
29.01998,41.10448
29.01745,41.10305
29.02611,41.10781
29.021545,41.100245
29.02356,41.10764
29.0164,41.10681
29.01546,41.1061
29.027473333333337,41.10731333333333
29.02392,41.10772
29.02520000000001,41.10786000000001
29.02277,41.10563
29.02828,41.09992
29.02802,41.0999
29.02253,41.1071
29.029070000000008,41.10732000000001
29.02182,41.10011
29.023096666666664,41.10472
29.024671764705886,41.10787
29.02446,41.0991
29.02914000000001,41.10762045454545
29.023410000000002,41.10762
29.02863,41.10689
29.015378,41.105535999999994
29.02265,41.10616
29.02549,41.10781
29.02132,41.1059
29.02154,41.10605
29.02857,41.09981
29.022669999999998,41.10605
29.01622,41.10457
29.02251,41.10693
29.017399999999988,41.10314000000002
29.01662,41.10415999999999
29.02696,41.10789
29.020480000000006,41.10567000000001
29.01735,41.10715
29.02625,41.10514
29.01874,41.10736
29.02133,41.108
29.02282,41.10752
29.02206,41.0999
29.02146,41.10028
29.02947,41.10722
29.02022,41.10099
29.02156,41.10024
29.02918,41.09963
29.026189999999993,41.09899000000001
29.02912,41.09966
29.016095,41.104725
29.02195,41.10752
29.0288,41.1069
29.0227,41.09952
29.02661,41.10528
29.02182000000001,41.100110000000015
29.029482,41.107222
29.019959999999998,41.104530000000004
29.02286,41.10524
29.02949,41.10723
29.02161,41.10028
29.021625,41.1002
29.01738,41.10316
29.0158,41.1064
29.02252,41.10705
29.02197,41.09996
29.016259999999996,41.106739999999995
29.01826,41.10731
29.02532,41.105
29.02325,41.10474
29.02389,41.10772999999999
29.02012,41.10779
29.0219,41.10748
29.02035,41.10783
29.02343,41.0994
29.01704,41.10361
29.02764,41.0998
29.03014,41.09965
29.021,41.1058075
29.02018666666667,41.10780333333333
29.017170000000004,41.1071
29.02923,41.09962
29.02996,41.09958
29.02718,41.09947
29.0219,41.10748
29.0230675,41.1047125
29.01554,41.10531
29.03114,41.09985
29.01928,41.10122
29.029,41.10803
29.02414,41.10778
29.023519310344824,41.10762999999999
29.02296,41.1047
29.01997,41.10105
29.02884,41.10704
29.028670000000005,41.106919999999995
29.02446,41.10487
29.021696666666667,41.10015666666667
29.023455,41.104755
29.01549,41.10538
29.025561999999997,41.10781
29.029060000000005,41.108
29.01989,41.10522
29.02426,41.10782
29.017267500000003,41.103342500000004
29.02544,41.10502
29.02266,41.0996
29.02778,41.10561
29.02532,41.105
29.02617,41.1078
29.024319999999996,41.10489
29.02887,41.10708
29.01979,41.10771
29.02821,41.09993
29.01772,41.10255
29.02385,41.09923
29.02646000000001,41.10619999999999
29.02614,41.10512
29.02292,41.10505
29.022159999999996,41.10766999999999
29.027599999999996,41.10799
29.01657,41.10689
29.02042,41.10441
29.02404,41.1048
29.02225,41.10795
29.02733,41.1079
29.02265,41.10466000000001
29.02227,41.09981
29.01815,41.10194
29.02906,41.108
29.03028,41.09962
29.021306666666664,41.105896666666666
29.01913,41.10752
29.02158,41.1065
29.01547,41.10542
29.01772,41.10255
29.02652,41.10524
29.02036,41.10439
29.02393,41.10773
29.02306,41.10757
29.0291,41.10714
29.02309,41.10472
29.01952,41.10764
29.02521,41.09891
29.01799,41.10214
29.02467,41.10785
29.02709,41.09935
29.02018,41.10436
29.02207,41.10799
29.02773666666667,41.10553
29.01874,41.10736
29.01543,41.10602
29.02906,41.108
29.01536,41.1059
29.02754,41.10798
29.02627,41.10733
29.02949,41.10723
29.02296,41.10488
29.024459999999998,41.10486999999999
29.01822,41.10186
29.02443,41.10492
29.01703,41.10706
29.01552,41.10617
29.02801,41.10804
29.02663,41.10532
29.021489999999993,41.10694
29.0219375,41.108
29.02188,41.10001
29.02291,41.107485
29.027810000000006,41.10803
29.02358,41.10764
29.02057,41.10786
29.02296,41.1047
29.02597,41.10514
29.02493000000001,41.09903000000001
29.024739999999994,41.104910000000004
29.02273,41.10468
29.02845,41.10674
29.022969999999997,41.104839999999996
29.01874,41.10736
29.02052,41.10785
29.0153796969697,41.10553090909091
29.0176,41.10274
29.02198,41.10755
29.02643,41.10658999999999
29.01711,41.10353
29.02507,41.10502
29.02227000000001,41.10794000000001
29.02006,41.10436
29.02099,41.10794
29.02239999999999,41.09974000000002
29.02424700000001,41.09923066666667
29.02113,41.10797
29.02265,41.09955
29.01652,41.10427
29.028959999999998,41.0997
29.026486666666667,41.10599
29.021560000000004,41.10024
29.024649999999994,41.10490000000001
29.02217,41.10458
29.018970000000003,41.10742
29.02788,41.10619
29.02337,41.09931
29.02441,41.09918
29.02794,41.10804
29.02079,41.10576
29.025919999999992,41.10514
29.0216,41.10619
29.03086,41.09974
29.0263,41.10515
29.02473,41.10787
29.02778,41.10609999999999
29.024060000000002,41.10775
29.021520000000002,41.10688
29.022900000000003,41.10758
29.02655,41.10583
29.01569,41.10632
29.01744,41.10718
29.01997,41.10105
29.02949,41.10723
29.02051,41.10568
29.025560000000006,41.10503999999999
29.028180000000003,41.10651
29.0158,41.1064
29.021463333333333,41.10038666666667
29.02257,41.1076
29.02007,41.10436
29.022049999999997,41.10762
29.027329999999996,41.1079
29.02808,41.10804
29.02256,41.106509999999986
29.01554,41.10619
29.01718,41.10343
29.0304,41.09965
29.02746,41.10532
29.02645,41.10625
29.01759,41.1028
29.022979999999997,41.10483
29.02383,41.10771
29.01572,41.10513
29.02427,41.10488
29.026209999999995,41.105170000000015
29.02737,41.10772
29.02021,41.10437
29.02815,41.09989
29.02267,41.10608
29.0155825,41.1062425
29.029169999999997,41.10718000000001
29.022270000000006,41.107940000000006
29.02514,41.10787
29.029150000000005,41.10758
29.026045,41.105154999999996
29.016883333333336,41.10381
29.026189999999996,41.107724000000005
29.023179999999996,41.10471666666667
29.02513,41.10503
29.029300000000003,41.10726999999999
29.016870000000008,41.10383
29.02838,41.10657
29.026079999999993,41.10784
29.02802,41.0999
29.01918,41.10753
29.026210000000003,41.107870000000005
29.03075,41.099823333333326
29.01925,41.10756
29.02897,41.10717
29.02007,41.10778
29.02778,41.10612
29.023029999999995,41.10477
29.0217,41.10455
29.02007,41.10778
29.02781,41.10614
29.02352,41.09928
29.029440000000005,41.10724
29.023791428571425,41.10770035714286
29.02316,41.10755
29.028759999999995,41.10806
29.01993,41.10775
29.01785,41.10725
29.02747,41.09965
29.027360000000005,41.107859999999995
29.02188,41.10747
29.027659999999997,41.106570000000005
29.02158,41.10455
29.02517,41.09899
29.024289999999997,41.10783
29.01712,41.10351
29.025610000000004,41.107780000000005
29.022270000000002,41.10794
29.02888,41.10697
29.01747,41.10303
29.02263,41.10757
29.02254,41.10761
29.02038266666666,41.10783
29.02507,41.10502
29.02733,41.1079
29.02772,41.10631
29.02792,41.10623
29.0261775,41.10778499999999
29.026150000000005,41.10781999999999
29.020139999999998,41.105540000000005
29.0231,41.10757
29.02151,41.10691
29.02884,41.10704
29.02523,41.09898
29.02546,41.10781
29.02318,41.10756
29.02764,41.10542
29.02862571428571,41.10676428571429
29.01577,41.10638
29.02114,41.10584
29.0295,41.09951
29.02225,41.10795
29.02873,41.10684
29.02741,41.10755
29.029109999999992,41.10738999999999
29.02287,41.09944
29.01534,41.10577
29.025006000000005,41.10784
29.0267,41.09914
29.02189,41.10748
29.01554,41.10531
29.02216,41.10767
29.028914999999998,41.09975
29.02325,41.10474
29.02668,41.10521
29.02251,41.10693
29.02649,41.10598
29.02416,41.09925
29.025510000000008,41.1078
29.02907,41.0997
29.027810000000006,41.10571000000001
29.02278,41.10556
29.026579999999992,41.105599999999995
29.02616,41.10781
29.01901,41.10128
29.02616,41.10781
29.02394,41.10774
29.0281575,41.1064875
29.02002,41.10438
29.028940000000002,41.1070075
29.02771,41.10636
29.02339,41.1076
29.019955000000003,41.104545
29.0219,41.10801
29.02,41.10439999999999
29.023112608695644,41.09935913043479
29.02529,41.0989
29.0211,41.10063
29.022000000000002,41.10758
29.02437,41.10487
29.02203,41.108
29.02006,41.10548
29.01586,41.10644
29.02663,41.0991
29.01704,41.10361
29.02164,41.10025
29.02679,41.105225000000004
29.01887,41.10739
29.025075,41.107835
29.02677,41.10791
29.030340000000002,41.09963
29.025386666666666,41.10501111111111
29.026349999999997,41.10783
29.01984,41.10772
29.01586,41.10498
29.02949,41.10723
29.02647,41.10612
29.02947,41.10722
29.02733,41.1079
29.02793,41.10631
29.02648,41.10784
29.0251325,41.105030416666665
29.017996363636367,41.10728090909091
29.02248999999999,41.09965999999999
29.01997,41.10535
29.02778,41.10611999999998
29.025805,41.10508
29.021039999999992,41.10795000000002
29.02197,41.10457
29.02161,41.10636999999999
29.01622,41.10457
29.02182,41.10006
29.02616,41.10781
29.023260000000004,41.1076
29.02113,41.10063
29.021529999999995,41.10670000000001
29.017585,41.1028075
29.02141176470588,41.10453
29.02618,41.10778
29.02265,41.10466
29.01618,41.10464
29.023479999999996,41.10476
29.022408235294115,41.1076505882353
29.01684,41.10701
29.02872,41.09976
29.02323,41.10473
29.027361250000002,41.1053
29.02188,41.10001
29.022202352941175,41.1045905882353
29.02158,41.10652
29.02802,41.1063
29.0221,41.10765
29.017659999999996,41.10266
29.02145,41.10029
29.02652,41.10524
29.021589999999993,41.10647999999998
29.02261,41.10631
29.02034,41.10562
29.01743,41.10308
29.0269,41.09924
29.02949,41.10723
29.0161,41.10663
29.01551,41.10615
29.029690000000002,41.09951
29.02764,41.10663
29.026799999999998,41.10787
29.02608,41.10512
29.02251,41.10701
29.02602,41.10515
29.0261,41.09896
29.01731,41.10714
29.01889,41.10739
29.02915,41.107565
29.019622500000004,41.1011325
29.02868,41.10807
29.03094,41.09975
29.0157,41.10633
29.027320000000003,41.10528999999999
29.02048,41.10567
29.02293,41.09942
29.02914,41.10745
29.02143,41.1003
29.02759,41.09976
29.02764,41.10542
29.02138,41.10453
29.02317,41.10473
29.0162,41.1046
29.02282,41.10761
29.0275,41.1072
29.01906,41.10749
29.017080000000004,41.10708
29.02574,41.1078
29.02756,41.09972
29.02781,41.10567121212121
29.01632,41.10447
29.02272,41.10578
29.02836,41.0999
29.023270000000004,41.10758
29.0227,41.10599
29.02941,41.09953
29.01708,41.10708
29.0211,41.10063
29.01552,41.10535
29.01895,41.10742
29.02168,41.10022
29.01994,41.1046125
29.01565000000001,41.10628999999999
29.02836,41.10655
29.02161,41.10637
29.023389999999996,41.10475
29.01779,41.10724
29.028357500000002,41.106665
29.016219999999997,41.104569999999995
29.0157,41.10516
29.02904,41.10728
29.02833,41.10803
29.01754,41.10289
29.02506,41.10788333333333
29.02186,41.10744
29.016439999999996,41.10437000000001
29.0174,41.10314
29.02385,41.09923
29.02369,41.10478
29.02213,41.10766
29.01538,41.10592
29.02049,41.10784
29.01729,41.10330999999999
29.026470000000003,41.10614000000002
29.02175,41.10011
29.01661,41.10691
29.02298,41.10757
29.019979999999997,41.10776
29.019940000000002,41.10459
29.022769999999998,41.10468
29.0288,41.10701
29.02284999999999,41.10752000000001
29.02373,41.099255
29.02027,41.10438
29.017263333333332,41.103346666666674
29.017675000000004,41.1072125
29.01536,41.10588
29.01573,41.10635
29.019889999999997,41.10774
29.024160000000002,41.104825
29.019439999999992,41.10761000000001
29.02627,41.1073
29.02152,41.10691
29.021489999999996,41.10036
29.024850000000008,41.10789999999999
29.029099999999993,41.107949999999995
29.019819999999992,41.105119999999985
29.02754,41.09972
29.021253333333334,41.10451333333333
29.03062,41.09971
29.0263,41.10721
29.02313,41.09944
29.019440000000003,41.10118
29.029130000000002,41.10773428571429
29.02815,41.10648
29.01549,41.10538
29.02949,41.10722999999999
29.02257,41.107600000000005
29.02779,41.10627
29.02327,41.09942
29.02092,41.10449
29.02734999999999,41.10795000000001
29.01662,41.10416
29.02154,41.10667
29.02457,41.10786
29.02661,41.1054
29.02629,41.10724
29.02262,41.10732
29.017058333333335,41.10357166666666
29.016889999999997,41.10701999999999
29.01924,41.10122
29.02123,41.10056
29.02588,41.10509
29.03117,41.09979
29.0216,41.10646
29.021585,41.1002275
29.02433,41.10783
29.01928,41.10757
29.02253,41.1071
29.023674999999997,41.10766
29.02356,41.10764
29.02048,41.10567
29.02343,41.0994
29.02508,41.10788000000001
29.01975000000001,41.101100000000024
29.02511,41.10783
29.022651764705884,41.107708823529414
29.02006,41.10436
29.01563,41.10628
29.027399999999997,41.105299999999986
29.02222,41.10796
29.01586,41.10644
29.02234,41.1079
29.02904,41.108
29.015719999999998,41.10512999999999
29.02371,41.10476
29.01621,41.10459
29.02802,41.0999
29.0231,41.10753
29.018950000000004,41.10742
29.027839999999998,41.10803
29.029069999999997,41.10712
29.0216,41.10619
29.027992499999996,41.10804
29.02788,41.10619
29.02135,41.10592
29.02536,41.10505
29.02365,41.10766
29.02465,41.1049
29.03063,41.0998
29.02147,41.10027
29.023320000000002,41.104749999999996
29.030745,41.099725
29.01794,41.10221
29.022699999999997,41.09951999999999
29.02185,41.10455
29.0194,41.10119
29.021489999999993,41.10694
29.01965,41.10767
29.02187,41.10801
29.02224,41.10769
29.02153,41.1067
29.026279999999993,41.10726
29.023710000000012,41.10767999999999
29.023450000000004,41.10762
29.01621,41.10459000000001
29.016359999999995,41.106790000000004
29.02667,41.10786
29.02642,41.1067
29.02428,41.10485
29.02182,41.10739
29.021560000000004,41.10024
29.02773,41.099835
29.02907,41.10732
29.01632,41.10447
29.02818,41.10642
29.02766,41.108
29.022929999999995,41.104969999999994
29.02904,41.10709
29.02168,41.10803
29.02329999999999,41.09932000000001
29.02891,41.10710999999999
29.02174,41.10803
29.02161,41.10714
29.02439,41.10491
29.02407,41.10778
29.02616,41.1078
29.01729,41.10331
29.016710000000003,41.10695000000001
29.01843,41.10733
29.0279,41.10621
29.016830000000006,41.10388
29.02213,41.10766
29.02946,41.09956
29.02335,41.10475
29.022810000000003,41.10543
29.02569,41.10786000000001
29.02683,41.10791
29.02777,41.10609
29.01992,41.10528
29.02519,41.10504
29.02652,41.10524000000001
29.02353,41.10475
29.015510000000003,41.10615000000001
29.02623,41.1075
29.02918,41.09963
29.02172,41.10019
29.02641,41.10677
29.0247,41.10496
29.01914,41.107524999999995
29.02943,41.10724
29.02742,41.09963
29.01991,41.1048
29.02161,41.10637
29.02185,41.10455
29.027929999999994,41.10630999999998
29.01717,41.1071
29.02859,41.09984
29.02016,41.10436
29.02234,41.1079
29.017985,41.102147499999994
29.023890000000005,41.10479
29.026439999999997,41.1063
29.023,41.10471
29.02384,41.10479
29.026973333333334,41.10791
29.02638,41.1069
29.022755,41.107420000000005
29.028499999999998,41.10808
29.02928,41.09959
29.02234,41.1079
29.02912,41.09966
29.01993,41.10775
29.0283,41.10651
29.01794,41.10221
29.02851,41.10668
29.027535,41.099705
29.024729999999998,41.10787000000001
29.02815,41.09989
29.03068,41.09981
29.02606,41.10783
29.02106,41.10582
29.02278,41.10743
29.026569999999996,41.10572
29.02775,41.10628
29.01998,41.10776
29.01561,41.10626
29.017715,41.102560000000004
29.02649,41.10518
29.02143,41.1003
29.03117,41.09981
29.02344,41.09929
29.02735,41.10795
29.02529,41.10782
29.01539,41.10594
29.02113999999999,41.105839999999986
29.02581,41.09896
29.02416,41.1078
29.015600000000003,41.105250000000005
29.02071,41.10787
29.02635,41.10703
29.02272,41.10753
29.01619,41.10462
29.02274,41.10753
29.020992941176473,41.107940588235294
29.02143,41.10029999999998
29.023199999999996,41.10471
29.0248,41.10492
29.017749999999996,41.10251
29.023537499999996,41.1076325
29.0263,41.09908
29.02658,41.10557
29.021529999999995,41.10700999999999
29.03032,41.09972
29.02262,41.10629
29.02876,41.10698
29.01983,41.10108
29.02632,41.10788
29.025659999999995,41.09890000000001
29.024959999999997,41.104949999999995
29.02284,41.1076
29.02113,41.10063
29.02079,41.10446
29.0236,41.09927
29.02384,41.10772
29.01991,41.10483
29.017285,41.103317499999996
29.02542,41.10506
29.0153825,41.105925
29.02314,41.10472
29.02639,41.10517
29.02096,41.10449
29.02632,41.10788
29.015596666666667,41.106253333333335
29.026449999999993,41.107899999999994
29.02133,41.10452
29.02385,41.09923
29.02892,41.10805
29.023540000000004,41.107639999999996
29.02177,41.10015
29.02238,41.10766
29.022540000000003,41.10778
29.02556,41.10787
29.02622,41.1076
29.016259999999996,41.10454
29.02162,41.10021
29.03077,41.09973
29.02497,41.105
29.021579999999997,41.10652000000001
29.01535,41.10584
29.03115,41.09978
29.02464,41.09906
29.020469999999996,41.1056675
29.023299999999995,41.09932
29.02508,41.10788
29.01624,41.10456
29.021409999999996,41.10043999999999
29.021510000000003,41.10679
29.026930000000004,41.09932
29.02661,41.10538
29.02764,41.0998
29.02163,41.10803
29.0216,41.10646
29.03112,41.09978
29.0277,41.09979
29.01729,41.10331
29.01702999999999,41.10706
29.02913,41.10743
29.024595,41.09907
29.02002,41.10543
29.01952,41.10764
29.021470000000004,41.10598000000001
29.02815,41.09989
29.017259999999997,41.10712999999999
29.02737,41.10779
29.02262,41.10732
29.02356,41.10764
29.017440000000004,41.10718
29.01996,41.10453
29.023403333333334,41.10475
29.02361896551725,41.1076596551724
29.02644,41.09912
29.02351,41.10764
29.02284,41.10533
29.02184,41.10004
29.02646,41.10638
29.0216,41.10619
29.02267999999999,41.107690000000005
29.02593,41.107843333333335
29.017600000000005,41.10277
29.02872,41.09976
29.02327,41.10757
29.021219999999992,41.10586
29.01584,41.105
29.02677,41.10791
29.02343,41.10475
29.0261,41.09896
29.02726,41.09947
29.02946999999999,41.10722
29.027986666666667,41.099893333333334
29.029409999999995,41.10725000000001
29.020409999999995,41.10565
29.02124,41.10451
29.0245,41.10787
29.02614,41.10782999999999
29.02452,41.10784999999999
29.023257500000003,41.10474
29.02251,41.10682
29.023140000000005,41.10472
29.02159,41.10802
29.02428,41.09915
29.02598,41.10782
29.02718,41.09947
29.021470000000004,41.10027
29.02671,41.10791
29.02161,41.1064
29.02229,41.10793
29.01825,41.10181
29.02299,41.1048
29.02,41.1044
29.02748,41.10728
29.030559999999998,41.0997
29.027071999999997,41.107928
29.026580000000003,41.10791
29.022414000000005,41.107858
29.02802,41.0999
29.017350000000004,41.10715
29.02512,41.10784
29.02541,41.10787
29.02371,41.10768
29.02642,41.1067
29.015655000000002,41.1062925
29.0216,41.10022
29.01614,41.10666
29.017659999999992,41.10721
29.02062,41.10572
29.02873,41.10684
29.01536,41.1059
29.02473,41.10787
29.01657,41.10689
29.02797,41.09989
29.01748,41.103015
29.02799,41.10636
29.02864,41.09978
29.02863,41.10689
29.02906,41.1073
29.02167,41.10455
29.0279,41.10621
29.026619999999994,41.10537
29.02797,41.09989
29.01536,41.10562000000001
29.02279,41.099549999999994
29.01747,41.10303
29.02018,41.10436
29.02876,41.10698
29.022270000000002,41.10794
29.02098,41.10069
29.020210000000002,41.10437
29.028846666666666,41.106945
29.02266,41.10612
29.02573,41.10511
29.0277,41.10639
29.02143,41.1003
29.01845,41.10162
29.02637,41.09903
29.0262,41.10513
29.01534,41.10581
29.02835,41.10666
29.02497,41.10789
29.02553,41.10507
29.02251,41.10689
29.027800000000006,41.10564
29.02484,41.10786
29.02529,41.09896
29.025949999999995,41.10783999999999
29.024369999999998,41.10487
29.02098,41.10069
29.028760000000002,41.10698000000001
29.022479999999998,41.10763
29.0215,41.10693
29.026240000000005,41.107459999999996
29.023025000000004,41.1075175
29.02866,41.10679
29.02741,41.10755
29.017429999999997,41.10308000000001
29.025760000000002,41.10785
29.026307499999998,41.1071875
29.016180000000006,41.10464000000001
29.01963,41.10113
29.03045,41.09967
29.020976666666666,41.10449333333333
29.02886,41.09972
29.026923333333333,41.099250000000005
29.019890000000004,41.104890000000005
29.02914,41.10769
29.01763,41.10269
29.01594,41.10490000000001
29.02648,41.10648
29.024649999999998,41.10496
29.02227,41.09981
29.01552,41.10617
29.02651,41.09915
29.024780000000003,41.1079
29.028304285714285,41.10651285714287
29.02553,41.10507
29.02791,41.09992
29.025974,41.10782
29.02906,41.1073
29.02433,41.10783
29.015416666666667,41.105999999999995
29.01922,41.10755
29.021468947368422,41.100381052631576
29.03051,41.09968
29.029,41.10802999999999
29.02339,41.10475
29.02523,41.10782
29.02203,41.10761
29.02733,41.107899999999994
29.02922,41.10722
29.0180725,41.10204
29.02481,41.099
29.02876,41.10698
29.023320000000002,41.10760000000001
29.01895,41.107420000000005
29.02145,41.10029
29.02346,41.10762
29.028720000000003,41.10806
29.02442,41.10487
29.021810000000006,41.10800999999999
29.02317,41.10473
29.02737,41.10771999999999
29.018919999999998,41.1074
29.01759,41.1028
29.01903,41.10748
29.02041,41.10565
29.020020000000002,41.10438
29.02151,41.10698
29.02523,41.10782
29.02564,41.09895
29.02409,41.107785
29.02287,41.09944
29.02266,41.0996
29.01990111111111,41.10485666666667
29.0226,41.10728
29.027140000000003,41.10790999999999
29.02351,41.10764
29.030966666666668,41.09975666666667
29.02771,41.10634
29.01687,41.10383
29.028195,41.10643
29.023677692307697,41.107669230769226
29.02608,41.10512
29.02147,41.10598
29.02188,41.10007
29.02026,41.10781999999999
29.02052,41.10785
29.021560000000004,41.10657
29.02472,41.1079
29.022305000000003,41.1079175
29.024379999999997,41.10785
29.02838,41.10657
29.020130000000005,41.10435
29.02821,41.10653666666666
29.02573,41.10507
29.02448,41.10785
29.02155,41.10705
29.02914,41.10762071428571
29.029030000000002,41.108009999999986
29.02867,41.10692
29.0291425,41.107475
29.02897,41.10804
29.02321,41.10759
29.019966666666665,41.10534666666666
29.023749999999996,41.09935
29.02152,41.10691
29.0263,41.10721
29.025610000000004,41.10780999999999
29.02754,41.10798
29.02813,41.10637
29.023119999999995,41.10473
29.02363,41.10766
29.02574,41.1078
29.02942,41.09956666666667
29.02789,41.106289999999994
29.02067,41.10083
29.01638,41.10443
29.01938,41.101189999999995
29.02418,41.10781
29.02575,41.09896
29.02141,41.10044
29.0201,41.10551
29.01591,41.10493
29.02187,41.10746
29.02251,41.10697
29.02677,41.09917
29.02506,41.099
29.02238,41.09970999999999
29.02493,41.09903
29.02162,41.10624
29.02038,41.10783
29.016529999999996,41.10687000000001
29.02156,41.10608
29.02464,41.09911
29.02151,41.10684
29.02006,41.10436
29.02019,41.10556
29.02715,41.10793
29.015730769230764,41.10635038461539
29.02173,41.1073
29.01569,41.10632
29.02452,41.10785
29.03082,41.09974
29.02266,41.0996
29.02568,41.1051
29.02732,41.09951
29.02648,41.106450967741935
29.02858,41.10673
29.02754,41.10705
29.021099999999997,41.10063000000001
29.02145,41.10029
29.01708,41.10355
29.022549999999995,41.1046525
29.0247,41.10496
29.01534,41.10579
29.02271,41.10588
29.016009999999998,41.10656999999999
29.02016,41.101
29.02658,41.10557
29.026240000000012,41.10746
29.02906,41.1073
29.02713,41.10527
29.02266,41.0996
29.02151,41.10691
29.02353,41.10475
29.02079,41.10789
29.01624,41.10456
29.03111,41.09985
29.02251,41.10677789473684
29.02143,41.1003
29.01775,41.10251
29.019059999999993,41.10749000000002
29.03114,41.09985
29.021290000000004,41.10052
29.022010000000005,41.1076
29.02739,41.10764
29.02652,41.105239999999995
29.02732,41.10789
29.0201,41.10551
29.017659999999996,41.10721
29.02644,41.10629
29.02773,41.10801
29.02193,41.10004000000001
29.0156,41.10525
29.02152,41.10691
29.02416,41.1078
29.021509999999996,41.10679
29.017789999999998,41.10724
29.02872,41.10806
29.02909,41.10798
29.02222,41.10796
29.02063,41.10786
29.01982,41.10507
29.02734,41.09957666666667
29.02651,41.10594
29.0273,41.09955
29.022659999999995,41.10612
29.017893333333333,41.10228
29.0188,41.10137
29.02207,41.10763
29.02762,41.1067
29.02005,41.10436
29.0245575,41.1078575
29.02016,41.10436
29.01695,41.10371
29.02074,41.10446
29.02516,41.105035
29.023619000000007,41.1076595
29.029440000000008,41.10724000000001
29.022990000000004,41.0994
29.01961,41.10766
29.016255,41.104545
29.022319999999997,41.10791
29.022823999999996,41.107608
29.02435,41.10784
29.021600000000003,41.10644
29.0252,41.10499
29.02257999999999,41.10776000000001
29.02452000000001,41.10784999999999
29.02759,41.09976
29.029109999999992,41.1078
29.02156,41.10608
29.02203,41.108
29.01541,41.10599
29.023839999999996,41.1077
29.026840000000004,41.09921
29.0231,41.10475
29.03112,41.09978
29.02954,41.0995
29.028510000000004,41.10667999999999
29.02142,41.10801000000001
29.02815,41.09989
29.022579090909094,41.10724636363637
29.023310000000002,41.10474
29.016543333333335,41.10687666666667
29.0252,41.10786000000001
29.01906,41.10127
29.022820000000003,41.10761000000001
29.02461,41.10789
29.02416,41.09925
29.02557,41.09889
29.0262,41.10513
29.023040434782615,41.10477000000001
29.02006,41.10548
29.02448,41.10785
29.02099,41.10794
29.02462,41.10786
29.02645,41.10627
29.02452,41.10785
29.024279999999997,41.10485
29.02568,41.10506
29.027769999999997,41.106074
29.02245,41.10464
29.02614,41.10786
29.02079,41.10077
29.01598,41.10654
29.02569,41.09896
29.02603,41.10511
29.01578,41.10507
29.031113333333334,41.09978
29.02645,41.10627
29.026210000000003,41.10787
29.02385,41.09923
29.01534,41.10579
29.02389,41.10479
29.029170000000004,41.10717999999999
29.02723,41.10528
29.02131,41.10051
29.027800000000003,41.10587
29.02643,41.10663
29.01722,41.1034
29.02005,41.10102
29.02271,41.10597
29.021996666666666,41.10457
29.02325,41.10474
29.01619,41.10668
29.01999,41.10444
29.02397,41.10773
29.02460714285714,41.10489142857143
29.0262,41.10767
29.02517,41.09899
29.02825,41.10657
29.021380000000004,41.10046
29.02949,41.10723
29.02247,41.10782
29.01534,41.10568
29.02099,41.10794
29.01895,41.10742
29.02161,41.10633833333333
29.02379,41.1077
29.02906,41.108
29.01957,41.10115
29.022579999999987,41.10776000000002
29.02143,41.1003
29.01898999999999,41.10744
29.01895,41.10742
29.026939999999996,41.10790999999999
29.02213,41.10766
29.02118,41.10585
29.01768,41.10263
29.01994,41.10459
29.01833,41.10731
29.0242,41.1078
29.01667666666667,41.10693666666666
29.021870000000003,41.107459999999996
29.020099999999992,41.10101000000002
29.021329999999995,41.1005
29.02229,41.10792999999999
29.02876,41.10698
29.02708,41.10793
29.026815000000003,41.10791
29.02062,41.10572
29.02087,41.10578
29.02686,41.105239999999995
29.02276,41.10566
29.02371,41.10767
29.02864,41.10807
29.027195,41.10791
29.01975,41.1011
29.0172,41.10342
29.02897,41.10717
29.025179999999995,41.10782999999999
29.02893999999999,41.10714000000001
29.02752,41.10712
29.01733,41.103235
29.0157,41.10633
29.02371,41.10768
29.028382500000003,41.1080525
29.02264,41.10619
29.02143,41.1003
29.02954,41.0995
29.02374,41.10478
29.03094,41.09975
29.02628,41.09901
29.02586000000001,41.1078
29.02425,41.10783
29.01933,41.10120333333333
29.022789999999997,41.09955
29.01998,41.10776
29.025903333333332,41.098976666666665
29.02651,41.10594
29.02251,41.10678
29.02193,41.108
29.02323,41.09933
29.02372,41.10767
29.02241,41.10786
29.026120000000002,41.10516
29.02133,41.10452
29.02681,41.10523
29.02145,41.10029
29.02215,41.09989
29.02047,41.10784
29.01887,41.10739
29.025729999999992,41.105109999999996
29.02259,41.10641
29.02348,41.10474
29.026346666666665,41.099093333333336
29.02234,41.1079
29.025886666666665,41.105133333333335
29.025500000000005,41.10787
29.029250000000008,41.10725000000001
29.02752,41.10712
29.0242,41.09917
29.01539,41.10594
29.02254,41.10778
29.0311,41.09978
29.022339999999996,41.107899999999994
29.026287500000002,41.10724499999999
29.0248,41.10492
29.02038,41.10783
29.015629999999998,41.10627999999999
29.02332,41.10759
29.02149,41.10027
29.02523,41.10782
29.02611,41.10783
29.02146,41.10028
29.02534,41.09895
29.02598,41.1051
29.01995,41.10456
29.02197,41.09996
29.02205,41.10762
29.017050000000012,41.103579999999994
29.026879999999995,41.10791
29.02284,41.10533
29.02799000000001,41.10636
29.02797,41.09994
29.01541,41.10599
29.02089,41.10073
29.026709999999998,41.10790999999999
29.0281275,41.106465
29.01916,41.10124
29.02253,41.09967
29.02647,41.10609
29.01881,41.10737
29.025399999999998,41.10781
29.02645,41.10635
29.02256,41.10651
29.022409999999997,41.10786
29.03073,41.09982
29.016266666666667,41.10453333333333
29.02913,41.10775999999999
29.023261764705886,41.1076
29.025264999999997,41.10782
29.015509999999992,41.10615
29.01799,41.10214
29.022714999999998,41.10767
29.02782666666667,41.106163333333335
29.02985,41.09952666666667
29.02833,41.10803
29.02292,41.1047
29.01921000000001,41.10123
29.025680000000005,41.10506
29.02645,41.10627
29.02269,41.10738
29.02182,41.10455
29.03112,41.09978
29.02371,41.10476
29.02147,41.10027
29.02911,41.1079
29.02721,41.10791
29.026439999999997,41.10629
29.02538,41.10501
29.021910000000002,41.10748
29.02149,41.10036
29.02221,41.10768
29.021669999999997,41.10803000000001
29.022650555555554,41.10615777777778
29.01685,41.10385
29.02272,41.105835
29.02732,41.09951
29.02732,41.1079
29.02657,41.10572
29.0217,41.10726
29.02265,41.10735
29.023270000000004,41.10757
29.01989,41.10106
29.02736,41.10786
29.02151,41.10026
29.018025,41.107285000000005
29.024369999999998,41.10487
29.02733,41.1079
29.02013,41.10435
29.023013333333335,41.10753666666667
29.02478,41.10784
29.02109,41.1045
29.02217,41.10458
29.02666,41.0992
29.017630000000004,41.10269000000001
29.01989,41.10522
29.02879,41.09974
29.02384,41.10479
29.02914,41.10771
29.02022,41.10099
29.02478,41.10784
29.019299999999998,41.10757
29.02188,41.10747
29.022409999999997,41.10463
29.02871,41.10695
29.01875,41.1014
29.02758,41.10538
29.02234,41.1079
29.022579999999994,41.104659999999996
29.01619000000001,41.10461999999998
29.02766,41.10544
29.02836,41.0999
29.024139999999996,41.107780000000005
29.027959999999997,41.10634
29.02506666666667,41.09893333333333
29.02188,41.10747
29.02461,41.10789
29.022540000000003,41.10761
29.02706,41.09939
29.024338,41.107838
29.0266025,41.1051925
29.027769999999993,41.10600999999998
29.02265,41.10466
29.02538,41.10501
29.02288,41.10518
29.028825,41.099729999999994
29.02551,41.09895
29.01985,41.10517
29.02188,41.10001
29.027803333333335,41.10565
29.02704,41.10792
29.01805,41.10207
29.02659,41.09918
29.03077,41.09973
29.024559999999997,41.10495
29.02815,41.09989
29.01997,41.10105
29.02485,41.1079
29.02652,41.10591
29.02923,41.09961
29.02484,41.09905666666666
29.017654000000004,41.102666
29.022732499999996,41.1057425
29.01535,41.10584
29.02144,41.10453
29.022540000000003,41.10714
29.02215,41.09989
29.02425,41.10783
29.02341,41.10762
29.019994999999998,41.105395
29.021409999999992,41.10043999999999
29.02314,41.10472
29.02627,41.1052
29.01989,41.10489
29.02358,41.10477
29.024,41.09929
29.02122,41.10586
29.02777,41.10603
29.02815,41.09989
29.0268,41.09926
29.03083,41.09983
29.01632,41.106773999999994
29.020699999999998,41.104452
29.02659,41.10526
29.02067,41.10787
29.02389000000001,41.10478
29.02739,41.10764
29.01755,41.10286
29.022680000000005,41.107549999999996
29.027129999999996,41.105270000000004
29.025560000000006,41.107870000000005
29.01994,41.10459
29.02566,41.0989
29.02949,41.10723
29.02599,41.1078
29.02429,41.099215
29.02612,41.10516
29.02751,41.09969
29.02710666666667,41.10793
29.01735,41.10715
29.02549,41.10780999999999
29.019940000000002,41.10458999999999
29.027560000000005,41.09972
29.02806,41.10641
29.02245,41.10784
29.01899,41.10744
29.02701,41.10789
29.026595,41.105500000000006
29.01778,41.10247
29.02398,41.10775
29.020469999999996,41.10784
29.027662499999998,41.1065625
29.02802,41.09994
29.02292,41.10501
29.02293,41.10497
29.016359999999995,41.104440000000004
29.02406,41.10775
29.026079999999997,41.10785
29.022129999999997,41.10766
29.02204,41.10457
29.026439999999997,41.1063
29.02655,41.10583
29.01550999999999,41.10615000000001
29.019979999999997,41.104476
29.028955,41.107155000000006
29.029059999999998,41.108
29.02626,41.10736
29.02151,41.10034
29.02628,41.10726
29.02251,41.10693
29.01639,41.10442
29.024649999999998,41.1049
29.0211,41.10063
29.02189,41.10748
29.02651,41.10594
29.02145,41.10029
29.01826,41.10731
29.02648,41.10603
29.02234,41.1079
29.0196,41.10114
29.01985,41.10495
29.017440000000004,41.10718
29.02210096774194,41.10798967741935
29.02368,41.10768
29.02034,41.10562
29.022860000000005,41.105240000000016
29.02151,41.10454
29.01865,41.10147
29.026439999999997,41.1063
29.02628,41.10726
29.02649,41.10598000000001
29.02253,41.1071
29.01995,41.10533
29.02735,41.10789
29.01548,41.10611999999998
29.02278,41.10743
29.02255,41.10655
29.02734,41.1079475
29.021304999999998,41.107995
29.022730000000003,41.09958
29.02618,41.10778
29.022635,41.107725
29.02313,41.10472
29.015480000000004,41.106120000000004
29.02197,41.09996
29.01535,41.105845
29.01639,41.10442
29.02371,41.10768
29.02866,41.10679
29.021139999999995,41.10450999999999
29.027576666666665,41.099729999999994
29.02189,41.10748
29.0185,41.10159
29.02216,41.09984
29.02578,41.10511
29.020160000000004,41.10436000000001
29.022100000000002,41.104569999999995
29.0201,41.10551
29.0232,41.10471
29.02899,41.09969
29.02838,41.10657
29.02152,41.10677
29.0157,41.10633
29.02851,41.09986
29.02221,41.09985
29.017439999999997,41.10718000000001
29.02338,41.1076
29.01616,41.10466
29.02292,41.105049999999984
29.02316,41.10755
29.028716250000002,41.10695375
29.0287,41.108064999999996
29.023689999999995,41.10765999999999
29.03092,41.09985
29.01998,41.10776
29.0271,41.09941666666666
29.01753,41.10292
29.01779,41.10724
29.01557,41.10528
29.02466,41.10789
29.01983,41.10108
29.02777,41.10558
29.029139999999998,41.10747000000001
29.01552,41.10535
29.02302,41.10478
29.0276925,41.106425
29.02923,41.09962
29.0207775,41.1057575
29.02017,41.10555
29.02049,41.10784
29.02659999999999,41.105439999999994
29.02506,41.099
29.0222,41.10797
29.02648,41.1079
29.019914999999997,41.105265
29.02598,41.1051
29.02155,41.10665
29.02914,41.10766
29.01586,41.10644
29.024959999999997,41.10495000000001
29.02659,41.10526
29.02088,41.10448
29.028320000000004,41.10663
29.01542999999999,41.106019999999994
29.03044,41.09976
29.029130000000002,41.10743000000001
29.028589999999998,41.10807
29.02342999999999,41.10474
29.02251,41.106959999999994
29.017214999999997,41.103404999999995
29.02904,41.10709
29.027588,41.107988
29.027483333333333,41.09966333333333
29.02736,41.1053
29.026552499999998,41.10519
29.02258,41.10644
29.02306,41.10471
29.02145,41.1004
29.0219,41.10748
29.02886,41.09972
29.02377,41.107695
29.02556,41.10787
29.02339333333333,41.09930333333333
29.021599999999996,41.10619
29.0201,41.10551
29.02551,41.1078
29.020070000000004,41.107780000000005
29.02686,41.10524
29.02557,41.09895
29.02256,41.10651
29.0174,41.10314
29.01790000000001,41.10227000000001
29.02438,41.10785
29.02317,41.09934
29.02497,41.10784999999999
29.02614,41.10782999999999
29.02096,41.10449
29.020060000000004,41.10436
29.01583,41.10642
29.02163,41.10716
29.026439999999997,41.1063
29.02221,41.10768
29.02954,41.0995
29.02776,41.09985
29.0227,41.10754
29.022669999999998,41.107365
29.028970000000005,41.10804
29.02642,41.1067
29.01744000000001,41.107179999999985
29.02767,41.1065
29.01581,41.10504
29.017630000000008,41.102689999999996
29.02648,41.1079
29.022189000000004,41.10767966666668
29.017259999999997,41.10712999999999
29.022000000000006,41.10758
29.02439,41.10491
29.022209999999998,41.107679999999995
29.01618,41.10464
29.026229666666676,41.10750133333335
29.0274675,41.107965
29.02188,41.10456
29.02657,41.10566
29.01569,41.10632
29.02395,41.1048
29.020480000000003,41.10567
29.0221,41.10765
29.022990000000004,41.10479999999999
29.02292,41.10748999999999
29.021589999999986,41.10802
29.02143,41.10031
29.01947,41.10117
29.020790000000005,41.10789
29.02433,41.10486
29.01541,41.10599
29.01786,41.10233
29.02569,41.09896
29.02779,41.1059
29.020030000000002,41.10437
29.02162,41.10624
29.02844,41.09988
29.01666,41.10693
29.0194,41.10119
29.022542000000005,41.104650500000005
29.01949,41.10116
29.01979,41.10771
29.0262,41.10769
29.01997,41.10451
29.01766,41.10266
29.01538,41.10592
29.0266,41.10544
29.016910000000006,41.10376999999999
29.02297125,41.10757
29.02143,41.1003
29.02064,41.10444
29.01985,41.10517
29.029111999999998,41.107394000000006
29.03115,41.09978
29.01985666666667,41.10494
29.01708,41.10355
29.015455000000003,41.105435
29.0193,41.10757
29.02159,41.10648
29.02674,41.10787
29.02664,41.1052
29.02007,41.10436
29.026705,41.107865000000004
29.02891,41.107109999999984
29.02949,41.10723
29.02375,41.10769
29.02185999999999,41.10744999999999
29.02021,41.10437
29.02006,41.10436
29.02699,41.09935
29.018990000000002,41.10744
29.02489,41.10783
29.01909,41.10125999999999
29.027305,41.1079075
29.025230000000008,41.10782
29.01735,41.10715
29.02211,41.09987
29.028270000000003,41.10803
29.03117,41.09979
29.01726,41.10713
29.02079,41.10446
29.02013,41.10435
29.02824,41.108025
29.02151,41.10034
29.0261225,41.0989675
29.0265,41.10596
29.021349999999998,41.10049000000001
29.02949,41.10723
29.02536,41.10505
29.01963,41.10113
29.022010000000012,41.1076
29.02873,41.09981
29.02754,41.09972
29.0164,41.10681
29.023539999999997,41.104762
29.01632,41.10447
29.028900000000004,41.108050000000006
29.02433,41.0992
29.02564,41.09895
29.01557,41.10528
29.01738,41.10316
29.023329999999998,41.1076025
29.02873,41.09981
29.0199475,41.10532250000001
29.0231,41.10757
29.02302999999999,41.10471
29.02251,41.10673999999999
29.024750000000008,41.10497000000001
29.0174,41.10314
29.02189,41.10748
29.02639,41.10523
29.02592,41.09893
29.02137,41.10592666666667
29.02904,41.10728
29.021015,41.107945
29.01952,41.10764
29.02009,41.10435
29.02087,41.10578
29.01705,41.10358
29.02014,41.10554
29.019150000000007,41.10753
29.02207,41.10763
29.02375,41.09935
29.01999,41.104440000000004
29.02672,41.10521
29.02079,41.10077
29.016610000000004,41.10690999999999
29.02741,41.10795
29.02145,41.10029
29.02754,41.10705
29.026389999999996,41.10523
29.02318,41.10756
29.02335,41.10475
29.021819999999998,41.10739
29.02808,41.10804
29.02116,41.10061
29.02821,41.10644
29.03086,41.09974
29.02833,41.10803
29.021779999999993,41.10802
29.024009999999997,41.10773999999999
29.02566,41.10779
29.01615,41.10467
29.02838,41.10668
29.02281,41.10547
29.0273,41.09955
29.01921,41.10123
29.015859999999993,41.106440000000006
29.02613,41.10783
29.01708,41.10355
29.021820000000005,41.10739
29.018050000000002,41.102070000000005
29.026609999999998,41.1054
29.01704,41.1036
29.02177,41.10455
29.02136,41.10452
29.02293,41.09942
29.02732,41.1079
29.0267,41.09914
29.02114,41.10451
29.02418,41.10483
29.02511,41.10783
29.02341,41.10762
29.02332,41.10759
29.023440000000004,41.10761
29.01536,41.1059
29.02627,41.1073
29.0215,41.10693
29.02519,41.10504
29.02351,41.09939
29.018060000000002,41.10729
29.02415,41.10779
29.026439999999997,41.10656
29.02858,41.10673
29.02747,41.10733
29.01719,41.103425
29.020742500000004,41.10446
29.0291,41.10787
29.01644,41.10437
29.01944,41.10118
29.01689,41.107020000000006
29.02278,41.10752
29.02981,41.09952
29.022841739130424,41.10469043478261
29.024749999999997,41.099019999999996
29.02470172413794,41.10496034482756
29.021555,41.106072499999996
29.02485,41.10493
29.02631,41.10520666666667
29.02167,41.10018
29.024720000000002,41.104905
29.02514,41.10498
29.02314,41.10472000000001
29.02455,41.104890000000005
29.02551,41.1078
29.028450000000003,41.10663
29.021509999999996,41.10603
29.015989999999995,41.104839999999996
29.01735000000001,41.10715
29.0215,41.10693
29.0262,41.10513
29.01569,41.10632
29.022949999999998,41.10753
29.02435,41.10784
29.02182,41.10011
29.0273,41.10791
29.02617,41.10781
29.02207,41.10763
29.02041,41.10565
29.01749,41.10719
29.01626,41.10673999999999
29.02721,41.09942
29.02179,41.10455
29.02473,41.10784
29.02045,41.10092
29.0288,41.1069
29.02938,41.10727
29.02158,41.10652
29.02253,41.09967
29.022126666666665,41.09986000000001
29.018533333333334,41.10156333333334
29.020119999999995,41.10779
29.026349999999997,41.107029999999995
29.02269,41.10467
29.02755,41.10536
29.0229725,41.1048375
29.02626,41.10787
29.02001,41.10104
29.02925,41.10725
29.02823,41.10655
29.01628,41.10451
29.02786,41.09991
29.026480000000003,41.10784
29.021242499999996,41.1058675
29.02749,41.10724
29.02018,41.10436
29.02408,41.09927
29.02602,41.10515
29.017090000000007,41.10354000000001
29.022609999999997,41.10633727272727
29.0276,41.10799
29.02128,41.10799
29.02024,41.10438
29.02175,41.10733
29.01636,41.10444
29.026489999999995,41.105180000000004
29.02563,41.10786
29.022600000000004,41.107279999999996
29.02041,41.10565
29.023419999999998,41.10761
29.021830000000005,41.1074
29.02017,41.1078
29.02377,41.10769
29.03094,41.09975
29.02186,41.10744
29.02204,41.09996
29.024279999999997,41.10485
29.0198,41.10109
29.0211,41.10063
29.02934,41.09959
29.02251,41.10674
29.027350000000002,41.10789
29.01546,41.1061
29.01753,41.10292
29.02026,41.10559
29.02241,41.10786
29.02128,41.10589
29.023839999999996,41.1077
29.0276,41.10678
29.02182,41.10739
29.025505000000003,41.10781
29.01987,41.1052
29.026276666666664,41.10727333333333
29.02617,41.1078
29.01554,41.10619
29.02303,41.10754
29.02547,41.10787
29.02662,41.10534
29.02158,41.1065
29.02234,41.1079
29.02279,41.10762
29.02815,41.1064
29.017130000000005,41.10349000000001
29.02778,41.1061
29.015610000000006,41.106260000000006
29.023542499999998,41.1047625
29.02631,41.107150000000004
29.01998,41.10538
29.020179999999996,41.104360000000014
29.02255,41.10655
29.02044,41.10566
29.02113,41.10063
29.022545,41.1077775
29.020869999999988,41.107899999999994
29.02416,41.10486
29.02866,41.09983
29.0221,41.10765
29.02234,41.1079
29.02364,41.107670000000006
29.024155,41.099180000000004
29.02781,41.105725
29.02684,41.09921
29.026580000000006,41.105630000000005
29.024850000000004,41.107899999999994
29.02232,41.10791
29.02668,41.10521
29.02622,41.10757
29.01713,41.10709
29.018739999999994,41.10735999999999
29.019889999999993,41.10522000000001
29.02186,41.10744
29.02055,41.10569
29.023890000000005,41.10479
29.02646,41.10617
29.02591,41.10782
29.01956,41.10765
29.02648,41.1064575
29.02974,41.09952
29.023575,41.10764
29.020541875,41.107850625
29.02872,41.09976
29.02648,41.10642
29.01625,41.10455
29.02189,41.10748
29.0266,41.10544
29.02721,41.09942
29.02181,41.10007
29.01905,41.10127
29.02237,41.10788
29.02616,41.10781
29.022039999999993,41.104569999999995
29.0233,41.09932
29.02178,41.10735
29.02619,41.09899
29.02114,41.10584
29.02204,41.10457
29.02661,41.1054
29.02147,41.10598
29.02775,41.10555
29.026452500000005,41.10518
29.02149,41.10694
29.02761,41.09975
29.022839999999995,41.105330000000016
29.025599999999997,41.09889333333333
29.02269,41.10601
29.01805,41.10207
29.023509999999998,41.099390000000014
29.0221,41.09992
29.01822,41.10186
29.02153,41.10025
29.026479999999996,41.10784
29.01951,41.10115
29.02328,41.10475
29.0304,41.09974666666667
29.02038,41.10783
29.02561,41.10781
29.02021,41.10437
29.02616,41.10781
29.0219,41.10748
29.02691,41.10524
29.01926,41.101220000000005
29.02949,41.10723
29.01551,41.10615
29.01704,41.1036
29.02258,41.10776
29.02614,41.10783
29.022979999999993,41.10753
29.02019,41.10556
29.02171,41.10803
29.0252,41.10786
29.02556,41.10504
29.02423,41.10487
29.01815,41.10194
29.02621,41.10787
29.02276,41.10752
29.02145,41.10029
29.02371,41.10767
29.02377,41.09925
29.01621,41.10459
29.02662,41.10534
29.02414,41.107780000000005
29.018013333333332,41.107283333333335
29.02949,41.10723
29.02473999999999,41.104910000000004
29.025979999999997,41.1051
29.026479999999996,41.10647999999999
29.023299999999992,41.099320000000006
29.02629,41.10782
29.023455,41.104755
29.02141,41.10594
29.02655,41.09907
29.02029,41.10097
29.026450000000004,41.10625000000001
29.01729,41.10331
29.015339999999995,41.10573999999999
29.02364,41.10767
29.02229,41.10792999999999
29.021889999999996,41.10748
29.02332,41.10475
29.01708,41.10708
29.03086,41.09974
29.026706666666666,41.09922
29.02082333333333,41.10075666666666
29.02189,41.10748
29.01985,41.10517
29.02341,41.10762
29.02893,41.107
29.02556,41.10779
29.027709999999992,41.10636999999999
29.0201,41.10101
29.01536,41.10562
29.019989999999996,41.10444
29.01833,41.10731
29.021470000000008,41.10598000000002
29.02611,41.10783
29.02254,41.10465
29.02647,41.10614
29.02171,41.10803
29.01918,41.10123999999999
29.02416,41.09925
29.02149,41.10694
29.022185,41.104585
29.02135,41.10592
29.02149,41.10694
29.02635,41.10703
29.029022500000004,41.108015
29.01644,41.10437
29.022579999999994,41.106440000000006
29.02548,41.09889
29.02876,41.10806
29.02335000000001,41.10474
29.02686,41.10788
29.027300000000004,41.09955
29.019310000000004,41.10121000000001
29.025865454545453,41.107809090909086
29.02186,41.10745
29.028849999999995,41.10805
29.02633,41.10709
29.025757499999997,41.1078
29.024520000000006,41.10785
29.01906,41.10749
29.02199,41.10457
29.025381875,41.1050103125
29.02587,41.10781
29.02655,41.09907
29.02645,41.10627
29.02155666666667,41.107063333333336
29.029149999999998,41.107510000000005
29.01778,41.10247
29.029105,41.107380000000006
29.02062,41.10572
29.021920000000005,41.1075
29.02336,41.10759
29.02167,41.10803
29.016473333333334,41.10432666666667
29.02663,41.10532
29.02332,41.1076
29.02122,41.10586
29.02193,41.108
29.02365,41.10766
29.02428,41.10484999999999
29.01826,41.10731
29.02345190476191,41.10762047619047
29.016669999999994,41.10410000000001
29.02191,41.10748
29.01915000000001,41.10753
29.0186,41.10735
29.02113,41.10063
29.0264175,41.10670999999999
29.01572,41.10634
29.026499722222216,41.105960555555576
29.02278,41.1056
29.0291,41.10737
29.02851,41.10668
29.02949,41.10723000000001
29.02563,41.10509
29.026965,41.10791
29.02157,41.10655
29.02297,41.10757
29.02777,41.10601
29.0221,41.09992
29.02794,41.10804
29.021700000000003,41.10455
29.02491,41.10494
29.02617,41.09904
29.01779,41.10724
29.02452,41.10494
29.01744,41.10718
29.027050000000003,41.10526
29.0277,41.10639
29.020300000000002,41.104389999999995
29.016110000000005,41.10470999999998
29.0192,41.10754
29.021799999999992,41.10736999999999
29.02666,41.0992
29.02393,41.10773
29.01621,41.10459
29.02272,41.10578
29.02658,41.10791
29.01546,41.1061
29.015559999999997,41.10622999999999
29.025120000000005,41.10784
29.02764,41.10542
29.022759999999998,41.0995
29.0202725,41.100975
29.02097,41.1058
29.026330000000012,41.107089999999985
29.02334,41.0994
29.02949,41.10723000000001
29.01749,41.10719
29.027779999999996,41.10561
29.026330000000012,41.107089999999985
29.02914,41.10747
29.02764,41.10542
29.02026,41.10782
29.02599,41.1078
29.017962499999996,41.102180000000004
29.025680000000005,41.10506
29.02901,41.09972
29.02913,41.09967
29.02523,41.10782
29.0311,41.09978
29.02758,41.10687
29.02109,41.1045
29.02275999999999,41.10752000000001
29.01951,41.10115
29.02461000000001,41.10789
29.02296,41.10486000000001
29.02067,41.10083
29.019996666666668,41.10104333333333
29.01679,41.10699
29.02021,41.10437
29.02721,41.09942
29.02958,41.09954
29.02145,41.1004
29.02646,41.10617
29.0186875,41.1014475
29.02142,41.10801
29.020959999999995,41.10448999999999
29.02219,41.10768
29.02359,41.10765
29.02234,41.1079
29.02182,41.10455
29.02216,41.10798
29.02216,41.10798
29.02189,41.10748
29.019090000000002,41.10126000000001
29.022780000000004,41.10743000000001
29.02899,41.09969
29.023029999999995,41.10754
29.02263,41.10623
29.02553,41.10507
29.01855,41.10734
29.02658,41.1056
29.02779,41.10627
29.022739230769233,41.10753
29.020970000000002,41.10580000000001
29.02642,41.107895
29.019,41.10746
29.0221,41.09992
29.02911,41.1078
29.01535,41.10585
29.025640000000003,41.107805
29.02232,41.10790999999999
29.01944,41.10118
29.02772000000001,41.10631
29.026619999999998,41.10537
29.01843,41.10733
29.02752,41.10712
29.02504,41.10784
29.021516666666667,41.10698666666667
29.02159,41.10616
29.02608,41.10512
29.02215,41.09989
29.028229999999997,41.10655
29.02224,41.1046
29.027380000000004,41.10768
29.02007,41.10436
29.02637,41.10693
29.02914,41.10745
29.03115,41.09979
29.02127,41.10054
29.01619,41.10462
29.026599999999995,41.10547
29.02749,41.10724
29.02628,41.09901
29.02618,41.10778
29.01534,41.10583
29.03117,41.099803333333334
29.025681666666667,41.098958333333336
29.02781000000001,41.10577
29.019900000000003,41.10486000000001
29.01760000000001,41.10277000000001
29.019419999999997,41.10761
29.02374,41.10768
29.02731,41.10794
29.03057,41.09979
29.02161,41.1063
29.02622,41.10754
29.02152,41.10690333333333
29.02859,41.09984
29.02,41.10442
29.02699,41.10791
29.02114,41.10584
29.02153,41.1067
29.01599,41.10484
29.03063,41.0998
29.02746,41.10532
29.02295,41.10490000000001
29.02328,41.10474
29.027765999999996,41.10627
29.02820999999999,41.10801999999998
29.02131,41.10050999999999
29.02152,41.10689
29.02146,41.10028
29.02169,41.10016
29.027890000000003,41.10629
29.0228,41.1055
29.02777,41.10605
29.020989999999998,41.105805000000004
29.02317,41.09934
29.02644,41.10629
29.02733,41.1079
29.02021,41.10437
29.01688,41.103815
29.023559999999993,41.10763999999999
29.01534,41.10568
29.0264,41.1068
29.0227425,41.105712499999996
29.0265,41.10596
29.0227975,41.107617499999996
29.02449,41.09916
29.02215,41.10458
29.023207916666664,41.107559583333334
29.023450000000008,41.10762
29.01998,41.10446
29.02549,41.10781
29.02746,41.10532
29.01805,41.10207
29.02341,41.10761
29.02143,41.1003
29.01747,41.10303
29.0242425,41.1048425
29.02959,41.0995
29.0291,41.10795
29.026619999999998,41.1053
29.02602,41.10785
29.02045,41.10092
29.023311999999997,41.10474
29.02152,41.10677
29.02128,41.10589
29.02322,41.10474
29.020120000000002,41.10553
29.023119999999995,41.10473
29.02203,41.10761
29.02158,41.10023
29.023665,41.10476
29.02959,41.0995
29.02255,41.10718
29.02204,41.09996
29.02433,41.0992
29.02662,41.10534
29.022555,41.107605
29.02924,41.10724
29.02155,41.10031
29.02501,41.10784
29.02042000000001,41.10441000000001
29.015533333333334,41.10532333333334
29.02543,41.10782
29.02511,41.10783
29.021409999999992,41.10043999999999
29.02251,41.10673999999999
29.01996,41.10453
29.02257,41.10648
29.02436333333333,41.10490333333333
29.02119,41.100579999999994
29.02292,41.10505
29.02941,41.10725
29.021509999999992,41.106909999999985
29.022879999999997,41.105180000000004
29.02828,41.10649
29.03086,41.09974
29.023170000000004,41.10473
29.02901,41.10706749999999
29.02645,41.10633
29.02371,41.10767
29.02755,41.10701
29.01545,41.10608
29.02156,41.1066
29.022039999999997,41.10457
29.02013,41.104350000000004
29.026079999999997,41.10784
29.026569999999996,41.105250000000005
29.02451,41.10785
29.018265384615386,41.10730999999999
29.02818,41.10642
29.02232,41.10461
29.02153,41.10025
29.02273942857143,41.10753
29.01626,41.10454
29.02353000000001,41.10475
29.02079,41.10576
29.02721,41.10791
29.02779,41.10593
29.02808,41.10804
29.02156,41.10024
29.021069999999998,41.10065
29.020420000000005,41.10783000000001
29.029099999999996,41.10795000000001
29.021366666666665,41.10452333333333
29.0291,41.10787333333334
29.02313,41.09944
29.026235,41.10787
29.0278,41.09984
29.02897,41.10703
29.022010000000005,41.1076
29.02281,41.10547
29.01538,41.10592
29.0291975,41.107205
29.026416666666666,41.09911333333333
29.02161,41.10455
29.02093,41.107925
29.02266,41.104662499999996
29.03116,41.09979
29.03088,41.099745
29.0221,41.10765
29.02447,41.10494
29.0242,41.1078
29.02407,41.10778
29.02272000000001,41.10584999999998
29.02949,41.10723000000001
29.023197500000002,41.107557500000006
29.03116,41.09979
29.02928,41.09959
29.02621,41.10764
29.02911,41.09968
29.026299999999996,41.10721
29.027269999999994,41.10790999999999
29.022842500000003,41.10752
29.02278,41.1056
29.02575,41.09896
29.023059999999997,41.09944999999999
29.023540000000004,41.10763999999999
29.02158,41.10709
29.02797,41.09994
29.017530000000004,41.10292
29.02334,41.0994
29.02254,41.10714
29.02599,41.1078
29.03117,41.09981
29.02536,41.10505
29.01794,41.10221
29.01618,41.10464
29.02282,41.1054
29.02772,41.10631
29.02480000000001,41.10498
29.02257,41.107600000000005
29.02497,41.10785
29.017170000000004,41.1071
29.023,41.10479
29.02213,41.10766
29.016233333333332,41.10456333333334
29.01994,41.10462
29.0223,41.10792
29.02574,41.1078
29.02781,41.10584
29.01983,41.10504
29.02408,41.10777
29.027810000000002,41.10584
29.01944,41.10118
29.0252,41.10499
29.020089999999996,41.10434999999998
29.021910000000002,41.10748
29.018870000000003,41.10739
29.02529,41.107865000000004
29.02035,41.10782999999999
29.017990000000008,41.10214
29.0254,41.10781
29.02379,41.10479
29.02158,41.10652
29.020099999999996,41.10551000000001
29.01799,41.10728
29.022529333333342,41.10709666666666
29.02133,41.10452
29.02155,41.10665
29.02254,41.10714
29.028589999999998,41.09984
29.02656,41.1058
29.0228,41.10752
29.02934,41.09959
29.02364,41.10767
29.02027,41.10438
29.02641,41.10783
29.0279,41.10621
29.024056666666667,41.10480333333333
29.02277,41.10563
29.01681,41.1039
29.01565,41.10629
29.02279,41.09955
29.021869999999996,41.10746
29.01753,41.10292
29.02007,41.10778
29.02007,41.10436
29.026459999999997,41.1062
29.02161,41.1063
29.02641,41.1067475
29.02095,41.10793
29.022000000000002,41.10758
29.022370000000002,41.10788000000001
29.01905,41.10127
29.02153,41.10672
29.02296,41.10488
29.02323,41.10757
29.027179999999998,41.09947
29.02449,41.099093333333336
29.02987,41.09953
29.026564999999998,41.10519
29.016635,41.104145
29.0258775,41.1078
29.022450000000003,41.10784
29.02261,41.106309999999986
29.0283,41.10661
29.02241,41.10463
29.02046,41.10441
29.01726,41.10713
29.024970000000007,41.10789
29.027239999999995,41.10791
29.0186,41.10151
29.02598,41.10782
29.02156,41.10608
29.025170000000003,41.104985
29.01986,41.10108
29.02051,41.10568
29.02612,41.10516
29.02777,41.10605
29.02693,41.09932
29.02325,41.10474
29.02532,41.10787
29.02653,41.10589
29.025719999999993,41.1078
29.029049999999998,41.1071
29.01584,41.105
29.01563,41.10628
29.02171,41.10455
29.0216,41.10619
29.02411,41.09919
29.02733,41.1079
29.02143,41.1003
29.02472,41.09903
29.02398,41.10775
29.0158,41.1064
29.0261,41.09902
29.02507,41.10502
29.026489999999995,41.10598
29.03104,41.09985
29.02259,41.09958
29.03115,41.09979
29.02733,41.107899999999994
29.01549,41.10613
29.0266,41.10542062500001
29.0211,41.10063
29.0293,41.10727
29.02932,41.09956
29.023310000000002,41.10474
29.02949,41.10723
29.027330000000003,41.1079
29.027330000000003,41.107899999999994
29.02737,41.1053
29.02914,41.10716
29.02828,41.09988
29.02546,41.09895
29.01713,41.10349
29.01925,41.10756
29.02288,41.10753
29.02781,41.10803
29.028900000000004,41.10805
29.02271,41.10597
29.01805,41.10207
29.01889,41.10739
29.02932,41.10728
29.02221,41.10768
29.02749,41.10724
29.026420000000005,41.106700000000004
29.02851,41.10668
29.02658,41.10557
29.0229625,41.104855
29.02225,41.10795
29.02244,41.099713333333334
29.02467,41.10785
29.02251,41.10682
29.022540000000003,41.10761
29.02386,41.104775000000004
29.01537,41.10591
29.02416,41.09925
29.02153,41.10672
29.022589999999997,41.107593333333334
29.01742,41.10311
29.01779,41.10724
29.02653,41.10589
29.028560588235294,41.1068305882353
29.02766,41.108
29.027560000000005,41.10536666666666
29.021829285714293,41.10739928571428
29.015352,41.105856
29.01535,41.10585
29.0278,41.09984
29.03073,41.09982
29.02007,41.10436
29.02929,41.0996
29.02691,41.10788
29.023849999999996,41.09922999999999
29.01712,41.10351
29.02409,41.10481
29.02344,41.09929
29.022809999999996,41.10469
29.02619,41.10775
29.02097,41.1058
29.02649157894737,41.10524
29.02893,41.107
29.02473,41.10787
29.02815,41.09989
29.02149,41.10027
29.03032,41.09972
29.02155,41.10665
29.01918,41.10753
29.02119,41.10058
29.02284,41.10533
29.02388,41.10771
29.028192500000003,41.108022500000004
29.02645,41.10635
29.02818,41.10651
29.02913,41.10743
29.01735,41.10715
29.02693,41.09932
29.01534,41.10574
29.022010000000005,41.09993
29.023479999999992,41.10475999999999
29.01799,41.10728
29.02283,41.10745
29.02138,41.10046
29.02999,41.09956
29.020470000000003,41.107839999999996
29.021671764705882,41.10455
29.021750000000004,41.10733
29.027699999999996,41.10640999999999
29.02151,41.10026
29.01855,41.10734
29.02158,41.10652
29.02271,41.10597
29.02806,41.10641
29.02488,41.1079
29.02398,41.10775
29.02649176470588,41.10524
29.01718,41.10343
29.02911,41.1079
29.02658,41.10563
29.03011,41.09958
29.026765,41.099244999999996
29.022409999999997,41.10463
29.02239,41.10787
29.02379,41.1077
29.02225,41.099823333333326
29.02159,41.10613
29.02781,41.10614
29.02292,41.10749
29.02231,41.10768
29.01586,41.10644
29.02106,41.10582
29.02949,41.10723
29.02158,41.10709
29.02177,41.10455
29.02152,41.10699
29.015393333333332,41.10594666666666
29.02904,41.10709
29.02177,41.10015
29.02226,41.10769
29.0252,41.10786
29.02887,41.10708
29.02771,41.10634
29.023241666666667,41.09932833333334
29.027234999999997,41.099445
29.027592,41.106820000000006
29.0175,41.10298
29.02217,41.10458
29.02556,41.10787
29.02645,41.10633
29.02416,41.10486
29.02403,41.0992
29.02791,41.1063
29.01703,41.10706
29.0254,41.09895
29.02611,41.10783
29.02616,41.1078
29.028540000000003,41.1067
29.02864,41.10807
29.02151,41.10679
29.02893,41.09971
29.02146,41.10028
29.02385,41.09923
29.02055,41.10785333333333
29.02914,41.10762
29.02288,41.10753
29.02938,41.10727
29.01766,41.10721
29.02392,41.09931
29.021869999999996,41.10746
29.030263333333334,41.09961333333333
29.02152,41.10691
29.023015,41.09939
29.01993,41.10474
29.02857,41.09981
29.027672000000003,41.10649599999999
29.02205,41.10762
29.02648,41.10603
29.02949,41.10723
29.029040000000002,41.107279999999996
29.02104,41.10795
29.02002000000001,41.105429999999984
29.02499,41.09902
29.02371,41.10768
29.025420000000004,41.10506000000001
29.01539,41.10594
29.027455,41.10736
29.02261,41.10634
29.023505,41.10476
29.0263,41.10721
29.02215,41.09989
29.0262,41.10767000000001
29.021558,41.10802
29.022100000000005,41.10764999999999
29.02193,41.108
29.027640000000005,41.09980000000001
29.02508,41.10497
29.02311,41.09936
29.028540000000003,41.10807
29.02773,41.10552
29.01552,41.10617
29.017028333333332,41.10362166666667
29.02433,41.10486
29.02858,41.10673
29.02298,41.10483
29.02652,41.10591
29.02384,41.1077
29.01909,41.10126
29.02772,41.10631
29.027360000000005,41.10783999999999
29.02737,41.10779
29.01768,41.10263
29.0176,41.10274
29.02517,41.09899
29.01573,41.10635
29.01772,41.10722
29.02656,41.10579
29.02446,41.0991
29.02182,41.10011
29.02574,41.1078
29.02273,41.09958
29.02808,41.09994
29.02253181818182,41.106626363636366
29.02101,41.10067
29.0231,41.10475
29.02143,41.1003
29.02135,41.10049
29.0226,41.10728
29.0176,41.10277
29.01636,41.10444
29.02062,41.10572
29.022043333333333,41.10799666666667
29.02166,41.100184999999996
29.02814,41.10803
29.029440000000005,41.10724
29.01779,41.10724
29.0186,41.10151
29.02227,41.09981
29.029039999999995,41.10709
29.022209999999998,41.10768000000001
29.02400999999999,41.10774
29.01554,41.10531
29.0229,41.09943
29.02508,41.10497
29.028800000000004,41.1069
29.024639999999998,41.09911
29.02285,41.10752
29.02778,41.10612
29.02813,41.10637
29.0157,41.10632999999999
29.02153,41.10025
29.022370000000006,41.10788000000001
29.02836,41.10655
29.02749,41.10724
29.017260000000004,41.10713
29.02162,41.10021
29.015359999999998,41.10562000000001
29.02226,41.10769
29.02898,41.107185
29.02595,41.10784
29.02,41.10439999999999
29.01996,41.10453
29.022270000000002,41.09981
29.027050000000006,41.107899999999994
29.017528,41.102926000000004
29.022010000000005,41.09993
29.01991,41.10483
29.024749999999997,41.104969999999994
29.02954,41.0995
29.02273,41.10468
29.02745,41.10737
29.0293,41.10727
29.0309,41.09975
29.021470000000004,41.10038
29.02221,41.09981
29.029,41.10706
29.01546,41.1061
29.02549,41.10781
29.01855,41.10155
29.02255,41.10659
29.02797,41.09994
29.03088,41.09984
29.01925,41.10756
29.02097,41.1058
29.019856666666666,41.10772666666667
29.02297999999999,41.10483
29.01644,41.10683
29.01992,41.10106
29.01538,41.10553
29.03117,41.09981
29.024850000000004,41.10493
29.02146,41.10028
29.02397,41.10773
29.01893,41.10131
29.02127,41.10054
29.02368,41.10768
29.02363,41.10477
29.02797,41.09994
29.024330000000003,41.0992
29.0242,41.1078
29.02024,41.10438
29.01987,41.10492
29.02662,41.1053
29.02042,41.10441
29.02806,41.09994
29.026569999999996,41.105720000000005
29.02253,41.09967
29.0263,41.09908
29.02022,41.10099
29.02307,41.10476
29.026370000000007,41.09903000000001
29.02183,41.1074
29.01706,41.10357
29.01841,41.10166
29.0236,41.09927
29.02733,41.1079
29.025179999999995,41.10783
29.01889,41.10739
29.01642,41.10439
29.02964,41.09951
29.02949,41.107229999999994
29.02574,41.1078
29.017440000000004,41.10718
29.027560000000005,41.10696
29.02159,41.10648
29.02625,41.10739
29.02155,41.10031
29.01671,41.10695
29.022133333333333,41.0999
29.02547,41.10507
29.02307,41.10757
29.02079,41.10789
29.02254,41.10778
29.025949999999998,41.10783999999998
29.02996,41.09958
29.01926,41.10122
29.020343333333333,41.10095666666667
29.02661,41.1054
29.02251,41.10682
29.02446,41.0991
29.019630000000003,41.101130000000005
29.02265,41.10735
29.02652,41.10524
29.0215,41.10692
29.027793333333335,41.09987
29.02042,41.10441
29.015459999999997,41.106100000000005
29.02149,41.10036
29.02016,41.101
29.0273,41.10791
29.01825,41.10181
29.02514,41.10498
29.02173,41.10013
29.02828,41.09988
29.02203,41.10761
29.01838,41.10732
29.02823,41.10655
29.020439999999997,41.10566
29.027540000000002,41.10798
29.021469999999997,41.10598000000001
29.01735,41.10715
29.02542,41.10506
29.01709,41.10354
29.02828,41.10659
29.0265475,41.1058375
29.023559999999996,41.10763999999999
29.02265,41.10466
29.02197,41.09996
29.02182,41.10455
29.02895,41.10805
29.02155,41.10705
29.02517,41.10783
29.02435,41.10784
29.01554,41.10619
29.023006666666664,41.09939333333333
29.02696,41.10789
29.02274,41.10753
29.016189999999998,41.10667999999999
29.022759999999995,41.10752000000001
29.02149999999999,41.10691999999999
29.01561,41.10626
29.023139999999998,41.104725
29.01944,41.10118
29.02589,41.10785
29.0215,41.10692
29.028335,41.106645
29.01547,41.10542
29.021086666666665,41.105826666666665
29.02754,41.10798
29.029362857142853,41.10727000000001
29.02771,41.10636
29.022630000000003,41.107569999999996
29.021542500000002,41.10666500000001
29.0168,41.103915
29.02836,41.0999
29.02455,41.10489
29.021589999999996,41.10613
29.02452,41.10785
29.020979999999998,41.10069
29.02895,41.09974
29.02872,41.09976
29.023492500000003,41.1047425
29.02954,41.0995
29.017186666666664,41.107106666666674
29.02737,41.10775
29.021589999999996,41.10802
29.02815,41.10648
29.02116,41.10061
29.02621,41.10787
29.0275,41.1072
29.02343,41.10475
29.027770000000004,41.10609
29.020709999999998,41.10787
29.02048,41.10567
29.028800000000004,41.1069
29.019209999999998,41.101229999999994
29.02006,41.10548
29.0232,41.09943
29.02195,41.10752
29.02213,41.10766
29.01675,41.10697
29.02359,41.09938
29.02198,41.1
29.016915,41.107029999999995
29.02632,41.10788000000001
29.02398,41.10775
29.02273,41.10468
29.01818,41.1019
29.02145,41.10029
29.02265,41.10466
29.027869999999997,41.10628
29.02206,41.0999
29.02366,41.10766
29.02621,41.10517
29.01567,41.1063
29.021629999999995,41.100190000000005
29.02063,41.10786
29.01833,41.10173
29.01639,41.10442
29.02018,41.10436
29.0248,41.09907
29.02661,41.10786
29.02433,41.10783
29.021594999999998,41.10647
29.02639,41.10523
29.02696,41.10789
29.02911,41.10783
29.02156,41.10024
29.021884999999997,41.10456
29.025880000000008,41.105090000000004
29.0163875,41.1044225
29.02759,41.10683
29.023389999999996,41.10475
29.02739,41.10764
29.0232,41.10471
29.02755000000001,41.107009999999995
29.016200000000005,41.10459999999999
29.01899666666667,41.101283333333335
29.0207,41.10574
29.02389,41.10773
29.026960000000003,41.10789
29.02419,41.10486
29.0194625,41.1011725
29.024612,41.10495050000001
29.027299999999993,41.10790999999998
29.025880000000015,41.105090000000004
29.02249,41.10781
29.02449,41.09916
29.02304,41.10752
29.01709,41.10354
29.01669,41.10406
29.02794,41.10804
29.02728,41.10794000000001
29.03114,41.09985
29.0157,41.10633
29.023580000000003,41.104769999999995
29.0213,41.10452
29.01785,41.10725
29.02163,41.10716
29.02258,41.10725
29.02309,41.10472
29.02145,41.10029
29.02657,41.10566
29.01673,41.10399
29.02443,41.10492
29.02616,41.107805
29.02343,41.10475
29.02161,41.10714
29.02241,41.10786
29.02285333333333,41.105266666666665
29.02712,41.09943
29.01706,41.10357
29.02157043478261,41.10653913043478
29.0264378125,41.099119375
29.02672,41.10521
29.02645,41.10633
29.027730000000002,41.10552
29.02472,41.09909
29.02158,41.10455000000001
29.02925,41.10725
29.023,41.10471
29.026179999999997,41.107780000000005
29.02561,41.10778
29.02389,41.10478
29.02317,41.09934
29.01749,41.10719
29.02512,41.10784
29.019539999999996,41.10115
29.02403,41.10776
29.026079999999997,41.105119999999985
29.02949,41.10722999999999
29.02225,41.10795
29.019989999999996,41.10444
29.02272,41.10585
29.03116,41.09979
29.01573,41.10635
29.02266,41.10612
29.02529,41.09896
29.02556,41.10504
29.02752,41.10712
29.01614,41.10468
29.02899,41.09969
29.02343,41.10474
29.02257,41.10648
29.0231,41.10475
29.017039999999994,41.10361000000002
29.02365,41.104773333333334
29.01994,41.10459
29.02142,41.10801
29.01934,41.10758
29.024610000000013,41.10789
29.01739999999999,41.103139999999996
29.02645,41.10635
29.02799,41.1062775
29.022540000000014,41.10778000000001
29.01565,41.10629
29.02267,41.10605
29.01621,41.10459
29.01994,41.10465
29.024984,41.107848000000004
29.01606,41.1066
29.0275,41.1072
29.01598,41.10654
29.02393,41.10773
29.02646,41.10637
29.02791,41.09987
29.023578461538456,41.107639999999996
29.02529,41.09896
29.027880000000003,41.106190000000005
29.02974,41.09952
29.02156,41.1066
29.02887,41.10708
29.02859,41.10686
29.01567,41.10518
29.02158,41.10652
29.02123,41.10798
29.02343,41.10475
29.029440000000008,41.10724
29.02009,41.10435
29.01989,41.10489
29.01822,41.10186
29.02351,41.10764
29.027395,41.09958
29.0221,41.10799
29.01949,41.10116
29.022813333333335,41.10542
29.016755714285715,41.10697285714286
29.02598,41.1051
29.02639,41.10517
29.01626,41.10454
29.02996,41.09958
29.01833,41.10731000000001
29.01927333333333,41.10122
29.01599,41.10655
29.02867,41.10692
29.02663,41.10532
29.0275,41.1072
29.02532,41.105
29.02543,41.09889
29.027780000000003,41.10612
29.02154,41.10033
29.02524,41.10782
29.02904,41.10727999999999
29.0221,41.10457
29.01998,41.10448
29.02451,41.10786
29.02815,41.1064
29.0258,41.1078
29.02636,41.10522
29.02794,41.10804
29.019360000000002,41.101189999999995
29.025319999999997,41.105000000000004
29.02632,41.10712
29.026210000000003,41.09905333333334
29.02655,41.10583
29.02251,41.10762
29.02108,41.10796
29.01993,41.10471
29.02621,41.10517
29.017800000000005,41.10243
29.02294,41.10493
29.01991,41.10525
29.02438,41.10785
29.021510000000003,41.10685999999999
29.02083,41.10789
29.02174000000001,41.108030000000014
29.021779999999996,41.10735
29.019950000000005,41.10533
29.02215,41.09989
29.02658,41.10557
29.02186,41.10744
29.02164,41.10025
29.02987,41.09953
29.02002,41.10777
29.02529,41.09896
29.02778,41.10596
29.021509999999996,41.10026
29.0290825,41.10733499999999
29.024549999999998,41.10488999999999
29.02913,41.09967
29.01683,41.10388
29.0195725,41.1076525
29.02256,41.10650999999999
29.02562,41.10505
29.02189,41.10748
29.0252,41.10499
29.020464444444446,41.10442
29.02255,41.10659
29.026349999999997,41.107
29.01643,41.104380000000006
29.022536666666667,41.10661666666667
29.02684,41.09921
29.01836,41.10169
29.015430000000002,41.105464999999995
29.023890000000005,41.10478
29.01975,41.1011
29.02189,41.10748
29.02777,41.10599
29.02781,41.1058
29.02406,41.10775
29.015840000000008,41.105000000000004
29.02659,41.09918
29.024060000000002,41.10775
29.01982,41.10512
29.02981,41.09952
29.01534,41.105819999999994
29.017304999999997,41.1032875
29.0186,41.10151
29.02337368421053,41.099308947368435
29.01567,41.1063
29.02026,41.10559
29.024909999999995,41.10786
29.02297999999999,41.10753
29.02643,41.10659
29.022100000000002,41.10765
29.02974,41.09952
29.02105,41.1045
29.025705,41.098905
29.02113,41.10063
29.02371000000001,41.107670000000006
29.022602,41.099574000000004
29.02744,41.10742
29.02766,41.10657
29.01698,41.10705
29.026619999999998,41.10535
29.02121,41.10057
29.022630000000003,41.10757
29.02149,41.10694
29.02913,41.10776
29.027735,41.1062875
29.022706666666668,41.105959999999996
29.01554,41.10619
29.02905,41.09967
29.02911,41.1078
29.022730000000003,41.10468000000001
29.021270000000005,41.10054000000001
29.03044,41.09976
29.01539,41.10594
29.02275,41.10569
29.02135,41.10049
29.02164,41.10719
29.026079999999997,41.10784
29.02764,41.10663
29.019000000000005,41.1012825
29.02435,41.10784
29.02949,41.10723
29.02143,41.1003
29.021719999999995,41.107279999999996
29.01644,41.10437
29.02841571428572,41.10660428571429
29.02123,41.10056
29.021880000000003,41.10747
29.02611,41.10783
29.01754,41.1072
29.029109999999996,41.10739
29.01951,41.10115
29.02718,41.09947
29.02618,41.107772
29.02084,41.10075
29.02113,41.10063
29.02397,41.10773
29.02632,41.10788
29.02306,41.10757
29.02473,41.10787
29.02142,41.10801
29.02251,41.10697
29.0262775,41.1052
29.02778,41.1061
29.025319999999997,41.107870000000005
29.02489,41.10783
29.02902,41.107235
29.029,41.10803
29.02207,41.10763
29.02645,41.10633000000001
29.02612,41.10516
29.02776,41.10627
29.02021,41.10437
29.0236,41.09927
29.023,41.10471
29.02047,41.10784
29.02888,41.09976
29.01905,41.10127
29.02298,41.10751
29.02282,41.1054
29.02158,41.10652
29.017529999999997,41.10292
29.02143,41.1003
29.01624,41.10456
29.02813,41.10637
29.02949,41.10723
29.02067,41.10083
29.02622000000001,41.107539999999986
29.0242,41.10782
29.019980000000007,41.10447999999999
29.02536,41.10505
29.021560000000004,41.106080000000006
29.02914,41.10716
29.02211,41.09987
29.027050000000006,41.105260000000015
29.02117,41.10451
29.01926,41.10122
29.02241,41.10463
29.027879999999996,41.10618999999999
29.02189,41.10748
29.02074,41.10575
29.02128,41.10589
29.024099999999997,41.10777
29.030215,41.099685
29.02723,41.10528
29.027370000000005,41.10779000000001
29.02261,41.10631
29.02142,41.10801
29.027965000000002,41.106260000000006
29.022879999999997,41.105180000000004
29.021509999999992,41.10454
29.022669999999998,41.10605000000001
29.02648,41.10647999999999
29.022039999999997,41.10457
29.023495,41.107635
29.023152857142854,41.10758047619047
29.02771,41.10637
29.02364,41.10767
29.02815,41.09989
29.02313,41.10755
29.02447,41.10494
29.015719999999998,41.10513000000001
29.02949,41.10723
29.024482500000005,41.10494
29.02425000000001,41.10783000000001
29.02691,41.10524
29.01706,41.10357
29.01961000000001,41.10765999999998
29.02776,41.09985
29.02758,41.10687
29.02277,41.10468
29.017755,41.10723
29.017375,41.1031675
29.01567,41.1063
29.01626,41.10674
29.02313,41.10472
29.02311,41.09936
29.01948,41.10762
29.02106,41.10582
29.02887,41.10708
29.025610000000004,41.107780000000005
29.02143,41.1003
29.02004,41.10436
29.0260376,41.0989996
29.021181724137925,41.10798
29.02911,41.1078
29.02645,41.10627
29.01989,41.10774
29.0187,41.10144
29.02654,41.10586
29.02775,41.10555
29.02232,41.10790999999999
29.023599999999995,41.10764999999999
29.01623,41.106717499999995
29.02914,41.10769
29.02379,41.10479
29.021129999999992,41.10797000000001
29.03072,41.09972
29.022780000000004,41.10560000000002
29.028809999999996,41.10805
29.01572,41.10634
29.022529333333342,41.10709666666666
29.02705,41.10526
29.02044,41.10784
29.02151,41.10684
29.02616,41.10781
29.03117,41.09979
29.026460000000007,41.106379999999994
29.0213,41.10452
29.026480000000003,41.10645
29.02005,41.10436
29.01563,41.10628
29.01957,41.10115
29.02251,41.10693
29.02143,41.10031
29.0194,41.10119
29.02943,41.10724
29.01826,41.10731
29.02611,41.10781
29.01744,41.10718
29.02732,41.1079
29.02945,41.09951
29.02341,41.10762
29.0179,41.10227
29.023320000000002,41.107600000000005
29.02546,41.10781
29.027536666666666,41.10534666666667
29.024160000000006,41.09925
29.022863333333333,41.105230000000006
29.02151,41.10603
29.024250000000002,41.10783
29.0235,41.10763
29.02321,41.107589999999995
29.02608,41.10512
29.02507,41.10784
29.021910000000005,41.10747999999999
29.02639,41.10684
29.0217,41.10455000000001
29.015981111111113,41.10654111111111
29.01907,41.10127
29.02911,41.1078
29.02833,41.10653
29.02164,41.10455
29.023019999999995,41.104779999999984
29.0227,41.09952
29.02064,41.10444
29.02123,41.10798
29.018753333333336,41.10736333333333
29.02779,41.108025
29.02038,41.10783
29.02917,41.10718
29.021560000000004,41.10659
29.02517,41.10783
29.02155,41.10705
29.01723,41.10338
29.02073,41.1008
29.019180000000002,41.101240000000004
29.02858,41.10673
29.03014,41.09965
29.02155,41.10665
29.03117,41.09981
29.02213,41.10798
29.02213,41.10766
29.019229999999997,41.10122333333333
29.02368,41.10767
29.02772,41.10631
29.02909,41.10798
29.017129999999998,41.10709
29.021689999999996,41.10016
29.0289,41.10805
29.01706,41.10357
29.017079999999993,41.10708
29.02179,41.10455
29.02884,41.10704
29.022750000000002,41.10468
29.01689,41.10702
29.02821666666667,41.10644666666666
29.01913,41.10752
29.015350000000005,41.105849999999975
29.031,41.09985
29.021499999999996,41.10695
29.023029999999995,41.10470999999999
29.01913,41.10126
29.02646,41.10524
29.02771,41.10634
29.02143,41.10042
29.02434,41.10784
29.02094,41.10449
29.02946,41.09956
29.029,41.10803
29.026159999999997,41.10780999999999
29.02667,41.10786
29.03083,41.09983
29.028946,41.107146
29.02911,41.1079
29.0273,41.09955
29.025134615384612,41.105030769230765
29.01982,41.10511999999999
29.024666666666665,41.099050000000005
29.02709,41.10527
29.0227,41.10768
29.01567,41.1063
29.01949,41.10116
29.01572,41.10513
29.018150000000002,41.107303333333334
29.02497,41.105
29.02636,41.10522
29.01986,41.10108
29.025859999999994,41.1078
29.029474,41.107222
29.02583,41.10785
29.02227,41.09978
29.02265,41.10466
29.02781,41.10577
29.02306,41.09945
29.015589999999992,41.10625
29.021959999999996,41.10754
29.026510000000002,41.105940000000004
29.02189,41.10748
29.02574,41.1078
29.0217,41.100205
29.026479999999996,41.106452727272725
29.02635999999999,41.10697000000001
29.024099999999997,41.10777
29.02187,41.10746
29.02229999999999,41.10791999999999
29.02617,41.1078
29.01884,41.10135
29.02493,41.09903
29.02628967741936,41.1072406451613
29.02274,41.105720000000005
29.027793333333335,41.09987
29.01639,41.10442
29.025219999999997,41.10504
29.02265,41.10466
29.019399999999994,41.10119000000001
29.0174,41.10717
29.0211,41.10063
29.026530000000005,41.10589000000001
29.02236,41.10789
29.027209999999997,41.10790999999999
29.026189999999993,41.10775
29.01759,41.1028
29.02443,41.10785
29.02272,41.10578
29.02182000000001,41.10739
29.02207,41.10457
29.02647,41.10606
29.025395,41.1050125
29.02569,41.09896
29.02645,41.1079
29.026380000000007,41.1069
29.022593333333333,41.10639666666666
29.023080000000007,41.10754
29.01873999999999,41.107359999999986
29.01788,41.1023
29.023760000000006,41.10768000000001
29.02278,41.1056
29.021023333333332,41.1045
29.02795,41.10625
29.017800000000005,41.10243
29.01694,41.10704
29.02014,41.10554
29.02012,41.10779
29.01598,41.10654
29.02155,41.10454
29.02161,41.10636999999999
29.02186,41.10745
29.02328,41.10474
29.02718,41.09947
29.026325,41.107105000000004
29.01606,41.1066
29.0221,41.10799
29.01992,41.10528
29.02833,41.10653000000001
29.024572500000005,41.10495
29.02161,41.1063
29.02446,41.0991
29.02304,41.09938
29.02884,41.10704
29.028679999999998,41.10807
29.02915,41.10759
29.02721,41.09942
29.02789,41.106289999999994
29.025450000000003,41.10781666666667
29.01639,41.10442
29.02781,41.10584
29.01938,41.10119
29.019,41.107455
29.027320000000007,41.107899999999994
29.02154,41.10669
29.01534,41.10568
29.02917,41.10718
29.02374,41.10768
29.02181,41.10007
29.02497,41.10784999999999
29.0193,41.10757
29.02226,41.10769
29.02508,41.10788000000001
29.02265,41.10771
29.02309,41.10472
29.02415,41.10779
29.0233875,41.099305
29.02401,41.10774
29.02375,41.09935
29.02614,41.10783
29.01792,41.10727
29.02221,41.10768
29.02216,41.09984
29.017040000000005,41.103600000000014
29.02265,41.10735
29.02151,41.10679
29.02894,41.10714
29.02495,41.10784
29.0293,41.10727
29.01567,41.1063
29.02316,41.10755
29.02732,41.10529
29.0291,41.10793
29.02646,41.10622
29.02172,41.10728
29.02005,41.10102
29.02856,41.10683
29.026570000000003,41.10569
29.021449999999994,41.100289999999994
29.02738,41.10768
29.017440000000008,41.10717999999999
29.0283,41.10651
29.02148,41.10453
29.030079999999998,41.099575
29.02178,41.10735
29.02006,41.10436
29.01951,41.10115
29.02199,41.10457
29.023270000000004,41.10758
29.0156,41.10525
29.01784,41.10236
29.023509999999998,41.107639999999996
29.02404,41.1048
29.027329999999996,41.1079
29.02138000000001,41.10452999999999
29.0264625,41.106385
29.022720000000003,41.10578
29.01703,41.10706
29.02229,41.10793
29.02737,41.10772
29.01992,41.10528
29.02776,41.10627
29.03017,41.09959
29.0232,41.09943
29.021510000000003,41.10801999999998
29.02637,41.10693
29.024729999999998,41.107870000000005
29.016005,41.104825000000005
29.026505,41.10524
29.02079,41.10575999999999
29.02416,41.1078
29.02152,41.10691
29.026140000000012,41.10783000000001
29.02007,41.10435999999999
29.02335,41.10474
29.02257,41.10721
29.02918,41.09963
29.01575,41.10636
29.015359999999998,41.105900000000005
29.026479999999996,41.10647999999999
29.01591,41.10493
29.02356,41.10764
29.02598,41.09899
29.02805,41.10632
29.02435,41.104865000000004
29.02064,41.10444
29.02133,41.1005
29.026929999999997,41.09932
29.01652,41.10427
29.022815999999995,41.10469
29.02822,41.09988
29.02141,41.10594
29.01938,41.10119
29.02155,41.10665
29.01536,41.1059
29.02802,41.09994
29.0266,41.10549
29.02399,41.10479
29.02411,41.10779
29.02595,41.10782
29.017755,41.10723
29.02261,41.10631
29.021509999999996,41.10454
29.02251,41.10681999999999
29.0201,41.10551
29.0244,41.107850000000006
29.021560000000004,41.10024
29.01984,41.10772
29.03108,41.09978
29.02862,41.10676
29.02171,41.10015
29.027689999999996,41.10546
29.028880000000004,41.10697
29.0277875,41.1059375
29.02787,41.106184999999996
29.01889,41.10134
29.018483333333336,41.1016
29.020499999999995,41.10441999999999
29.023,41.09948
29.027039999999992,41.107919999999986
29.02623,41.10782
29.0201,41.10551
29.02812,41.10645999999999
29.026450000000004,41.10635
29.02785,41.10628
29.02497,41.10789
29.01884,41.10738
29.02173,41.10455
29.02934,41.09959
29.02189,41.10748
29.01997,41.10451
29.020910000000004,41.10792
29.0216,41.100285
29.02251,41.1078
29.02147,41.10598
29.022249999999996,41.10795000000001
29.01628,41.10451
29.02277,41.10764
29.02788,41.10619
29.02221,41.10768
29.02306,41.10471
29.0218,41.10737
29.02403,41.10776
29.02342,41.10761
29.027363333333337,41.10783333333333
29.024,41.1048
29.02021,41.10437
29.02305,41.10477
29.02279,41.10762
29.02271,41.10588
29.01648,41.10431999999998
29.01772,41.10722
29.02167,41.10803
29.02589,41.10785
29.0176,41.10277
29.02158,41.10652
29.02746,41.10532
29.0227,41.10591
29.02736,41.10786
29.02735,41.10795
29.0261,41.09902
29.02917,41.09964
29.01984,41.10772
29.02617,41.09904
29.02166,41.10721
29.02881,41.10805
29.02781,41.10567
29.027429999999995,41.10745999999999
29.01546,41.1061
29.021879999999996,41.10456
29.02265,41.10735
29.0266,41.10544
29.02371,41.10768
29.02778,41.1061
29.016824999999997,41.103885
29.02158,41.10652
29.01729,41.10331000000001
29.02302,41.10478
29.03072,41.09972
29.026600000000002,41.10549000000001
29.02418,41.10483
29.024645,41.107855
29.01918,41.10124
29.02237,41.10788
29.01895,41.10742
29.02767,41.10544666666667
29.02232,41.10791
29.016439999999996,41.10437000000001
29.01732,41.10325
29.02536,41.10505
29.02616,41.10517
29.026129999999995,41.107829999999986
29.0196,41.10114
29.01534,41.10574
29.02897,41.10717
29.02196,41.10754
29.02785,41.10628
29.02311,41.09936
29.02152,41.10689
29.0242,41.1078
29.02785,41.10628
29.02349,41.10763
29.027710000000003,41.10637
29.0255425,41.1050725
29.0273,41.09955
29.028678620689654,41.10807
29.021509999999996,41.10026
29.01676,41.10396
29.021246666666666,41.10798333333333
29.019310000000004,41.10121000000001
29.02148,41.10453
29.01631,41.10676
29.024575,41.10489
29.02742,41.0996
29.030340000000006,41.09963
29.02164,41.10455
29.03077,41.09973
29.02388,41.10772
29.02186999999999,41.10745999999999
29.021600000000007,41.10618999999999
29.02654,41.10586
29.02627,41.1052
29.0207,41.10574
29.02551,41.09895
29.01729,41.10331
29.0276825,41.1064725
29.02345,41.10762
29.02704,41.10792
29.017800000000005,41.10243
29.015890000000002,41.10495000000001
29.01722,41.1034
29.02292,41.10504
29.023917096774188,41.0993106451613
29.02198,41.10755
29.02344,41.10761
29.02591,41.10782
29.02622,41.107600000000005
29.024230000000003,41.10781
29.02363,41.107665
29.02373,41.099255
29.02369,41.10478
29.02266,41.0996
29.02189,41.10748
29.02118,41.10585
29.02264,41.10619
29.01905,41.10127000000002
29.02627,41.1073012
29.02763,41.10667
29.01979,41.10771
29.02573,41.10511
29.02216,41.09984
29.02292,41.10749
29.024160000000013,41.09924999999999
29.02626999999999,41.10519999999999
29.02766,41.10657
29.02732,41.1079
29.02251,41.10678
29.02895,41.10805
29.02355999999999,41.10763999999999
29.02892,41.10805
29.0226,41.10637
29.02549,41.10781
29.02532,41.10787
29.02177,41.10455
29.02006,41.10436
29.02648,41.10603
29.01934,41.10758
29.02611,41.10781
29.02659,41.10554
29.026079999999993,41.10785000000001
29.02544,41.107870000000005
29.0213,41.10452
29.0227,41.10594
29.0291,41.10785
29.021329999999995,41.108
29.02617,41.09904
29.021575,41.107085
29.0197,41.10769
29.024390000000007,41.104910000000004
29.03073,41.09982
29.02651,41.09915
29.027939999999997,41.10804000000001
29.025950000000005,41.10784
29.02651,41.10593999999999
29.01581,41.10504
29.02544,41.10781
29.02713,41.10527
29.02154,41.10605
29.02662,41.10537
29.021929999999998,41.09998399999999
29.02638,41.1069
29.02225,41.10795
29.02245,41.10784
29.02866,41.09983
29.024279999999997,41.104849999999985
29.01811,41.10199
29.01983,41.10108
29.023320000000002,41.104749999999996
29.01869,41.10736
29.024559999999997,41.09913
29.02386,41.09922888888888
29.02144,41.10596
29.026459999999997,41.106519999999996
29.02439,41.10491
29.026079999999997,41.10784
29.019890000000004,41.105219999999996
29.028484285714285,41.106654285714285
29.024666666666672,41.1049
29.017530000000004,41.10292
29.02987,41.09953
29.02285,41.10528
29.02569,41.10786
29.022593333333333,41.10639666666666
29.01895,41.10742
29.01586,41.10644
29.02403,41.10777
29.02359,41.10475
29.02362,41.10765
29.02151,41.10026
29.01782000000001,41.102399999999996
29.01616,41.10466
29.01536,41.10588
29.02389000000001,41.10479000000001
29.02592,41.09898
29.02781,41.10574090909091
29.02828,41.10649
29.01983,41.10108
29.02262,41.10629
29.02273,41.10766
29.018990000000002,41.10744
29.021910000000002,41.10748
29.02849,41.09983
29.02067,41.10083
29.021452500000002,41.1002875
29.02292,41.1047
29.02026,41.10781999999999
29.021489999999996,41.106939999999994
29.028720000000003,41.10806
29.02226,41.1046
29.0248,41.10498
29.02764,41.10542
29.0176,41.10277
29.03032,41.09972
29.02303,41.10754
29.02918,41.09963
29.026929999999997,41.09932
29.02735,41.10788
29.02216,41.09984
29.02837999999999,41.10657000000001
29.016360000000002,41.10679
29.022960000000005,41.10485999999999
29.02325,41.10474
29.02779,41.105907499999994
29.01799,41.10214
29.023340000000005,41.0994
29.0192,41.10754
29.02188,41.10747
29.0219,41.10748
29.02359,41.09938
29.02778,41.106102
29.015379999999997,41.10591999999999
29.0196,41.10114
29.02188,41.10747
29.023450000000008,41.10762
29.02654,41.10586
29.02705,41.10526
29.02613,41.10783
29.027759999999997,41.10627
29.01753,41.10292
29.02318,41.10756
29.02142,41.10801
29.02221,41.10768
29.023530000000008,41.10475
29.02186,41.10744
29.02914,41.10764
29.02127,41.10054
29.02164,41.10025
29.02831,41.10651666666667
29.02309,41.10472
29.02949,41.10723000000001
29.029623333333333,41.09950666666666
29.02237,41.10788
29.027370000000005,41.10774869565218
29.023,41.10471
29.0267,41.09914
29.01689,41.10702
29.02628,41.09901
29.02686,41.09929
29.015350000000005,41.105849999999975
29.0201,41.10101
29.021600000000007,41.100220000000014
29.031135,41.09978
29.02619,41.10775
29.0278275,41.106272499999996
29.01993,41.10775
29.01636,41.10679
29.02447,41.10494
29.02313,41.10472
29.021552000000003,41.10802
29.02641,41.10674
29.022410000000008,41.10785999999999
29.01972,41.10111
29.026859999999992,41.10524000000001
29.01998,41.10448
29.02135,41.10591999999999
29.02049,41.10784
29.02403,41.10776
29.02922,41.10722
29.0281575,41.106405
29.0218,41.10737
29.01982,41.10509
29.0265,41.10596
29.0297,41.09953
29.021409999999992,41.105940000000004
29.02584,41.09892
29.022169999999992,41.10457999999999
29.01984,41.10772
29.025920000000003,41.10513999999999
29.02983,41.09955
29.02247058823529,41.10781970588235
29.021740000000005,41.10803
29.0157,41.10633
29.024970000000003,41.10785
29.02915,41.10755
29.018699999999992,41.10143999999998
29.03115,41.09978
29.02613,41.10783
29.02236,41.10789
29.021740000000005,41.10803
29.025819999999992,41.10511999999999
29.02393,41.10773
29.02794,41.10804
29.0177,41.10259
29.01534000000001,41.10579000000001
29.02943,41.10724
29.02254,41.10714
29.0194,41.10119
29.031113333333334,41.09985
29.02161,41.10637
29.0172,41.10342
29.02583,41.10508
29.02663,41.0991
29.02472,41.107899999999994
29.02754,41.10705000000001
29.028304000000002,41.106614
29.02234,41.1079
29.02791,41.09992
29.015552500000002,41.106215
29.0157,41.10516
29.02264,41.10619
29.022530000000003,41.1071
29.02222,41.10796
29.02557,41.09889
29.030080000000005,41.09963
29.0291,41.10795
29.02637,41.10693
29.02663,41.1053
29.01706,41.10357
29.028105,41.106445
29.020043333333337,41.10436
29.024415,41.099115
29.02336,41.10761
29.02646,41.10637
29.02262,41.10732
29.026355,41.107884999999996
29.022100000000002,41.10457000000001
29.022659999999995,41.0996
29.022319999999997,41.10791
29.021509999999996,41.10026
29.02737,41.10774250000001
29.02136,41.10452
29.02261,41.10634
29.02591,41.10782
29.02107,41.10065
29.0232,41.09943
29.02649,41.10524
29.02101,41.1045
29.02647,41.10612
29.022720000000007,41.10584999999999
29.01549,41.10537999999999
29.02433,41.10486
29.01889,41.10134
29.02128,41.10589000000001
29.028195,41.0999325
29.020893333333333,41.10448333333333
29.027769999999997,41.106014
29.01938,41.10761
29.01594,41.1049
29.022519999999997,41.10667
29.02772,41.10631
29.02079,41.10789
29.03077,41.09973
29.02419,41.10486
29.0273,41.09955
29.02342999999999,41.10474
29.02555,41.10781
29.02026,41.10559
29.02150999999999,41.10679
29.02809,41.10635
29.02772,41.10631
29.020400000000002,41.10783
29.024510000000003,41.10786
29.02205,41.10762
29.03108,41.09978
29.01982,41.10512
29.023770000000003,41.10477
29.02709,41.09935
29.02215,41.09989
29.01969,41.10112
29.03011,41.09958
29.02234,41.1079
29.01965930232557,41.101130000000005
29.022769999999994,41.107639999999996
29.03057,41.09979
29.02949,41.10723000000001
29.0226,41.10774
29.02198,41.10755
29.021893333333335,41.100003333333326
29.01534,41.10568
29.02772,41.10631
29.02732,41.09951
29.01756,41.102845
29.027810000000006,41.10577
29.02643999999999,41.10629999999999
29.019,41.10745999999999
29.02221,41.09985
29.02451,41.10488
29.02732,41.10789
29.02143,41.1003
29.02637,41.0991
29.0219,41.10456
29.01722,41.1034
29.027660909090912,41.105440606060604
29.01905,41.10127
29.02122,41.10586
29.02259,41.09958
29.02145,41.10029
29.0229,41.10758
29.02696,41.10525
29.02755,41.10536
29.02004,41.10436
29.022328571428574,41.099735714285714
29.02815,41.09989
29.015589999999996,41.10625
29.02155,41.10454
29.02646,41.106184999999996
29.021719999999988,41.10727999999999
29.027419999999996,41.09963
29.01757,41.10283
29.02611,41.10781
29.02298,41.10753
29.027730000000002,41.10551999999999
29.01916,41.10124
29.02345,41.10762
29.02389000000001,41.10772999999998
29.028919285714284,41.108050000000006
29.01757,41.10283
29.02401,41.10774
29.023618800000005,41.1076596
29.027766666666665,41.099826666666665
29.0291,41.10714
29.01772,41.10722
29.02123,41.10056
29.023170000000004,41.10472
29.021959999999996,41.108
29.030399999999997,41.09965
29.020169999999997,41.1078
29.0266,41.10544
29.027148,41.10791
29.02152,41.10689
29.02592,41.09898
29.027730000000005,41.10552
29.02259,41.09958
29.03117,41.09981
29.01619,41.10462
29.026860000000003,41.10788
29.02241,41.10765
29.02737,41.10772
29.02626,41.10787
29.02154,41.1066892
29.027350357142854,41.1078792857143
29.02167,41.10018
29.02742,41.10751
29.021869999999996,41.10801
29.029,41.10803
29.01782,41.1024
29.02621,41.10764
29.02213,41.10766
29.01534,41.10571
29.0248025,41.10786
29.022439999999992,41.10763999999999
29.02302,41.10478
29.02121,41.10451
29.02987,41.09953
29.026619999999998,41.105299999999986
29.02251,41.10674
29.02359,41.10764
29.02949,41.10723
29.02435,41.10784
29.02833,41.10803
29.021740000000005,41.10803
29.0216,41.10644
29.02258,41.10775999999999
29.026230000000005,41.09906
29.02631,41.10715
29.021990000000002,41.099945000000005
29.019239268292683,41.10122024390244
29.02289,41.10511
29.02207,41.10763
29.02022,41.10099
29.0258,41.1078
29.02845,41.10674
29.029490000000003,41.10723000000001
29.02428999999999,41.107829999999986
29.028280000000002,41.10659
29.02074,41.10446
29.016869999999994,41.10383000000001
29.02229,41.10793
29.01622,41.10457
29.01946999999999,41.10116999999999
29.01947,41.10117
29.02398,41.10775
29.02116,41.10061
29.02625,41.10739
29.02063,41.10786
29.01951,41.10115
29.02646,41.10652
29.02257999999999,41.106440000000006
29.02915,41.10758
29.02187,41.10746
29.019710000000003,41.10111333333333
29.02369,41.10478
29.02911,41.107145
29.023800000000005,41.10769
29.02663,41.0991
29.02322666666667,41.107593333333334
29.02484,41.10783
29.02364,41.10766999999999
29.02815,41.09989
29.02332,41.10759
29.01849,41.10733
29.0273,41.09955
29.02907,41.10712
29.02251,41.10692999999999
29.01994,41.10465
29.02958,41.09954
29.01989,41.10522
29.02805,41.10632
29.02145,41.10029
29.026139999999998,41.105165
29.01542,41.10548
29.02915,41.10758
29.01542,41.10548
29.02608,41.10784
29.02835,41.10666
29.01855,41.10155
29.022585000000003,41.107755
29.02864,41.10807
29.0291,41.10795000000001
29.01727,41.10334
29.0187,41.10144
29.01534000000001,41.10579000000001
29.02642,41.10524
29.021961304347833,41.10456999999999
29.02012,41.10553
29.019380000000005,41.10761000000001
29.02644,41.10629
29.02452,41.10494
29.02601,41.10782
29.02175,41.100109999999994
29.026439999999997,41.10518
29.02377,41.09925
29.02794,41.10804
29.03116,41.09979
29.01899,41.10744
29.025719999999996,41.1078
29.01699000000001,41.10366
29.02193,41.10004000000001
29.026490000000003,41.10598
29.02394,41.10774
29.02451,41.10786
29.02949,41.10723
29.02283,41.10536
29.02949,41.10723
29.023184999999998,41.104715
29.01951,41.10115
29.02151,41.10686
29.02352,41.09928
29.02301,41.10757
29.02684,41.09921
29.02658,41.105255
29.017540000000007,41.107199999999985
29.02279,41.10553
29.0242,41.1078
29.017080000000004,41.10708
29.02273333333333,41.10753
29.0291325,41.107434999999995
29.016250000000003,41.10455000000001
29.0248,41.10498
29.02758,41.10687
29.02283,41.10745
29.02416,41.10486
29.0213725,41.1059275
29.02735,41.10795
29.02143,41.1003
29.02256,41.10777
29.02083333333333,41.104470666666664
29.01952,41.10764
29.024906666666666,41.09903666666667
29.02909,41.10798
29.02154,41.10703
29.02284,41.10533
29.025199999999998,41.098985
29.025610000000004,41.107780000000005
29.02259,41.10641
29.02332,41.10475
29.026121999999997,41.10781
29.02641,41.10674
29.022035000000002,41.099914999999996
29.02752,41.10712
29.01704,41.1036025
29.02581999999999,41.105119999999985
29.02204,41.09996
29.028180000000006,41.10642000000001
29.02145,41.10029
29.02497,41.10789
29.02647,41.10606
29.022874,41.107527999999995
29.01696,41.1037
29.02532,41.10787
29.023877499999998,41.1077275
29.02949,41.10723
29.01689,41.10702
29.01659,41.104205
29.021859999999997,41.10744
29.027119999999996,41.107929999999996
29.0228,41.1055
29.026672692307688,41.10786038461539
29.02667,41.10786
29.023928620689645,41.1077396551724
29.02133,41.1005
29.027689999999996,41.10643
29.01594,41.1065
29.02775,41.10628
29.02294,41.10757
29.02152,41.10688
29.02,41.1044
29.027392499999998,41.10762750000001
29.02833,41.10802999999999
29.02031,41.10782
29.02141,41.10044
29.0216,41.10644
29.02958,41.09954
29.016190000000012,41.104620000000004
29.022,41.108
29.017039999999994,41.10360000000001
29.028746666666667,41.10806
29.02019,41.10556
29.02657,41.10569
29.02611,41.10781
29.024160000000002,41.09925
29.02655,41.09907
29.02538,41.10501
29.02188,41.10007
29.02578,41.10511
29.0187,41.10144
29.01547,41.10542
29.0263,41.09908
29.02792,41.10623
29.02216,41.10767
29.02949,41.10723
29.02791,41.09987
29.015599999999996,41.10524999999999
29.02063,41.10786
29.01998,41.10446
29.0227,41.1046725
29.019970769230774,41.10450769230769
29.026230000000012,41.09906
29.02595,41.10782
29.015989999999995,41.10484
29.026559655172417,41.10580103448277
29.0262,41.10767
29.024560000000005,41.10495000000001
29.02416,41.10486
29.027986666666663,41.10804
29.02646,41.10622
29.02753,41.10534
29.02523,41.10786
29.02601,41.09894
29.02987,41.09953
29.0245,41.10787
29.02949,41.10723000000001
29.026469999999996,41.10606428571429
29.02368,41.10767
29.021529999999995,41.10672
29.02624157894737,41.105181052631586
29.02292,41.10505
29.02914,41.10762
29.02123,41.10056
29.02132,41.1059
29.02443,41.10785
29.0186,41.10735
29.027725,41.099805
29.02377,41.10477
29.0174,41.10717
29.02582,41.10512
29.02079,41.10576
29.02793,41.10631
29.02143,41.1003
29.02048,41.10566999999999
29.01536,41.10588
29.015829999999998,41.10642000000001
29.026609999999998,41.10528
29.0288475,41.10705
29.01897,41.10129
29.026169999999997,41.1078
29.01931,41.10121
29.01993,41.10106
29.02618,41.10778
29.0277,41.09979
29.017789999999998,41.10724000000001
29.029085,41.1079825
29.023649999999996,41.104759999999985
29.02052,41.10089
29.02493000000001,41.09903000000001
29.02122,41.10585999999999
29.02145,41.10029
29.02709,41.09935
29.023840000000003,41.10770000000001
29.02448,41.10785
29.020259999999997,41.10782
29.015379999999997,41.10591999999999
29.02205,41.10762
29.02683,41.10791
29.021272500000002,41.105885
29.02619,41.10774
29.021625,41.1002
29.017615,41.1027175
29.02125,41.10055
29.028353,41.10666199999999
29.0272,41.10793
29.01753857142857,41.102894285714285
29.02497,41.105
29.0264128,41.10783039999999
29.02813,41.10637
29.01855,41.10734
29.02731,41.10794
29.023829999999997,41.09933
29.020030000000002,41.10437
29.01982,41.10512
29.022549444444444,41.10717777777777
29.02018,41.10436
29.02055,41.10443
29.021920000000012,41.107499999999995
29.01998,41.10776
29.0217,41.10455
29.018180000000005,41.1019
29.01899,41.10744
29.02835,41.09986
29.02638,41.1069
29.02267,41.10605
29.02643,41.10663
29.02583,41.10508
29.01616,41.10466
29.02282,41.09947
29.022579999999987,41.106440000000006
29.026079999999997,41.10784
29.01999,41.10444
29.021180000000008,41.10798
29.02055,41.10569
29.028059999999996,41.10640999999999
29.01749,41.10719
29.0235,41.10763
29.026079999999997,41.10512
29.02283,41.10536
29.02652,41.10591
29.03028,41.09962
29.02473,41.10784
29.02278,41.1056
29.02455,41.10489
29.022849999999995,41.10528
29.0265075,41.105945
29.02006,41.10435999999999
29.019876666666665,41.10491
29.02650999999999,41.09915
29.021519999999995,41.106739999999995
29.0228,41.10762
29.0159,41.10647
29.03026,41.0997
29.02761999999999,41.106700000000004
29.02300115384616,41.10471
29.02188,41.10747
29.016250000000003,41.10455
29.02901,41.10722
29.0274075,41.1053025
29.020700000000005,41.10573999999999
29.01538,41.10592
29.021330000000003,41.10452000000001
29.02193,41.10456
29.02649,41.10518
29.02808,41.10804
29.02452,41.10494
29.02016,41.10436
29.019983333333332,41.10445333333333
29.017228,41.103384000000005
29.01636,41.10444
29.02264,41.10619
29.01711,41.10353
29.02205,41.10762
29.03073,41.09982
29.029,41.10706
29.021959999999996,41.10457
29.026169999999993,41.1078
29.02822,41.09988
29.02655,41.10583
29.01893,41.10131
29.024670000000004,41.10785
29.021956666666664,41.10753333333333
29.02266,41.10612
29.02544,41.10502
29.022949999999998,41.1049
29.019400000000005,41.10119000000002
29.02468,41.0991
29.01633,41.104465000000005
29.02252,41.10705
29.02659999999999,41.105439999999994
29.029300000000003,41.10727
29.02661,41.1054
29.027540000000002,41.10798
29.021527499999998,41.107005
29.03088,41.09984
29.02949,41.10723
29.02087,41.10578
29.02642,41.10667
29.02873,41.10684
29.02628,41.10726
29.01577,41.10638
29.01636,41.10444
29.01536,41.10588
29.02808,41.10804
29.02812,41.10646
29.022640000000006,41.10618999999999
29.01706,41.10357
29.02165,41.107200000000006
29.02119,41.10058
29.0194,41.10119
29.023130000000002,41.10472
29.0261725,41.10517
29.02631,41.099016666666664
29.02733,41.1079
29.029490000000003,41.107229999999994
29.03108,41.09978
29.0252,41.10786
29.0275,41.1072
29.01705,41.10358
29.02645,41.1079
29.01565,41.10629
29.020030000000002,41.10437
29.028119999999998,41.10646
29.027669999999993,41.106500000000004
29.02034,41.10562
29.020130000000005,41.10435
29.02776,41.09985
29.03032,41.09972
29.02159,41.10712
29.02624,41.10743
29.023220000000002,41.10474
29.02592,41.09898
29.02144,41.10596
29.020300000000002,41.104389999999995
29.01675,41.10697
29.02643999999999,41.10631999999999
29.028730000000003,41.106840000000005
29.024469999999997,41.10494
29.026207499999998,41.1076475
29.0288,41.10701
29.03108,41.09978
29.02207,41.10763
29.02627,41.107305000000004
29.02149,41.10027
29.02618,41.10777
29.02167,41.10018
29.02493,41.107836666666664
29.01925,41.10755999999999
29.02379,41.10479
29.01928,41.10757
29.025236666666668,41.098906666666664
29.023649999999996,41.10476
29.02949,41.10723
29.025070000000003,41.10502
29.021560000000004,41.10662
29.02038,41.10783
29.02496,41.10495
29.0266,41.10544
29.02622,41.1076
29.01916,41.10124
29.02776,41.09985
29.02098,41.10069
29.020869999999995,41.10578
29.027730000000002,41.106289999999994
29.01622,41.10457
29.03104,41.099766666666675
29.02425,41.10783
29.029,41.10803
29.01565,41.10629
29.02786,41.09991
29.0265375,41.1058675
29.0188,41.101369999999996
29.02171,41.10015
29.02343,41.0994
29.02383,41.10477
29.01619,41.10668
29.01735,41.10715
29.015699999999995,41.10633
29.0266,41.105426666666666
29.02779,41.10627
29.02087,41.1079
29.02161,41.1063
29.02083,41.10577
29.021559999999997,41.10608
29.02282,41.09947
29.020060000000004,41.105479999999986
29.01698,41.10705
29.02121,41.10451
29.021750000000004,41.10733
29.02292,41.10501
29.02186,41.10744
29.02732,41.10789
29.02643,41.10663
29.01874,41.10736
29.02121,41.10057
29.026243333333337,41.10787
29.01577,41.10638
29.02915,41.10753
29.02348,41.10474
29.02168,41.10022
29.03116,41.09979
29.02867,41.10692
29.02428,41.09915
29.02404,41.1048
29.02251,41.10689
29.02597,41.10514
29.0227,41.10591
29.02624,41.10746
29.01586,41.10644
29.02448,41.10785
29.027239999999995,41.10791
29.028105,41.106445
29.0278,41.09984
29.02663,41.10532
29.02245,41.10784
29.019,41.10745
29.026589999999995,41.10519
29.02645,41.10625
29.02249,41.107809999999986
29.0263,41.10721
29.029985,41.099590000000006
29.01534,41.10577
29.02251,41.10689
29.01749,41.10719
29.02189,41.10748
29.02182,41.10455
29.026449999999993,41.10627
29.02179,41.108016666666664
29.02808,41.10804
29.02253,41.10663
29.022759999999987,41.105659999999986
29.0236,41.09927
29.03115,41.09978
29.02311,41.10474000000001
29.02654,41.10519
29.02641,41.10676999999999
29.02252,41.10671
29.028234000000005,41.106554
29.01657,41.10689
29.02766,41.10657
29.02018,41.10436
29.02437,41.09913
29.02296,41.1047
29.02167,41.10018
29.02925,41.10725000000001
29.02549,41.10781
29.02627,41.1052
29.02021,41.10437
29.01626,41.10674
29.02177,41.10455
29.015735000000003,41.1063525
29.01653,41.106869999999994
29.02327,41.09942
29.02397,41.10773
29.024122352941173,41.10485058823529
29.017040000000005,41.103600000000014
29.02441,41.107843333333335
29.0291,41.10714000000001
29.02502,41.10496
29.02544,41.10502
29.02026,41.10782
29.02785,41.10628
29.026004999999998,41.105105
29.02779,41.10613
29.02187,41.10801
29.02686,41.10524
29.0258,41.1078
29.02781,41.10575
29.027820000000002,41.10627
29.0295,41.09951
29.02662,41.1053
29.02019,41.10556
29.02561,41.10778
29.02915,41.10749
29.02254,41.10778
29.02742,41.0996
29.02668,41.10521
29.01911,41.10751
29.01636,41.10679
29.02769,41.10643
29.02808,41.10804
29.02297,41.10757
29.03108,41.09978
29.02913,41.10775999999999
29.02067,41.10787
29.02639,41.10517
29.022949999999998,41.10757
29.02369,41.10766
29.02098,41.10069
29.028810000000007,41.10805000000001
29.02001,41.10104
29.02453,41.1049425
29.01754,41.1072
29.022137500000003,41.10798
29.02823,41.10646
29.02753,41.10534
29.0242,41.10782
29.0261,41.09902
29.01539,41.105515
29.02751,41.09969
29.02652,41.10591
29.02152,41.10691
29.029065000000003,41.10731
29.02087,41.1079
29.026470000000003,41.10609
29.024,41.09929
29.02912,41.09966
29.02762,41.1067
29.02403,41.10777
29.02582,41.10512
29.02659,41.10519
29.02135,41.10049
29.02905,41.09967
29.02207,41.10457
29.02705,41.1079
29.02405333333333,41.09927666666667
29.02918,41.09963
29.01972,41.10111
29.02154,41.10033
29.02143,41.10042
29.01925,41.10756
29.02752,41.10712
29.01918,41.10753
29.01766,41.10266
29.02915,41.10751
29.02618,41.10777
29.02156,41.10707
29.018330000000002,41.10731
29.02651,41.10594
29.02353,41.10764
29.02376,41.10768
29.02915,41.10751
29.02167,41.10455
29.02785,41.10628
29.01755,41.10286
29.01996902439025,41.101050243902435
29.02268,41.10755
29.02578,41.10508
29.026390000000003,41.10789
29.029254,41.107251999999995
29.02299,41.1048
29.02317,41.09934
29.01639,41.10442
29.0222,41.10797
29.02651,41.09915
29.01666,41.10693
29.02619,41.10774
29.02276,41.10566
29.019980000000004,41.10538
29.01572,41.10513
29.02915,41.10758
29.022720000000003,41.10578
29.025705000000002,41.105064999999996
29.018139999999995,41.101952499999996
29.024189999999997,41.10486000000001
29.01636,41.10444
29.0218,41.10737
29.026570000000003,41.10525
29.02616,41.1078
29.02143,41.1003
29.02276,41.10566
29.03105,41.09977
29.028939999999995,41.10714
29.02949,41.10723
29.0159,41.10647
29.0194,41.10119
29.02928,41.09959
29.026130000000006,41.10782999999999
29.017399999999995,41.10314
29.020130000000005,41.10435
29.01554,41.10531
29.025432307692313,41.10781961538461
29.02213,41.10766
29.021509999999996,41.10691
29.02551,41.1078
29.02632,41.10788
29.02143,41.1003
29.026439999999997,41.10629
29.02636,41.10522
29.02578,41.10508
29.02225,41.10795
29.02385,41.09923
29.02941,41.09953
29.02412,41.10485
29.02656,41.1058
29.02152,41.106885
29.02433166666667,41.10486041666667
29.02949,41.10723
29.02331,41.10474
29.02777,41.10609
29.02164,41.10025
29.026390000000003,41.10517
29.017500000000005,41.10298
29.01671,41.10695
29.02915,41.10755
29.02303,41.10471
29.027977142857146,41.09989142857143
29.02098,41.10069
29.01909,41.10126
29.023050000000005,41.10476999999999
29.020020000000006,41.10542999999999
29.02749,41.10724
29.02502,41.10789
29.02207,41.10763
29.02232,41.09974
29.02161,41.1063
29.02575,41.09896
29.02166,41.100235
29.02674,41.107870000000005
29.02473,41.10784
29.019719999999996,41.10111
29.02159,41.10613
29.02154,41.10605
29.02736,41.10784
29.028630000000003,41.10689
29.02723,41.10528
29.02151,41.10691
29.02769,41.10645
29.02012,41.10779
29.02655,41.09907
29.01558,41.10624
29.02728,41.10794
29.01993,41.1047325
29.02598,41.1051
29.023670000000006,41.099369999999986
29.026375,41.105225000000004
29.02949,41.10723
29.02613,41.10783
29.02712,41.10793
29.02026,41.10559
29.02369,41.09926
29.0266,41.10544
29.02577,41.1078
29.01698,41.10705
29.01763,41.10269
29.02749,41.10724
29.015560000000004,41.10623
29.01747,41.10303
29.02335,41.10474
29.02508,41.10788
29.02156,41.10662
29.01573,41.10635
29.02374,41.10768
29.022360000000003,41.10789
29.02507,41.10784
29.02821,41.10802
29.02178,41.10802
29.02345,41.10762
29.01639,41.10442
29.02746,41.10532
29.0289925,41.1072025
29.028130000000004,41.10636999999999
29.0193,41.10757
29.02508,41.10497
29.02913,41.10773
29.024476153846145,41.10784999999999
29.02221,41.10768
29.018405,41.107325
29.01601,41.10657
29.030449999999995,41.09967000000001
29.02177,41.10015
29.03108333333333,41.09985
29.027779999999996,41.1061
29.0248,41.10498
29.03077,41.09973
29.020036666666666,41.107773333333334
29.02648,41.10602999999998
29.02949,41.10723
29.02651,41.10594
29.015689999999992,41.10632
29.02267,41.10605
29.027730000000002,41.10552
29.022705000000002,41.105895000000004
29.02635,41.107
29.02551,41.1078
29.01558,41.10624
29.0266,41.10547
29.01626,41.10454
29.01836,41.10169
29.021560000000004,41.106080000000006
29.02151,41.10691
29.017569999999996,41.10283
29.02918,41.09963
29.02153,41.107009999999995
29.024329999999996,41.104859999999995
29.02644,41.10632
29.02276,41.10752
29.02161,41.10713999999999
29.02005,41.10102
29.01811,41.10199
29.024685,41.10787
29.03108333333333,41.09985
29.02215,41.09989000000001
29.02320999999999,41.107589999999995
29.02092,41.10579
29.026515,41.105185
29.021889999999992,41.10748
29.019359999999995,41.10759
29.0266,41.10544
29.01594,41.1065
29.023929999999996,41.10772999999999
29.02886,41.09972
29.02152,41.10691
29.02397,41.10773
29.0216,41.10646
29.02286,41.10524
29.01826,41.10731
29.02315,41.10473
29.02007,41.10778
29.02661,41.10528
29.02598,41.09899
29.02815,41.09989
29.0192,41.10754
29.019255,41.10122
29.021106666666668,41.104503333333334
29.02306,41.09945
29.02363,41.10477
29.02645,41.10625
29.022550000000003,41.10658999999999
29.02792,41.10623
29.02268,41.107690000000005
29.02267,41.10608
29.02718,41.10528
29.02639,41.10517
29.0261375,41.10783
29.02067,41.10787
29.026630000000004,41.10532
29.02182,41.10455
29.02578000000001,41.10508000000001
29.01708,41.10708
29.02949,41.10723
29.02549,41.10781
29.027640000000005,41.105419999999995
29.0242775,41.1078225
29.02151,41.10679
29.02859,41.09984
29.02446,41.0991
29.02151,41.10454
29.029170000000004,41.10718
29.02325,41.10474
29.01718,41.10343
29.0274,41.10759
29.02393,41.10773
29.01536,41.1059
29.02761,41.10674
29.02705,41.10526
29.02434,41.10784
29.0277,41.09979
29.02188,41.10007
29.02181,41.10801
29.023184999999998,41.0993375
29.02769,41.10645
29.02737,41.10779
29.02051,41.10568
29.01833,41.10173
29.01953,41.107642500000004
29.016359999999995,41.10679000000001
29.0273025,41.10794
29.01759,41.1028
29.02626,41.10787
29.02146,41.10028
29.017839999999996,41.10236
29.01653,41.10687000000001
29.01951,41.10115
29.022945,41.104915000000005
29.02911,41.1078
29.02851,41.10668
29.02605,41.1078
29.02123,41.10798
29.02156,41.10662
29.03011,41.09958
29.02118,41.10798
29.02655,41.099165
29.02771,41.10637
29.02315,41.10758
29.02334,41.0994
29.02792,41.10623
29.02031,41.10439
29.02353,41.10475
29.03077,41.09973
29.027560000000005,41.10696
29.02298,41.10753
29.0192,41.10754
29.028450000000007,41.10663
29.02153,41.10672
29.01734,41.10322
29.025515,41.1050325
29.016910000000003,41.10376999999999
29.01706,41.10357
29.021619999999995,41.106240000000014
29.02188,41.10456
29.02751,41.09969
29.01711,41.10353
29.02278,41.10743
29.02862081632653,41.1067606122449
29.02859,41.10807
29.022720000000003,41.10578
29.0279,41.10621
29.015480000000004,41.10611999999999
29.02914,41.10745
29.02864,41.09978
29.02411,41.10779
29.025320000000004,41.105
29.0231,41.10757
29.02251,41.10762
29.02497,41.09895
29.02101,41.10581
29.01713,41.10709
29.027780000000003,41.1061
29.027730000000002,41.10629
29.020425000000003,41.1078325
29.02171,41.10803
29.027445,41.099625
29.02012,41.10779
29.02105,41.10066
29.025979999999997,41.1051
29.01925,41.10756
29.02514,41.10787
29.0221,41.09992
29.02632,41.10712
29.02828,41.10649
29.02255,41.10659
29.02321,41.10759
29.026079999999993,41.10784
29.02795,41.10625
29.02143,41.1003
29.02227,41.10794
29.02217,41.10458
29.019940000000005,41.10459000000001
29.02655,41.09907
29.0227,41.09952
29.01594,41.1049
29.01806,41.107289999999985
29.02466,41.10789
29.021640000000012,41.100249999999996
29.023179999999996,41.104733333333336
29.01736,41.103190000000005
29.01541,41.10599
29.01556,41.10623
29.01999,41.10444
29.022499999999994,41.10465
29.02771,41.10634
29.023960000000002,41.0993
29.02657,41.10569
29.02141,41.10594
29.021450000000005,41.100289999999994
29.02284,41.10469
29.02872,41.09976
29.02288,41.10753
29.02732,41.09951
29.02263,41.10757
29.023865,41.10479
29.02369,41.10478
29.0277,41.09982
29.02191666666667,41.10749333333333
29.03014,41.09965
29.021605,41.1002175
29.0277,41.10639
29.02377,41.10769
29.02003,41.10437
29.02037,41.10564
29.01639,41.10442
29.01925,41.10755999999999
29.02604,41.099
29.027181612903238,41.10528
29.02758,41.10687
29.02014,41.10554
29.02219,41.10768
29.028475,41.099869999999996
29.01725,41.10336
29.01611000000001,41.104710000000004
29.02736,41.10784
29.02486,41.09905
29.026619999999998,41.1053
29.019510000000004,41.10115
29.024005000000002,41.107755
29.0211,41.10063
29.02314,41.104720000000015
29.023559999999996,41.10764
29.02105,41.104500000000016
29.01944,41.10761
29.022849999999988,41.10752000000001
29.02052,41.10089
29.02592,41.10514
29.02251,41.10701
29.02649,41.10598
29.020094999999998,41.107785
29.02777,41.10601
29.01584,41.105
29.02869,41.10682
29.02385,41.09923
29.027623333333334,41.09978666666667
29.025489999999998,41.10780999999999
29.0273,41.10791
29.019800000000004,41.10109000000002
29.0154,41.1055
29.02484,41.10786
29.02592,41.10514
29.01994,41.10468
29.0155504,41.10621079999999
29.02934000000001,41.10727999999999
29.01999,41.10444
29.026449999999993,41.107899999999994
29.01951,41.10115
29.024750000000004,41.10497000000001
29.01534,41.10568
29.01733,41.107145
29.026596666666666,41.10526666666667
29.02821,41.09993
29.025359999999992,41.10781999999998
29.02742,41.10751
29.01726,41.10713
29.02249,41.09966
29.02279,41.10752
29.01957,41.10115
29.023829999999997,41.10771
29.02773,41.10629
29.0201,41.10101
29.019923333333335,41.10476
29.02644,41.106295
29.02662,41.10534
29.02337,41.09931
29.02143,41.1003
29.02447,41.10494
29.023529999999997,41.10764
29.02646,41.10652
29.01562903225806,41.105220967741914
29.02735,41.10795
29.02815,41.09989
29.021509999999996,41.10691
29.021820000000012,41.10455000000001
29.028849999999995,41.10805
29.027565,41.09974
29.02273,41.10468
29.02661,41.10528
29.02825,41.10657
29.023591428571432,41.10764047619047
29.02379,41.1077
29.03112,41.09978
29.02451,41.10786
29.01889,41.10739
29.02768,41.10648
29.02384,41.1077
29.02006,41.10548
29.02167,41.10803
29.02737,41.10782
29.02705,41.1079
29.02461,41.10789
29.02852,41.106790000000004
29.021560000000008,41.10023999999999
29.021600000000003,41.106440000000006
29.021959999999996,41.10754
29.02911,41.09968
29.01963,41.10113
29.0232,41.10471
29.02777,41.10605
29.023180000000004,41.10756000000001
29.02317000000001,41.10473
29.02375,41.09935
29.0196525,41.10113
29.021625,41.10455
29.02408,41.10484
29.02681,41.10523
29.02353,41.10763
29.01548,41.10612
29.02611,41.10783000000001
29.02159,41.10648
29.02549,41.10781
29.028485999999997,41.106656
29.02656,41.10578
29.01957,41.10115
29.0273,41.09955
29.02307,41.10476
29.02646,41.1062
29.0174,41.10314
29.026155,41.1051225
29.02123,41.10056
29.01987,41.1052
29.02152,41.10689
29.01994,41.10462
29.01805,41.10207
29.02802,41.09994
29.029149999999994,41.10751000000001
29.019509999999997,41.10115
29.02578,41.105079999999994
29.02231,41.10768
29.025684000000002,41.1078
29.02664,41.1052
29.02159,41.10802
29.02409,41.10481
29.02327,41.10757
29.02866,41.10679
29.02187,41.10801
29.02736,41.10784
29.02177,41.10455000000001
29.02934,41.10728
29.02022,41.10781
29.028180000000003,41.10642
29.021540000000005,41.10669000000001
29.02788,41.10619
29.026449999999997,41.10635
29.025189999999995,41.105039999999995
29.02238,41.10766
29.02114,41.10584
29.02884,41.10704
29.024340000000002,41.10784
29.02251,41.10678
29.022659999999995,41.10612000000001
29.02251,41.10689
29.02351,41.09939
29.01979,41.10771
29.02647,41.10612
29.021560000000004,41.106613333333335
29.022835,41.105345
29.02864,41.09978
29.02556,41.10779
29.02623,41.10750000000001
29.02249,41.10781
29.018810000000006,41.10736999999999
29.02024,41.10438
29.0228578125,41.0995209375
29.024369999999998,41.10486999999999
29.02639,41.10517
29.024610000000003,41.10495
29.03063,41.0998
29.02815,41.1064
29.02079,41.10077
29.03023,41.0996
29.0221525,41.1076675
29.02909,41.10798
29.0154,41.1055
29.028590000000005,41.10685999999999
29.01892,41.1074
29.022229999999997,41.099799999999995
29.01753,41.10292
29.029406153846146,41.09953076923077
29.015440000000005,41.105450000000005
29.02393,41.10774
29.01572,41.10634
29.02199,41.10757
29.02189999999999,41.10748
29.01692,41.103755
29.023339999999994,41.09940000000001
29.02016,41.10436
29.022953333333334,41.10489333333333
29.02593,41.1078
29.026169999999997,41.10781
29.02512,41.09892
29.02151,41.10802
29.0217,41.10726
29.02026,41.10559
29.02462,41.10786
29.02158,41.10455
29.025413333333333,41.09889
29.02524,41.10782
29.02701666666667,41.10525333333333
29.02507000000001,41.10784
29.02251,41.10682
29.01961,41.10766
29.01567,41.10629999999999
29.02934,41.09959
29.02024,41.10438
29.02069,41.10445
29.0248,41.10492
29.02996,41.09958
29.02156,41.10608
29.01659,41.106899999999996
29.017990000000015,41.102139999999984
29.01819,41.10731
29.027910000000002,41.09987
29.0262,41.10513000000001
29.02769,41.10645
29.021485,41.1060025
29.02106,41.10582
29.02327,41.10758
29.02582,41.1078
29.02232,41.10790999999999
29.02746,41.105320000000006
29.02754,41.10798
29.028026,41.106304
29.02408,41.10484
29.01611,41.10471
29.024150000000002,41.10779
29.02145,41.10029
29.023436666666665,41.107616666666665
29.026906666666665,41.09931
29.019953333333337,41.104549999999996
29.025266,41.104991
29.022,41.10758
29.0257425,41.1078525
29.02087,41.1079
29.01563,41.10628
29.02779,41.10627
29.02294,41.10757
29.0268,41.09926
29.03088,41.09984
29.02507,41.10502
29.02109,41.1045
29.01922,41.10755
29.0188975,41.1073925
29.02732,41.10529
29.0289,41.10805
29.01616,41.10466
29.01677,41.10698
29.01559,41.10625
29.01573,41.10635
29.01735,41.10715
29.02183,41.1074
29.02598,41.10781999999999
29.0215325,41.106697499999996
29.02416,41.10486
29.026235,41.10748
29.01772,41.10255
29.03079,41.09983
29.0265,41.10596
29.01889000000001,41.10738999999998
29.02857,41.09981
29.022449999999996,41.10784
29.02546,41.10502333333333
29.016219999999997,41.104569999999995
29.02035,41.10783
29.015629999999998,41.10627999999999
29.01758999999999,41.1028
29.0278,41.10587
29.025230000000008,41.10782
29.01599,41.10484000000001
29.02815,41.10648
29.021869999999996,41.10801
29.02758,41.10687
29.022100000000002,41.10456999999999
29.02151,41.10034
29.01989,41.10489
29.01536,41.10559
29.01838,41.10732
29.02732,41.09951
29.0154,41.10596
29.026402499999996,41.1051725
29.02274,41.10572
29.020439999999997,41.10566
29.01569,41.10632
29.0271,41.10791
29.0176,41.10277
29.0247,41.099095
29.019819999999992,41.10507
29.02182,41.10739
29.02868,41.10807
29.02758,41.10538
29.01855,41.10155
29.02385,41.09923
29.01974,41.101103333333334
29.02914,41.10771
29.02287,41.105209999999985
29.02556,41.10779
29.01979,41.10109333333333
29.02614,41.10783
29.01845,41.10162
29.01878,41.10737
29.02034,41.10562
29.02193,41.108
29.0293,41.10727
29.0254,41.10780999999999
29.02143,41.1003
29.02356,41.10764
29.022319999999997,41.10461
29.025909999999993,41.10781999999999
29.02622,41.107600000000005
29.02587,41.10513
29.023990000000005,41.10479000000001
29.02338,41.1076
29.02428,41.10485
29.01782,41.1024
29.0277,41.10641
29.015676666666668,41.10630666666666
29.025124999999996,41.1078725
29.02294,41.1047
29.025493333333333,41.09895
29.015859999999996,41.106440000000006
29.01683000000001,41.10388
29.02486,41.10498
29.027879999999996,41.106189999999984
29.02407,41.10778
29.02511,41.099
29.02821,41.09993
29.01716,41.10346
29.02253,41.09967
29.026960000000003,41.10789
29.022229999999997,41.099799999999995
29.02193,41.10456
29.01534,41.10577
29.022390588235293,41.10786970588236
29.0199425,41.1045825
29.02575,41.09895999999999
29.02663,41.1053
29.02245,41.10464
29.02791,41.09987
29.021930000000005,41.10456
29.0219616,41.10799999999999
29.01985,41.10501
29.01969,41.10112
29.02611,41.10783
29.022049999999997,41.10762
29.02188,41.10747
29.01944,41.10761
29.02915,41.10753
29.02037,41.10564
29.0223,41.10792
29.025990000000004,41.1078
29.02265,41.10771
29.02611,41.10783
29.026939999999996,41.10790999999999
29.02017,41.1078
29.02617,41.1078
29.027119999999996,41.10792999999999
29.024199999999997,41.1078
29.019439999999992,41.10761000000001
29.027927499999997,41.106235
29.029037999999996,41.108002
29.026420000000005,41.106700000000004
29.0261,41.09902
29.02808,41.09994
29.01979,41.10771
29.020573333333335,41.10087
29.02771,41.10634000000001
29.019849999999998,41.10497571428572
29.02686,41.09929
29.02128,41.10452
29.02659,41.10554
29.02516,41.10783333333333
29.0296,41.09954
29.027730000000002,41.10552
29.0236,41.10765
29.02754,41.10705
29.023815,41.10771
29.02258,41.10776
29.026496666666663,41.10596666666667
29.01951,41.10115
29.02004,41.10545
29.02186,41.10745
29.026625,41.10791
29.016179999999995,41.10464000000001
29.024329999999996,41.099200000000025
29.02635,41.10783
29.02383,41.10771
29.025560000000006,41.10504000000001
29.02251,41.10701
29.02173,41.10013
29.024203333333332,41.104863333333334
29.0186,41.10735
29.01594,41.10650000000001
29.018994999999997,41.107445
29.027579999999993,41.10686999999999
29.02221,41.10768
29.027049999999996,41.10526
29.02309,41.10472
29.01974,41.1077
29.02907,41.0997
29.02575,41.09896
29.01568999999999,41.10632000000001
29.02484,41.10783
29.02858,41.10673
29.02749,41.10724
29.022872500000002,41.107527499999996
29.01565,41.10629
29.02135,41.10592
29.02949,41.107229999999994
29.019940000000005,41.104680000000016
29.024048,41.104823999999994
29.029140000000005,41.10745000000001
29.02647,41.1064
29.02636,41.10697
29.0206525,41.1044425
29.02106,41.10582
29.02914,41.10767
29.02201,41.10457
29.020690000000002,41.1057375
29.03086,41.09974
29.015539999999998,41.10530999999999
29.022159999999996,41.10767
29.01618,41.10464
29.02158,41.10455
29.02393,41.10773
29.02172,41.10019
29.016010000000005,41.106570000000005
29.02914,41.10762
29.019959999999998,41.10452999999999
29.02674,41.107870000000005
29.02372,41.10767
29.02823,41.10655
29.023590000000002,41.107650000000014
29.02153,41.10025
29.02433666666666,41.10486166666667
29.02007,41.10436
29.02159,41.10648
29.02152,41.10674
29.03005,41.09957
29.02907,41.10732
29.02914,41.10747
29.01584,41.105
29.02127,41.10054
29.02348,41.10476
29.02644,41.10629
29.021550000000005,41.10705000000001
29.028180000000003,41.10651
29.017129999999998,41.10349
29.0236,41.09927
29.02155,41.10454
29.02255,41.10659
29.021560000000004,41.10662
29.02215,41.09989
29.02092,41.10449
29.02161,41.10455
29.01889,41.10134
29.026375,41.106915
29.0198,41.10109
29.02143,41.1003
29.02548,41.09889
29.02079,41.10077
29.02397,41.10773
29.02693,41.09932
29.02151,41.10026
29.02371,41.10768
29.02251,41.10693
29.02345,41.10762
29.02117,41.10451
29.0188,41.10137
29.02153,41.10672
29.016259999999996,41.10454000000001
29.01989,41.10774
29.02873,41.10684
29.027889999999996,41.10628999999999
29.022010000000012,41.107600000000005
29.0164,41.10681
29.02425,41.10783
29.02658,41.1056
29.02866,41.09983
29.02081,41.105765
29.02784,41.10617
29.01969,41.10112
29.021519583333333,41.10698958333334
29.02762,41.1067
29.016439999999996,41.10437
29.02384,41.1077
29.02204,41.09996
29.02737,41.10772
29.025319999999997,41.105
29.02229,41.10793
29.020709999999998,41.100809999999996
29.02616,41.1078
29.023794,41.10769
29.02172,41.10019
29.0216,41.10646
29.019359999999995,41.10119
29.02009,41.10435
29.02192,41.1075
29.01616,41.10466
29.02508,41.10497000000001
29.01586,41.10498
29.02705,41.1079
29.0266,41.10544
29.02231,41.10768
29.02668,41.10521
29.02588,41.10509
29.01989,41.10522
29.0277,41.10639
29.030559999999994,41.09969999999999
29.0278,41.10564
29.028329999999997,41.10653000000001
29.02344,41.09929
29.01536,41.10562
29.02752,41.10712
29.01702,41.10363
29.02175,41.10011
29.02018,41.10436
29.03116,41.09979
29.0226625,41.0995425
29.017820000000004,41.1024
29.02709000000001,41.09935
29.02616,41.10781
29.022939999999995,41.10757
29.02,41.1044
29.02414,41.099255
29.02832,41.10663
29.0250075,41.10789
29.020759999999996,41.107882499999995
29.02128,41.10799
29.02595,41.10782
29.02777,41.10609
29.02273,41.10766
29.024459999999998,41.10487
29.02871,41.10695
29.02693,41.09932
29.028520000000004,41.10679
29.01536,41.10562
29.022699999999997,41.10591
29.02024,41.10438
29.017569999999996,41.10283
29.02293,41.09942
29.02923,41.09962
29.03062,41.09971
29.02765,41.1066
29.03092,41.09985
29.02781,41.10803
29.02283,41.107449999999986
29.028134,41.106376
29.02158,41.10709
29.01952,41.10764
29.02161,41.10622
29.02173,41.1073
29.02766,41.108
29.021930000000005,41.10004000000001
29.018493999999993,41.10733066666668
29.021799999999995,41.107369999999996
29.0194,41.10119
29.02379,41.1077
29.02614,41.10783
29.0227,41.10591
29.01849,41.10733
29.02617,41.10781
29.0221,41.10765
29.01838384615384,41.10732076923077
29.0243275,41.10784
29.01792,41.107269999999986
29.02782,41.10627
29.02562,41.10505
29.0274,41.10759
29.01799,41.10728
29.02497,41.10785
29.01785538461539,41.10725153846155
29.01572,41.10513
29.0266175,41.105372499999994
29.026499999999995,41.105959999999996
29.02535,41.10781
29.015359999999998,41.10562
29.02016,41.10436
29.02071,41.10787
29.02106,41.10582
29.01985,41.104949999999995
29.01611,41.10471
29.02026,41.10559
29.026349999999994,41.10702999999998
29.02504,41.10784
29.02153,41.10802
29.02088,41.10448
29.021806666666667,41.107376666666674
29.017506666666666,41.107193333333335
29.01551,41.10615
29.02244,41.10764
29.02683,41.10791
29.01819,41.10730999999999
29.020570000000006,41.10786000000001
29.024542500000003,41.0991375
29.022720000000007,41.10584999999998
29.02646,41.10637
29.02259,41.09958
29.02253,41.1071
29.03011,41.09958
29.022699999999997,41.09951999999999
29.02909,41.10798
29.0213375,41.10452
29.027689999999996,41.10644333333334
29.01897,41.10129
29.02969,41.09951
29.0215,41.10695666666667
29.01704,41.10361
29.02288,41.10747
29.03072,41.09972
29.02709,41.09935
29.0297,41.09953
29.02954,41.0995
29.02705,41.1079
29.0266,41.10546
29.02164,41.10719
29.029073333333333,41.10732333333333
29.022295,41.107925
29.02841285714286,41.10660214285714
29.03108,41.09978
29.03117,41.09979
29.0176,41.10277
29.02746,41.10532
29.02618,41.10778
29.02292,41.10749
29.02107,41.10065
29.01952000000001,41.107639999999996
29.01911,41.10751
29.017620000000004,41.10271
29.01598,41.10654
29.01956,41.10765
29.01993,41.10471
29.01618,41.10464
29.02142,41.10801
29.023597499999997,41.107642500000004
29.01989,41.10106
29.02777,41.10607
29.027820000000002,41.10627
29.02806,41.10640999999999
29.016758499999998,41.10396150000001
29.021612499999996,41.1062625
29.02368,41.10767
29.02425,41.10782
29.01536,41.1059
29.02133,41.108
29.01703,41.10706
29.02911,41.1078
29.0174,41.10717
29.015443333333334,41.10606000000001
29.025819999999996,41.1078
29.02345,41.10762
29.02003,41.10437
29.01808,41.10203
29.02932,41.09956
29.02561,41.10781
29.024715000000004,41.107842500000004
29.01593,41.104910000000004
29.027390000000004,41.10764
29.02292,41.10748999999999
29.02911,41.10783
29.02277772727273,41.10742909090909
29.025399999999998,41.10780999999999
29.028212857142858,41.10644285714285
29.02158,41.10652
29.02473,41.10784
29.01704,41.10361
29.02779,41.1059
29.02141,41.10594
29.02614,41.10786
29.018410000000003,41.10166000000001
29.02582,41.10512
29.0174,41.10314
29.02271,41.10588
29.02046,41.10441
29.02551,41.09895
29.02356,41.10764
29.0216,41.10646
29.029149999999998,41.107549999999996
29.02777,41.10609
29.025679999999998,41.10506
29.022069999999996,41.107989999999994
29.01628,41.10451
29.02138,41.10593
29.02977,41.09954
29.03115,41.09978
29.027869999999997,41.10628
29.02189,41.10748
29.01875,41.1014
29.02069,41.10444999999999
29.01538,41.10553
29.019,41.107459999999996
29.01722,41.10712
29.02643,41.10663
29.02833,41.10803
29.01999,41.104440000000004
29.01702,41.10363
29.02159,41.10648
29.02639,41.10517
29.02983,41.09955
29.02619,41.10775
29.02273,41.10468
29.0226,41.09964
29.01880000000001,41.10137000000002
29.02663,41.1053
29.02368,41.10767
29.02042,41.10441
29.02666,41.0992
29.02949,41.10723000000001
29.029149999999998,41.107580000000006
29.02507,41.10502
29.02752999999999,41.105339999999984
29.0226,41.10728
29.02371,41.10767
29.022720000000003,41.10585
29.01549,41.10613
29.01928,41.10757
29.02666,41.0992
29.019160000000014,41.10123999999999
29.024199999999993,41.1078
29.02472,41.1079
29.020189999999992,41.10555999999999
29.021242352941176,41.1045105882353
29.019410000000004,41.10761
29.02481,41.099
29.0214815,41.10453049999999
29.02745,41.10737
29.02218,41.10797
29.02027,41.10438
29.02949,41.10723
29.02155,41.10665
29.02153,41.1067
29.02122,41.10586
29.027652500000002,41.1065925
29.02339,41.10475
29.03077,41.09973
29.02608,41.10512
29.02691,41.10788
29.026120000000002,41.10785666666667
29.022929999999995,41.099500000000006
29.022240000000004,41.10459999999998
29.02781,41.10577
29.024739999999994,41.104910000000004
29.02616,41.10517
29.0252,41.10499
29.02546,41.09895
29.02864,41.09978
29.02517,41.09899
29.02158,41.1065
29.01544,41.105450000000005
29.02331,41.10474
29.0247,41.10496
29.02158962962962,41.10711888888888
29.02647,41.10614
29.02772,41.10631
29.02369,41.10766
29.02394,41.09922
29.01855,41.10734
29.02257,41.1076
29.0158,41.1064
29.02549,41.10781
29.023770000000003,41.10769
29.02048,41.10567
29.02245,41.10464
29.02901,41.10722
29.02507,41.10502
29.01545,41.10608
29.025534999999998,41.107794999999996
29.0227,41.10754
29.023059999999997,41.09944999999999
29.025815,41.1078
29.02156,41.10662
29.02611,41.10781
29.02815,41.09989
29.01534,41.10568
29.02795090909091,41.106250606060605
29.02251,41.10682
29.01985,41.104949999999995
29.01754,41.1072
29.026169999999997,41.1078
29.01552,41.10617
29.0275,41.1072
29.026835,41.105235
29.02949,41.10723
29.01706,41.10357
29.027689999999996,41.10546
29.01766,41.10266
29.02648,41.10642
29.02785,41.10628
29.02004,41.10436
29.0235,41.10763
29.021689999999996,41.10016
29.02569,41.10786
29.0277,41.106426
29.02153,41.10701
29.0244,41.10785
29.03116,41.09979
29.02292,41.1047
29.02213,41.10766
29.01938,41.10119
29.01554,41.10619
29.030335,41.09972499999999
29.020349999999997,41.10783
29.02644,41.10629
29.0196,41.10114
29.02928,41.09959
29.02433,41.0992
29.028230000000004,41.10655
29.025920000000003,41.10513999999999
29.016790000000004,41.10699
29.021190000000008,41.10058000000001
29.02846,41.10808999999999
29.02383,41.10477
29.017039999999998,41.1036
29.02349,41.10763
29.02865999999999,41.106790000000004
29.02224,41.10769
29.02602,41.10515
29.02335,41.10474
29.024707999999997,41.107898
29.02075,41.10788
29.02854,41.10807
29.02949,41.10723
29.022640000000003,41.10618999999999
29.022270000000002,41.09978
29.02614,41.10783
29.021600000000007,41.10618999999999
29.01561,41.10626
29.02784,41.10617
29.028236000000003,41.106464
29.02959,41.0995
29.015565000000002,41.1062325
29.02177,41.10455
29.02237,41.10788
29.0226,41.10636999999999
29.022270000000006,41.09981
29.02255,41.10718
29.02369,41.10766
29.02265,41.10616
29.01938,41.10119
29.02385,41.09923
29.0291,41.107932500000004
29.01589,41.10495
29.01575,41.10636
29.02298,41.10483
29.026589999999985,41.10526000000001
29.016219999999997,41.10457
29.022885000000002,41.105125
29.016775000000003,41.103944999999996
29.02101,41.10581
29.024649999999998,41.1049
29.017742500000004,41.10252
29.0215,41.10695
29.02732,41.09951
29.02772,41.10631
29.023620000000005,41.10766
29.016139999999996,41.10666
29.0253875,41.10781
29.022985999999996,41.099484000000004
29.02151,41.10679
29.02001,41.10439
29.01895,41.10742
29.02304,41.10477
29.01957,41.10115
29.02418,41.10483
29.02802,41.1063
29.02633,41.10522
29.02448,41.10785
29.023890000000005,41.10478
29.02026,41.10782
29.025989999999997,41.1078
29.01534,41.10574
29.020179999999996,41.10435999999999
29.017117499999998,41.103515
29.01703,41.10362
29.02701,41.10789
29.026365,41.10783
29.0295,41.09951
29.01556,41.10623
29.029109999999992,41.107899999999994
29.016110000000005,41.10470999999998
29.02427,41.10488
29.024013333333333,41.10480666666667
29.02004,41.10545
29.01557,41.10528
29.02764,41.10663
29.01583,41.10642
29.02781,41.10567
29.023159999999994,41.107549999999996
29.02566,41.0989
29.02778,41.1061
29.01994,41.10465
29.02764,41.105419999999995
29.022434999999998,41.1078475
29.01749,41.10719
29.019066666666664,41.10749333333333
29.01537,41.10556
29.02747,41.10733
29.02732,41.10789
29.0162,41.1046
29.028499999999998,41.10808
29.029170000000004,41.10718
29.029564999999998,41.0995
29.023649999999996,41.104759999999985
29.02152,41.10691
29.021959999999996,41.10457
29.0227,41.10754
29.02452,41.10785
29.0176,41.10277
29.02396615384616,41.10772923076922
29.018810000000006,41.10736999999999
29.01689,41.10702
29.0161,41.10663
29.026545,41.107905
29.024106,41.107789000000004
29.024250000000002,41.10783000000001
29.02267,41.10608
29.02022,41.10099
29.01699,41.10366
29.024119999999996,41.10485
29.02557,41.09895
29.02037,41.10564
29.0221,41.10799
29.02661,41.10528
29.019260000000006,41.10122
29.020670000000003,41.10083
29.02662,41.10537
29.02055,41.10443
29.020879999999995,41.10448
29.02255,41.10659
29.026330000000005,41.10709
29.01992,41.10477
29.02828,41.10659
29.01991,41.10483
29.02237,41.10788
29.021611874999998,41.10455
29.021880000000003,41.10747
29.02154,41.10667
29.02394,41.10774
29.019675,41.10768
29.02464,41.09906
29.02285,41.10752
29.022616666666664,41.10731333333334
29.02915,41.10756
29.02362,41.10766
29.026505,41.099059999999994
29.019186666666666,41.10123333333333
29.02306,41.09945
29.01673000000001,41.10399000000002
29.01547,41.10542
29.0197525,41.107702499999995
29.02251,41.10686
29.0176,41.10721
29.02345,41.10762
29.029139999999995,41.10771
29.01936,41.10119000000002
29.022799999999997,41.10752
29.0232,41.10474
29.024549999999998,41.10488999999998
29.02448,41.10785
29.02426,41.10782
29.03051,41.09978
29.02439,41.10784
29.02277,41.10468
29.02052,41.10785
29.02601,41.09894
29.02193,41.108
29.02416,41.1078
29.02809,41.10635
29.022719999999996,41.10753
29.025479999999998,41.10787
29.02045,41.10092
29.016190000000005,41.10668
29.02648,41.106030000000004
29.02891,41.10711
29.02932,41.10728
29.020672499999996,41.10787
29.02734,41.107895
29.023,41.10479
29.026459999999997,41.10636999999999
29.02891,41.10711
29.01729,41.10331000000001
29.02809,41.09989
29.02504,41.09894
29.02773,41.10629
29.02188,41.10747
29.03108,41.09978
29.02274,41.10753
29.02231,41.10768
29.01547,41.10611
29.03114,41.09985
29.019470000000002,41.10117
29.01626,41.10674
29.02686,41.10524
29.02157,41.10611
29.02138,41.10593
29.02944,41.10724
29.02479,41.10786
29.02948333333333,41.09951
29.02353,41.10763
29.029000000000003,41.10803
29.021869999999996,41.10746
29.02659,41.10526
29.022489999999994,41.10781
29.025116666666676,41.10784
29.02353,41.10475
29.01792,41.10727
29.023880000000002,41.10771
29.02455,41.09908
29.02561,41.10778
29.01722,41.1034
29.023170000000004,41.10472
29.02394,41.09922
29.02021,41.10437
29.01662,41.10416
29.02523,41.10782
29.02006,41.10436
29.02748,41.09967
29.02531,41.10504
29.02771,41.10634
29.02286,41.105239999999995
29.03083,41.09983
29.026589999999995,41.10519
29.02227,41.09981
29.02155,41.10705
29.02161,41.1063625
29.02495,41.10784
29.01985,41.105
29.02949,41.10723
29.0154,41.1055
29.016179999999995,41.10464
29.03092,41.09985
29.02222,41.10796
29.02767,41.1065
29.02172,41.10019
29.02452,41.10785
29.03102,41.09976
29.02152,41.10691
29.02462000000001,41.10786
29.02767,41.10654
29.03112,41.09985
29.02428,41.09915
29.02504,41.09894
29.02317,41.09934
29.021520000000002,41.10688857142857
29.01667,41.10410000000001
29.027500000000003,41.107200000000006
29.01572,41.10634
29.02661,41.10786
29.01813,41.1073
29.01534,41.105779999999996
29.022209999999998,41.107679999999995
29.01928,41.10757
29.02736,41.10784
29.015340000000002,41.10568
29.020750000000003,41.10788
29.0211,41.10063
29.01606,41.1066
29.02769,41.10546
29.02736,41.10784
29.02151,41.10682
29.02733,41.1079
29.02066,41.10573
29.0246075,41.10786
29.02188,41.10747
29.02602,41.10515
29.02663,41.1053
29.01999,41.10444
29.017355,41.1031975
29.019950000000005,41.10456
29.03111,41.09985
29.02658,41.10557120000001
29.02332,41.10759
29.02408,41.09927
29.02652,41.10524
29.02018,41.10436
29.01986,41.10108
29.02618,41.10777166666667
29.02949,41.10723
29.01611000000001,41.104710000000004
29.02452,41.10785
29.02258,41.10644
29.02578,41.10508
29.02945,41.09951
29.0277,41.09982
29.02881,41.09978
29.02188,41.10747
29.01536,41.105605
29.01909,41.10125999999998
29.01577999999999,41.105070000000005
29.029149999999998,41.10761000000001
29.020210000000002,41.10437
29.02601,41.09894
29.018599999999996,41.10735
29.022810476190482,41.10542857142856
29.026079999999997,41.10512
29.03114,41.09985
29.02888,41.10697
29.02781,41.10567
29.020013333333335,41.10542
29.02841,41.1066
29.017970000000002,41.10217
29.015589999999996,41.10625000000002
29.02105,41.10066
29.02266,41.10756
29.02742,41.0996
29.02758,41.10687
29.02658999999999,41.10519
29.021520000000002,41.106910000000006
29.02113,41.10063
29.02681,41.10523
29.02002333333333,41.10437666666667
29.021956666666664,41.10753333333333
29.02578,41.10508
29.025230000000004,41.10782
29.029274285714283,41.10726142857142
29.0232,41.10471
29.02761,41.09975
29.02284,41.10533
29.026170000000004,41.1078
29.02207,41.10799
29.023456666666664,41.10762166666667
29.03108,41.09978
29.01897,41.10129
29.02149,41.10027
29.0221,41.10799
29.03108,41.09978
29.02665,41.1052025
29.01972,41.10111
29.02473,41.10787
29.028807999999998,41.107016
29.0263375,41.10522
29.023479999999996,41.10763
29.02743,41.10746
29.01534,41.10571166666667
29.02447,41.10494
29.02895,41.09974
29.02213,41.10766
29.024820000000002,41.10783333333333
29.02287,41.10521
29.02151,41.10603
29.02601,41.10782
29.020145000000003,41.1010025
29.026052400000005,41.107800399999995
29.02403,41.10776
29.02480375,41.10498
29.02628,41.10726
29.02282,41.09947
29.025639999999996,41.09895000000001
29.02234,41.1079
29.01572,41.10634000000001
29.025979999999997,41.1051
29.02558,41.10508
29.02079,41.10576
29.02462,41.10786
29.02186,41.10744
29.02153,41.107009999999995
29.02511,41.10783
29.03028,41.09962
29.02114,41.10584
29.0226125,41.106305000000006
29.02434,41.10784
29.02795,41.10625
29.02385,41.09923
29.021269999999998,41.10054000000001
29.02456,41.10495
29.03051,41.09968
29.01963,41.10113
29.0227,41.10754
29.02659,41.10554
29.02752,41.09970333333333
29.02705,41.1079
29.027820000000002,41.10627
29.02218000000001,41.10797000000001
29.02608,41.10784
29.0291,41.10737
29.0188,41.10137
29.02249,41.09966
29.0226,41.09964
29.01709,41.10354
29.01644,41.10437
29.01563,41.10628
29.02143,41.10031
29.024465,41.1078525
29.022000000000006,41.10799999999998
29.02006,41.10436
29.01732,41.10325
29.02520000000001,41.10499000000001
29.0197,41.10769
29.02915,41.10761
29.02237,41.10462
29.02086999999999,41.1079
29.02446,41.10487
29.0219,41.10748
29.027812,41.10614400000001
29.02648,41.10645
29.02143,41.10031
29.01813,41.1073
29.02323,41.10473
29.02742,41.0996
29.02764,41.0998
29.02683,41.10790999999999
29.02238,41.10766
29.02623,41.09906
29.02036,41.10439
29.020350000000004,41.10782999999999
29.02477642857144,41.10784
29.02954,41.09949999999999
29.0294,41.09957
29.01606,41.10478
29.02496,41.10495
29.0277,41.09979
29.01994,41.10468
29.027,41.10525
29.01938,41.10119
29.025290000000002,41.10781999999999
29.02949,41.10723
29.02658,41.105610000000006
29.03045,41.09967
29.02815,41.09994
29.02598,41.09898999999999
29.02569,41.10786
29.02283,41.10745
29.024241818181817,41.09923181818181
29.02617,41.1078
29.0246,41.10489
29.02777,41.10558
29.01621,41.10459000000001
29.02161,41.10627
29.01724,41.10337
29.02276,41.0995
29.022659999999995,41.10612000000001
29.02778,41.10611999999998
29.0216,41.106455
29.03044,41.09976
29.01979,41.10771
29.02354,41.10764
29.02009,41.10435
29.02181,41.10738
29.026750000000003,41.10791
29.01951,41.10115
29.02055,41.10443
29.02557,41.09895
29.02733,41.1079
29.02375,41.10769
29.027759999999997,41.10627
29.02339,41.10474
29.01634,41.10446
29.02661,41.10528
29.024099999999997,41.10777000000001
29.02981,41.09952
29.026569999999996,41.105692499999996
29.02772,41.105505
29.022452631578947,41.10464052631579
29.024620000000006,41.107859999999995
29.02213,41.10766
29.02054,41.10785
29.02587,41.10513
29.02221,41.09981
29.03056,41.0997
29.02428,41.09915
29.02432,41.10489
29.02293,41.0995
29.0273,41.10791
29.028409999999997,41.10671
29.02259,41.10641
29.03011,41.09958
29.0161,41.10663
29.024970000000007,41.10785
29.02345117647059,41.107620294117645
29.01539,41.10594
29.029049999999998,41.108
29.02004,41.10436
29.02167,41.10723
29.02158,41.10455
29.02662,41.10537
29.0266,41.10544
29.02327,41.10758
29.02923,41.09962
29.025290000000005,41.09896
29.02109,41.10063666666667
29.0273,41.10791
29.0245,41.10787
29.02105,41.10066
29.020689999999988,41.104450000000014
29.0176,41.10277
29.02901,41.10722
29.024909999999995,41.1079
29.02766,41.10657
29.01993,41.10474
29.02649,41.10598
29.017249999999997,41.103359999999995
29.02009,41.104350000000004
29.02147,41.10801
29.023,41.10479
29.018249999999995,41.10181000000002
29.017349999999997,41.10715
29.02162,41.10021
29.02949,41.10723
29.01911,41.10751
29.01736,41.10319
29.0263,41.10720999999998
29.02174,41.10803
29.02888,41.09976
29.02639,41.106839999999984
29.02195,41.10752
29.01675,41.10697
29.0291,41.10788
29.02699,41.10791
29.01624,41.10456
29.02949,41.10723
29.022209999999998,41.10768000000001
29.02073,41.1008
29.02027,41.10438
29.02658,41.10563
29.02646,41.10638
29.01974,41.1077
29.02188,41.107470000000006
29.027620000000002,41.1067
29.01661,41.10691
29.021429999999995,41.1003
29.021769999999997,41.10455
29.020448048780487,41.10092073170732
29.02598,41.10782
29.02465,41.10496
29.01779,41.10724
29.023170000000004,41.10473
29.02245,41.10784
29.024250000000002,41.10783000000001
29.02151,41.10686
29.02325,41.10474
29.02306,41.10757
29.02197,41.09996
29.02949,41.10723
29.02366136363635,41.10766
29.02251,41.10762
29.02022,41.10437
29.01792,41.107269999999986
29.02181,41.10801
29.027470000000005,41.10733
29.02472,41.1079
29.02377,41.107690000000005
29.0276025,41.10677
29.02465,41.10496
29.019909999999996,41.10483
29.02735,41.10795
29.017049999999998,41.10358000000001
29.021330000000003,41.10452
29.026390000000003,41.10517
29.02284999999999,41.10752000000001
29.022910000000003,41.10753
29.02047,41.10784
29.02017,41.1078
29.02272,41.10582
29.024649999999994,41.10495999999999
29.022039999999986,41.09996
29.02403,41.10776
29.020549999999997,41.10569000000001
29.021797499999998,41.10455
29.026550000000004,41.10583
29.022170000000003,41.10458
29.0215,41.10695
29.02754,41.10798
29.027001612903238,41.10525032258066
29.02247,41.10782
29.02907,41.10712
29.02184,41.10801
29.026709999999994,41.10790999999999
29.02356,41.099275
29.0302,41.09968
29.01985,41.10495
29.02628,41.10726
29.02002,41.10438
29.0224,41.09974
29.015539999999998,41.10531000000001
29.02152,41.10691
29.01554,41.10531
29.02154,41.10033
29.017259999999997,41.10713
29.02517,41.09899
29.02132999999999,41.104519999999994
29.02376,41.10768
29.02016,41.10435999999999
29.01565666666667,41.105193333333325
29.02258,41.106440000000006
29.026119999999995,41.10516
29.02595,41.10784
29.02233,41.09978
29.02215,41.10458
29.026675,41.10791
29.02974,41.09952
29.02640999999999,41.106770000000004
29.02265,41.104659999999996
29.02339,41.10475
29.02123,41.10056
29.02612,41.10516
29.026169999999997,41.1078
29.020060000000004,41.10547999999999
29.024779999999996,41.10784
29.02696,41.10789
29.02149,41.10027
29.02859,41.09984
29.016840000000002,41.103865
29.022227500000003,41.1079575
29.025359999999996,41.10781999999999
29.026120000000002,41.10516
29.02161,41.10634
29.01706,41.10357
29.01631,41.10677
29.01546,41.1061
29.02263,41.10757
29.018609999999995,41.1073525
29.02179,41.10455
29.02153,41.1067
29.025043684210527,41.10783947368421
29.01889,41.10739
29.02644,41.10656
29.028450000000007,41.106739999999995
29.021250000000002,41.1045125
29.02597,41.10514
29.02767,41.10652666666667
29.02645,41.10627
29.025629999999996,41.10786
29.02244,41.107639999999996
29.02255,41.10718
29.01982,41.10507
29.02794,41.10804
29.02257,41.1076
29.02239,41.10787
29.020089999999996,41.10435
29.02246,41.0997
29.02777,41.10605
29.02455,41.09908
29.019934999999997,41.105295
29.02187,41.10801
29.01657999999999,41.104219999999984
29.022450000000003,41.10784
29.017039999999998,41.10361
29.01743,41.10308
29.01961,41.10766
29.01694333333333,41.10372
29.02907,41.0997
29.02613,41.10783
29.02558,41.10508
29.02551,41.1078
29.01998,41.10538
29.0281575,41.106405
29.027015,41.107915
29.0185,41.10159
29.02808,41.09994
29.02556,41.10787
29.029,41.10706
29.01925,41.10755999999999
29.0185,41.10159
29.02408,41.104839999999996
29.019940000000002,41.1053
29.03077,41.09973
29.027770000000004,41.10600999999999
29.02733,41.1079
29.020260000000004,41.10559
29.01561,41.10626
29.02283,41.10745
29.02737,41.10779
29.02969,41.09951
29.024851666666667,41.10786000000001
29.022259999999992,41.10769000000001
29.02143,41.10031
29.01619000000001,41.10667999999999
29.03082,41.09974
29.01584,41.105
29.02341,41.10762
29.01996,41.10453
29.016100000000016,41.10663
29.025469999999995,41.10507
29.02643999999999,41.10631999999999
29.02024,41.10438
29.026249999999997,41.10739
29.030939999999998,41.09974999999999
29.02455,41.10489
29.02646,41.1062
29.02467,41.10787
29.01681,41.1039
29.02625,41.10739
29.01778,41.10247
29.022100000000002,41.10764999999999
29.02728,41.107940000000006
29.01786,41.10233
29.02374,41.10478
29.02131,41.10051
29.017220000000002,41.10712
29.01708,41.10355
29.02837999999999,41.10667999999999
29.02317,41.09934
29.02251,41.106849999999994
29.02748,41.10797
29.02401,41.10774
29.029139999999995,41.10766999999999
29.02158,41.10455
29.02267,41.10608
29.01704,41.1036
29.02147,41.10027
29.0233,41.09932
29.024729999999998,41.107870000000005
29.02282,41.10761
29.02802,41.09994
29.02785666666667,41.10628
29.02716,41.10793
29.0266,41.10546
29.02135,41.10592
29.026450000000004,41.10627
29.022769999999998,41.10764
29.02409,41.10481000000001
29.02095,41.10793
29.02371,41.10768
29.02145000000001,41.1004
29.02713,41.10527
29.021529999999995,41.10701
29.022179999999995,41.10797000000001
29.02773,41.10629
29.02034,41.10562
29.02752,41.10712
29.02155,41.10802
29.02513,41.10503
29.022184,41.10797
29.02563,41.10786
29.016579999999998,41.10421999999999
29.02426,41.10782
29.02089,41.10073
29.02153,41.10025
29.022100000000002,41.104569999999995
29.018789999999996,41.10737
29.01561,41.10626
29.027389999999993,41.10763999999999
29.019930000000006,41.10470999999999
29.021330000000003,41.10799999999999
29.02416,41.10486000000001
29.01704,41.10361
29.02143,41.1003
29.02495,41.10784
29.02151,41.10686
29.02731,41.10794
29.01619,41.10462
29.022475,41.104645000000005
29.021936666666665,41.099979999999995
29.023645000000002,41.10766
29.0211,41.10063
29.01999,41.10444
29.02517,41.09899
29.019260000000003,41.10122
29.026509999999995,41.10593999999999
29.021729,41.107298
29.01594,41.106500000000004
29.02752,41.10712
29.021409999999985,41.100439999999985
29.02164,41.10455
29.02575,41.09891
29.025319999999994,41.107870000000005
29.02035,41.10783
29.02862,41.10676
29.03117,41.09979
29.029263333333333,41.09959666666666
29.01892,41.1074
29.02779,41.10593
29.02557,41.09895
29.01997125,41.10450625
29.02547,41.10507
29.020879999999995,41.10448
29.026699999999998,41.10521
29.028333333333336,41.09990666666666
29.02083,41.10447
29.01983,41.10504
29.026439999999997,41.10632
29.02404,41.10482
29.015340000000005,41.10567999999998
29.018919999999998,41.1074
29.015859999999996,41.106440000000006
29.01757,41.10283
29.01799,41.10728
29.02042,41.10441
29.02038,41.10783
29.02245,41.10784
29.029108,41.107906
29.017550000000004,41.10286
29.01539,41.10594
29.02147,41.10038
29.02586,41.1078
29.019930000000006,41.10105999999999
29.027225,41.10791
29.023509999999998,41.09939
29.022716666666668,41.1074
29.023591071428573,41.10764035714285
29.019,41.10746
29.02306,41.09945
29.02425,41.10782
29.0199,41.10486
29.0284,41.10806
29.01889,41.10739
29.02845,41.10663
29.02897,41.10703
29.01796,41.10219
29.02777,41.10609
29.02635,41.10703
29.01534,41.10583
29.0277,41.10639
29.023429999999998,41.10762
29.0201,41.10101
29.019849999999998,41.10501
29.01729,41.10331
29.02781,41.10577
29.02108,41.10796
29.01536,41.1059
29.02269,41.10467
29.02949,41.10723
29.019469999999995,41.101169999999996
29.01567,41.1063
29.02311,41.10472
29.02628,41.10726
29.02389,41.10773
29.026439999999997,41.106559999999995
29.02058,41.105705
29.02949,41.10723
29.02737,41.10779
29.02241,41.10463
29.01855,41.10155
29.02484,41.10786
29.02252,41.10671
29.0279,41.10621
29.017425000000003,41.103094999999996
29.021510000000003,41.10801999999999
29.02408,41.10777
29.01991,41.10525
29.024226666666664,41.09916333333333
29.0215,41.10695
29.02737,41.10775
29.02611,41.10783
29.02568,41.10506
29.02819,41.10652
29.01935,41.107585
29.01998,41.10776
29.02631,41.10715
29.02188,41.10747
29.01565000000001,41.106289999999994
29.019366666666667,41.10759666666667
29.0236,41.10765000000001
29.026034,41.10782
29.01965,41.10767
29.01628,41.10451
29.02049,41.10784
29.01607,41.1066075
29.02721,41.09942
29.026619999999998,41.10534
29.02,41.107765
29.023350000000004,41.10474
29.02365,41.10766
29.01709,41.10354
29.02733,41.1079
29.020930000000003,41.10071
29.016970000000004,41.10369
29.02523,41.10782
29.025399999999998,41.098950000000016
29.028360000000006,41.0999
29.02151,41.10802
29.01934,41.10758
29.02393,41.10773
29.02317,41.09934
29.02001,41.10439
29.02317,41.10472
29.01887,41.10739
29.027330000000003,41.107899999999994
29.02292999999999,41.099500000000006
29.022849999999995,41.10752
29.01749,41.103
29.0263,41.10515
29.0278,41.09984
29.02765,41.1066
29.02014,41.10554
29.02777,41.10605
29.02859,41.09984
29.01938,41.10761
29.02531,41.10504
29.01982,41.10511999999999
29.017659999999996,41.10266
29.02117,41.10451
29.02234,41.1079
29.02249,41.09966
29.01639,41.10442
29.01922,41.10755
29.017220000000002,41.10340000000001
29.023270000000004,41.10757
29.02615,41.10782
29.019749999999995,41.10110000000001
29.027483333333333,41.09966333333333
29.02263,41.10626
29.02705,41.1079
29.0262825,41.099075
29.024510000000003,41.10786
29.022010000000005,41.1076
29.02614,41.10783
29.027709999999995,41.10634000000001
29.02569,41.10786
29.02416,41.10486
29.02251,41.10762
29.02426,41.10782
29.01944,41.10761
29.02193,41.10004
29.02151,41.10802
29.01855,41.10734
29.015840000000008,41.105000000000004
29.02712,41.10793
29.029242500000002,41.1072425
29.01985,41.10517000000001
29.03068,41.09981
29.02645,41.10633
29.026020000000003,41.1078
29.023490000000006,41.10762999999999
29.02412,41.10485
29.022902499999997,41.10753
29.01936,41.10759
29.02785,41.106175
29.02429,41.10784
29.02151,41.10691
29.02735,41.10788
29.027579999999993,41.10686999999999
29.02251,41.10762
29.024886153846165,41.10782999999999
29.02129,41.10052
29.02663,41.0991
29.022948518518522,41.10753
29.02693,41.09932
29.02826,41.10648
29.017849999999996,41.10725
29.01985,41.10501
29.021619999999995,41.10623999999999
29.019763333333334,41.1011
29.02808,41.10804
29.01562571428571,41.10522428571429
29.02283,41.10536
29.02974,41.09951999999999
29.01982,41.10506999999999
29.023523333333333,41.10764
29.02207,41.10763
29.02288,41.10516666666666
29.0279375,41.1063175
29.02252,41.10465
29.0264775,41.1060375
29.02661,41.10538
29.0268,41.10787
29.0207,41.10574
29.02198,41.10755
29.02849,41.09983
29.0174,41.10314
29.02915000000001,41.10755
29.021499999999996,41.106919999999995
29.02974,41.09952
29.02012,41.10779
29.02252,41.10671
29.02403,41.0992
29.02167,41.10802999999999
29.01979,41.10771
29.02949,41.10723
29.0200525,41.10436
29.02254,41.10778
29.01916,41.10753
29.02635,41.10703
29.02118,41.10798
29.020009999999992,41.10104
29.02095,41.10793
29.02188,41.10747
29.030559999999998,41.0997
29.01538,41.10592
29.02093,41.10071
29.02986,41.099554999999995
29.01928,41.10757
29.0167,41.10404
29.02949,41.10723000000001
29.020019999999995,41.105430000000005
29.02909,41.10798
29.020137499999997,41.1043525
29.028800000000004,41.1069
29.020030000000002,41.10437
29.028540000000007,41.10807
29.02635,41.10700075
29.02928,41.09959
29.024329999999996,41.0992
29.02150333333333,41.100346666666674
29.02737,41.10772
29.027419999999996,41.10751
29.01799,41.10214
29.01841,41.10166
29.03038,41.09974
29.02631,41.10718
29.02264,41.10619
29.02227,41.09981
29.0266,41.10544
29.01536,41.10588
29.021509999999996,41.10802
29.02429,41.10784
29.03111,41.09985
29.02306,41.10757
29.02188,41.10007
29.0266,41.10549
29.016160000000003,41.104659999999996
29.027320000000003,41.10789
29.022600882352943,41.10773970588235
29.02838,41.10657
29.02377,41.10477
29.021518333333333,41.106988333333334
29.02123,41.10056
29.01534,41.10571
29.02251,41.10762
29.0274,41.1053
29.022975000000002,41.104835
29.02291,41.10508
29.01648,41.10432000000001
29.01535,41.10584999999999
29.026349999999997,41.107
29.0211,41.10063
29.02792,41.10623
29.015853333333336,41.10498666666667
29.02784,41.10617
29.024289999999997,41.10784
29.01786,41.10233
29.02418,41.10483
29.026050000000005,41.1078
29.02543,41.10782
29.0232,41.10474
29.01620000000001,41.1046
29.02756,41.09972
29.026619999999998,41.10535
29.025320000000004,41.10787
29.02706,41.09939
29.02646,41.10637
29.021910000000002,41.10748
29.026530000000005,41.105889999999995
29.02657,41.105697500000005
29.02003,41.10437
29.025688333333346,41.09895966666667
29.02549,41.10781
29.02251,41.10689
29.02644,41.10632
29.023335,41.10475
29.03114,41.09985
29.023563333333332,41.09938333333333
29.02348,41.10476
29.02127,41.10054
29.02634,41.10706
29.0227,41.10594
29.0198,41.10109
29.02949,41.10723
29.02096,41.10449
29.02341,41.10762
29.02883999999999,41.10704
29.022940000000002,41.10493000000001
29.02079,41.10077
29.024858064516128,41.09905064516129
29.02038,41.10783
29.023770000000003,41.09925
29.02595,41.10784
29.01944,41.10118
29.021529999999995,41.10672
29.021434,41.105956000000006
29.02149,41.10036
29.02608,41.10512
29.021129999999992,41.10797000000001
29.01911,41.10751
29.02872,41.09976
29.0211,41.10583
29.02367,41.09937
29.020969999999995,41.10580000000001
29.02216,41.09984
29.02161,41.10636999999999
29.0284375,41.099845
29.02553,41.10507
29.0174,41.10717
29.02022,41.10437
29.02041,41.10565
29.0177,41.10259
29.02656,41.1058
29.0262,41.10769
29.01729,41.10331
29.02181,41.10801
29.02714,41.10791
29.02207,41.10763
29.020480000000006,41.10567000000001
29.024,41.09929
29.02779,41.10627
29.02718,41.10791
29.02646,41.10617
29.02519,41.10504
29.02472,41.107899999999994
29.01957,41.10115
29.02304,41.10752
29.022550000000003,41.10659
29.02761,41.09975
29.0248,41.09907
29.0291,41.10793
29.02113,41.10797
29.025560000000006,41.10787000000001
29.027420000000003,41.09963
29.0290325,41.107257499999996
29.0244,41.10785
29.0254,41.10780999999999
29.022360000000003,41.10789
29.020040000000005,41.10436
29.02452,41.10494
29.02674,41.10787
29.02561,41.10781
29.024955,41.1078925
29.02291,41.10753
29.02461,41.10789
29.02633,41.10522
29.027230000000007,41.10528
29.022319999999997,41.10791
29.025230000000004,41.10782
29.01648,41.10685
29.02022,41.10099
29.0218,41.10737
29.024850000000004,41.104929999999996
29.01706,41.10357
29.02128,41.10452
29.03108,41.09978
29.03068,41.09981
29.020259999999997,41.10559
29.02155,41.10705
29.01679,41.10393
29.02002,41.10543
29.01713,41.10709
29.02167,41.10018
29.01626,41.10454
29.01544,41.10605
29.02193,41.10456
29.02161,41.10455
29.02887,41.10708
29.02287,41.10759
29.02196,41.108
29.02267,41.10605
29.02621,41.10787000000001
29.02919,41.1072
29.0282,41.10653
29.02828,41.09992
29.0276,41.10678
29.020130000000005,41.10435
29.017350000000008,41.10715
29.0275925,41.106817500000005
29.02699,41.10791
29.0175,41.10298
29.01766,41.10721
29.01586,41.10644
29.02584,41.09892
29.0254,41.09895
29.02213,41.10798
29.02822,41.09988
29.02189,41.107479999999995
29.021229999999996,41.10056
29.02914,41.10769
29.02566,41.0989
29.030933333333333,41.09985
29.02909,41.10798
29.01555,41.10621
29.0215,41.10692
29.02712,41.10793
29.021715,41.107275
29.0223,41.10792
29.02901,41.09972
29.02623,41.10782
29.028970000000005,41.10703
29.02745,41.10737
29.02788,41.10619
29.021609999999995,41.10714
29.02779,41.105900000000005
29.026479999999996,41.10601142857142
29.02287,41.10521
29.02345,41.10762
29.01822,41.10186
29.028209999999994,41.10802
29.02399,41.10479
29.02637,41.09903
29.02227,41.09981
29.02168,41.10455
29.03005,41.09957
29.021269999999994,41.10054000000001
29.01991,41.10483
29.028679999999998,41.10807
29.01735,41.10715
29.02254,41.10778
29.01907,41.10127
29.02089,41.10073
29.02249,41.10781
29.02154,41.10667
29.015494,41.106134000000004
29.01698,41.10705
29.02472,41.1079
29.02663,41.1053
29.02369,41.10478
29.02771,41.10635333333334
29.026259999999997,41.10787
29.028493333333333,41.10677666666667
29.01864,41.107359999999986
29.02647,41.10612057142857
29.01627,41.10453
29.02611,41.10783
29.026247500000004,41.107400000000005
29.01998,41.10448
29.02781,41.10574
29.027716666666663,41.1055
29.02911,41.10783
29.02174,41.10803
29.02296,41.1047
29.027669999999993,41.10649999999999
29.02621,41.10787
29.02586,41.1078
29.023509999999998,41.10764
29.02311,41.10472
29.02296,41.10486
29.02216,41.09984
29.0241,41.10777
29.01924,41.10122
29.0196,41.10114
29.018095,41.107295
29.020165000000002,41.10436
29.02532,41.10787
29.02754,41.10705
29.027191999999996,41.10793
29.02659,41.10551
29.02602,41.10515
29.02769,41.10546
29.02193,41.10456
29.021060000000002,41.10582
29.019361538461542,41.10760076923077
29.01659,41.106899999999996
29.029490000000003,41.10723000000001
29.02794,41.10804
29.02818,41.10642
29.02684,41.09921
29.02526,41.10786
29.01702,41.10363
29.02645,41.10633
29.0288,41.1069
29.028315,41.10803
29.026310000000006,41.10715
29.02348,41.10763
29.01924,41.10122
29.021509999999996,41.10603
29.0197,41.10769
29.02293,41.10497
29.02161,41.106300000000005
29.02815,41.09989
29.017349999999997,41.10715000000001
29.023320000000002,41.10475
29.0291,41.10785117647058
29.02934,41.10728
29.02757,41.10692
29.02155,41.10665
29.027359999999998,41.10786000000001
29.0236,41.09927
29.02648,41.10642
29.02166,41.10721
29.02282,41.09947
29.02936,41.099583333333335
29.02276,41.10566
29.02763,41.10667
29.022566666666666,41.10776666666667
29.01931,41.107575
29.0215496875,41.100310625000006
29.02293,41.09942
29.01602,41.10481
29.022010000000005,41.1076
29.01749999999999,41.10298
29.02003,41.10544
29.02026,41.10559
29.021409999999996,41.10593999999999
29.02526,41.10782
29.022270000000006,41.09978
29.02648,41.10648
29.01598,41.104855
29.02007,41.10436
29.0186,41.10151
29.02153,41.10672
29.02379,41.10479
29.02472,41.09909
29.02148,41.10453
29.02303,41.099464999999995
29.022510000000004,41.10762
29.01628,41.10451
29.026110000000003,41.10782999999999
29.01541,41.10599
29.02034,41.10562
29.01738,41.10316
29.029306666666667,41.09959666666666
29.01778,41.10247
29.02352,41.09928
29.02627,41.1052
29.017037142857145,41.10706285714286
29.0244,41.09912
29.02145,41.10029
29.027,41.10525
29.026439999999997,41.10629
29.026740000000004,41.10787000000001
29.02336,41.10759
29.018379999999997,41.10732
29.023890000000005,41.10479
29.02777,41.105999999999995
29.023176666666668,41.09943333333333
29.020552105263157,41.10443
29.020790000000005,41.10789
29.02143,41.1003
29.02263,41.10626
29.019899999999996,41.10486
29.02055,41.10569
29.02651,41.1079
29.02493,41.09903
29.02086999999999,41.107899999999994
29.020649999999996,41.1057275
29.02258,41.10776
29.01735,41.10715
29.02797,41.09994
29.021610000000003,41.10639571428572
29.0230225,41.104777500000004
29.02598,41.1051
29.02524,41.10782
29.01995,41.10533
29.02317,41.09934
29.022129999999997,41.10798
29.01892,41.1074
29.02067,41.10083
29.01786,41.10233
29.02371,41.10476
29.02746,41.10532
29.01551,41.10615
29.01909,41.10126
29.02073,41.1008
29.02161,41.10028
29.022583333333333,41.106429999999996
29.02648,41.10603
29.02549,41.10781
29.024390000000007,41.104910000000004
29.02511,41.10783
29.023890000000012,41.104779999999984
29.027472,41.107319999999994
29.0248,41.10492
29.02858,41.10673
29.02779,41.10613
29.02292,41.10505
29.021449999999994,41.100289999999994
29.0216,41.10619
29.019539999999996,41.10115
29.02261,41.106325
29.02345,41.10762
29.02914,41.107469999999985
29.02617,41.1078
29.015845,41.10643
29.03112,41.09978
29.02907,41.0997
29.0216,41.10022
29.02332,41.10759
29.01545,41.10608
29.016360000000002,41.10444
29.02272,41.10585
29.0291,41.10785
29.023042500000003,41.10477
29.02152,41.10688
29.02894,41.10714
29.019690000000015,41.10112000000001
29.02637,41.0991
29.02697,41.09927
29.022129999999994,41.10766
29.02658,41.10563
29.02276,41.10566
29.0187,41.10144
29.02235,41.10767
29.0206125,41.1057175
29.02694,41.10791
29.02252,41.10705
29.02835,41.09986
29.02949,41.107229999999994
29.020895,41.105785
29.02007,41.10436
29.01969,41.10112
29.019109999999998,41.107510000000005
29.02344,41.10761
29.020222352941172,41.10781058823529
29.028180000000003,41.10650999999999
29.02777,41.10607
29.021420000000003,41.10801000000001
29.026589999999995,41.10526
29.02215,41.09989
29.01559,41.10625
29.026299999999996,41.10721
29.020079999999997,41.1055
29.02299,41.0994
29.02641,41.10783
29.026665,41.09912
29.02277,41.10764
29.01705,41.10358
29.02153,41.10672
29.021828,41.107398
29.0255,41.10503
29.02699,41.09935
29.02184,41.10004
29.021809999999995,41.10007
29.03001,41.0996
29.022579999999998,41.10776
29.0176,41.10277
29.01997,41.10105
29.02289,41.10511
29.02893,41.107
29.03115,41.09978666666667
29.02732,41.1079
29.0245,41.10787
29.0262,41.10767
29.024009999999997,41.107739999999986
29.02949,41.10723
29.02761,41.10674
29.021550000000012,41.10664999999999
29.022971818181816,41.10757
29.016061600000004,41.10660120000001
29.017900000000004,41.10226999999999
29.023990000000005,41.10479000000001
29.03076,41.099824999999996
29.0227,41.10754
29.02161,41.10637
29.02661,41.1054
29.02913,41.10743
29.02343,41.10474
29.02837999999999,41.10668000000001
29.0193,41.10757
29.02167,41.10455
29.02781,41.09988
29.021060000000002,41.10582
29.01985,41.10498
29.0261,41.09902
29.023090000000007,41.10472000000001
29.015359999999994,41.105900000000005
29.02022,41.10099
29.02485,41.10493
29.02337,41.10474
29.0228,41.1055
29.02668,41.10521
29.021560000000004,41.10024
29.02358,41.10764
29.02213,41.10798
29.023209999999995,41.10759
29.0217275,41.10729500000001
29.01909,41.10126
29.02356,41.10764
29.02251,41.10692
29.02873,41.09981
29.01754,41.1072
29.026859999999996,41.10788000000001
29.026146666666666,41.09903333333333
29.0262125,41.1051325
29.02297,41.10484
29.02216,41.09984
29.01855,41.10734000000001
29.02255,41.10655
29.02189,41.10748
29.02644,41.10524
29.028256666666664,41.09992333333333
29.0231,41.10757
29.02714,41.10791
29.018970000000007,41.10742
29.02668,41.10521
29.02365,41.10476
29.02828,41.09988
29.02037,41.10095
29.01729,41.10331
29.019320000000004,41.10758
29.027869999999997,41.10628
29.01534,41.10579
29.02001,41.10104
29.02269,41.10601
29.02786,41.09991
29.026220000000002,41.1076
29.02127,41.10054
29.01616,41.10466
29.0277825,41.1061225
29.0266,41.10544
29.022470000000002,41.1076325
29.02654,41.10519
29.02658,41.10563
29.02317,41.10473
29.02294,41.10757
29.02784,41.10617
29.02373,41.1076725
29.02249,41.09966
29.01661,41.10691
29.029340000000005,41.107279999999996
29.02432,41.10489
29.01766,41.10721
29.02188,41.10747
29.01991,41.10525
29.019848333333332,41.105165
29.01549,41.10538
29.02751,41.10716
29.02012,41.10779
29.0270625,41.1079025
29.021280000000004,41.10589
29.02574,41.1078
29.02348,41.10762
29.017780000000002,41.10247
29.023,41.10479
29.02038,41.10783
29.02355,41.10475
29.021309999999996,41.10051
29.02484,41.10783
29.02715,41.09938
29.02163,41.10803
29.02203,41.10761
29.024840000000008,41.10786000000001
29.02433,41.10486
29.02938,41.10726999999999
29.02098,41.10069
29.01944,41.10761
29.021499999999993,41.106919999999995
29.02299,41.0994
29.02229,41.10769
29.024225,41.10781
29.022810000000003,41.10547
29.02224,41.1046
29.01994,41.10459
29.02777,41.10603
29.02934,41.10728
29.01567,41.105180000000004
29.01895,41.10742
29.02147,41.10038
29.0293825,41.1072675
29.02353,41.10764
29.01538,41.10592
29.02299,41.0994
29.021509999999996,41.10698
29.02237,41.10788
29.02401,41.10774
29.02151,41.10454000000001
29.026350000000004,41.10703
29.02836,41.0999
29.01818000000001,41.1019
29.0282575,41.106575
29.02778,41.10596
29.022540000000003,41.10714
29.023789999999998,41.10479
29.01578,41.10507
29.023919999999993,41.10771999999999
29.025950000000005,41.10784
29.02555736842105,41.107790526315796
29.02349,41.10763
29.02914999999999,41.10758000000002
29.016100000000005,41.10663
29.02677,41.10522
29.02694,41.10791
29.018249999999995,41.10181
29.02631,41.10718
29.02762,41.1067
29.025979999999997,41.1051
29.02281,41.10469
29.02364,41.10766999999999
29.02696,41.10789
29.02161,41.10714
29.0278,41.09984
29.024970000000007,41.10789
29.021470000000004,41.10027
29.021150000000002,41.10451
29.016790000000004,41.10393
29.026599999999988,41.10544000000001
29.02849,41.09983
29.017530000000008,41.10291999999999
29.01996,41.10453
29.02652,41.10524
29.028825,41.099729999999994
29.01841,41.10166
29.02186,41.10745
29.02828,41.09988
29.02152,41.10691
29.02375,41.09935
29.01711,41.10352999999999
29.015609999999995,41.106260000000006
29.02622,41.107577500000005
29.02582,41.10512
29.02380666666667,41.10479
29.02624,41.10743
29.019863333333333,41.10519
29.02224,41.1046
29.02261,41.10631
29.021470000000004,41.10027
29.02118,41.10585
29.017675,41.1026375
29.029723333333333,41.099516666666666
29.015684999999998,41.10517
29.02915,41.10758
29.02775,41.09982
29.02227,41.09981
29.02756,41.09972
29.02582,41.10512
29.02787,41.10803
29.02821,41.10802
29.026439999999997,41.10632
29.029149999999994,41.10754999999999
29.02771,41.10634
29.02795,41.09993333333333
29.02593,41.10509
29.027115384615396,41.09942692307691
29.018150000000002,41.10194
29.01763,41.10269
29.015650000000008,41.106289999999994
29.026549999999993,41.09906999999999
29.01994,41.10459
29.018739999999994,41.10735999999999
29.019833333333334,41.105133333333335
29.02677,41.10791
29.02283,41.10745
29.018890000000006,41.10739000000001
29.024649999999998,41.10496
29.026299999999996,41.105149999999995
29.02754,41.10798
29.01922,41.107549999999996
29.02291,41.10508
29.02799,41.10636
29.01695,41.10371
29.01535,41.10584
29.02749,41.10724
29.02506,41.099
29.027710000000003,41.106339999999996
29.02472,41.1079
29.0221,41.10765
29.02365,41.10766
29.01792,41.10727
29.021853333333336,41.107433333333326
29.017050000000005,41.10358
29.02193,41.10456
29.01594,41.10649999999999
29.015689999999996,41.10632
29.029654999999998,41.0995375
29.01963,41.10113
29.02275,41.10569
29.02578,41.10508
29.02147,41.10027
29.02328,41.10474
29.01717,41.1071
29.01619,41.10668
29.02178,41.10009
29.02881,41.10805
29.01614,41.10468
29.024960000000004,41.10495
29.02234,41.1079
29.0266,41.10544
29.028969999999994,41.10717
29.01784,41.10237
29.02164000000001,41.10718999999999
29.02127,41.10054
29.02288,41.10514
29.02656,41.10578
29.01563,41.10628
29.02346,41.10762
29.02149,41.10694
29.021270000000005,41.10054
29.026706666666666,41.09922
29.022515,41.10703
29.02821,41.10802
29.02397,41.10773
29.02341,41.10761
29.01591,41.10493
29.01589,41.10495
29.02578,41.10511
29.02598,41.10781999999999
29.02278,41.1056
29.02106,41.10582
29.02723,41.10528
29.021729629629636,41.10729925925925
29.02901,41.09972
29.02316,41.10755
29.02063,41.10786000000001
29.0232,41.10471
29.01536,41.10588666666667
29.02305,41.10477
29.026549999999993,41.105830000000005
29.02265,41.10735
29.02574,41.1078
29.027329999999996,41.1079
29.02793,41.10630999999999
29.02671,41.10791
29.01957,41.10115
29.02105,41.10066
29.02258,41.10725
29.02389000000001,41.10477999999999
29.02112,41.10063
29.02159,41.10802
29.02823,41.10646
29.01918,41.10753
29.019919999999992,41.10528
29.027500000000007,41.10720000000001
29.0236,41.10765000000001
29.024659999999997,41.10789
29.026885,41.10788
29.02299,41.1048
29.02532,41.10787
29.01778,41.10247
29.01661,41.10691
29.02828,41.09988
29.02949,41.10723
29.01655,41.10424
29.02392,41.09931
29.02292,41.105049999999984
29.022870000000005,41.10759
29.02910999999999,41.10781068965517
29.02341,41.10762
29.021560000000008,41.10662000000001
29.015630000000005,41.10627999999999
29.01884,41.10135
29.02079,41.10576
29.024369999999998,41.10486999999999
29.0217,41.10726
29.02121,41.10451
29.023440000000004,41.09929
29.02608,41.10785
29.02777,41.10558
29.0154,41.10549999999999
29.01559,41.10625
29.02882,41.10692
29.02149,41.10027
29.02164,41.100249999999996
29.02895,41.10805
29.01638,41.10443
29.027329999999996,41.1079
29.02181,41.10007
29.02135,41.10591999999999
29.02808,41.10804
29.02250666666667,41.099646666666665
29.02007,41.10436
29.02872,41.10806
29.01934,41.1012
29.027324999999998,41.107895
29.025289999999995,41.10782
29.018410000000003,41.101659999999995
29.02677,41.09917
29.0215,41.10692
29.02598,41.09899
29.022660000000002,41.0996
29.01997,41.10105
29.0272,41.10792999999999
29.027690000000003,41.10645
29.021209428571428,41.10057028571429
29.021560000000004,41.10608
29.02143,41.1003
29.01744,41.10718
29.02261,41.10466
29.02549,41.10781
29.02443,41.10785
29.02775,41.09982
29.01567,41.1063
29.02026,41.10559
29.02828,41.106590000000004
29.020963333333338,41.10069666666667
29.01556,41.10623
29.016865,41.107015000000004
29.024193076923066,41.10486076923078
29.0221,41.10765
29.02646,41.10524
29.02742,41.09963
29.01534,41.10571
29.027769999999993,41.10609
29.015449999999994,41.106080000000006
29.02114,41.10584
29.022039999999997,41.09996
29.02356,41.10764
29.0277,41.09979
29.02911,41.10739
29.01869,41.10736
29.0291,41.10785
29.02013,41.10435
29.02668,41.10521
29.017040000000005,41.10361
29.02189,41.10748
29.021039999999996,41.10795
29.01889,41.10739
29.016010000000005,41.10657
29.02964,41.09954
29.02035,41.10783
29.021920000000005,41.10750000000001
29.02155,41.10705
29.02198,41.1
29.02428,41.10485
29.01639,41.10442
29.02012,41.10779
29.01705,41.10358
29.02161,41.10637
29.02646,41.10617
29.018855000000002,41.107385
29.02716,41.10793
29.02383,41.09933
29.0291,41.10785
29.017913333333336,41.10225
29.02661,41.10786
29.01952,41.10764
29.026169999999997,41.10781
29.019439999999996,41.10118
29.02254,41.10778
29.02846,41.10809
29.01918,41.10124
29.017045000000003,41.10359
29.0292,41.099630000000005
29.02401,41.10774
29.01567,41.105180000000004
29.022374999999997,41.1078775
29.03108,41.09978
29.02099,41.10794
29.02151,41.10686
29.02708,41.10793
29.03067,41.09972
29.026625000000003,41.1053
29.023419999999998,41.10761000000001
29.027809999999995,41.105839999999986
29.01717,41.1071
29.0215,41.10693
29.02252,41.10705
29.02456,41.10495
29.028130000000004,41.10637
29.01567,41.10518
29.02262,41.10629
29.02497,41.105
29.02283,41.10745
29.0231,41.10757
29.02838,41.10668
29.025487999999996,41.10787
29.01899666666667,41.101283333333335
29.0230075,41.10471
29.02265,41.10735
29.027282500000002,41.10529
29.016520000000003,41.10427
29.024390000000007,41.104910000000004
29.026459999999997,41.1062
29.02699,41.10791
29.02475,41.10497
29.02118,41.10451
29.02644,41.10656
29.0235,41.10763
29.02145,41.10029
29.02456,41.10495
29.02425,41.09923
29.02823,41.10655
29.02181,41.10738
29.02564,41.09895
29.02204,41.10457
29.027715,41.106325
29.028720000000007,41.10806000000001
29.02825,41.09988
29.02419,41.10486
29.02691,41.10524
29.01754,41.1072
29.022929999999995,41.0995
29.01944,41.10118
29.017659999999992,41.10721
29.02304,41.10752
29.02752,41.10712
29.02137,41.108
29.02649,41.10524
29.02156,41.10657
29.02268,41.10769
29.01957000000001,41.10114999999999
29.03116,41.09983
29.02153,41.1067
29.02298,41.10753
29.026570000000003,41.10525
29.02002,41.10543
29.02379,41.10769
29.029677500000002,41.09951
29.02642,41.10524
29.024839999999994,41.107859999999995
29.02251,41.10689
29.02496,41.10495
29.02758,41.10538
29.0176,41.10277
29.02852,41.10679
29.028520000000007,41.10679
29.0277,41.09979
29.0221,41.10765
29.02795,41.10625
29.0224,41.09974
29.02818,41.10651
29.021986666666667,41.10756333333334
29.02782000000001,41.10616000000001
29.02269,41.10738
29.01679,41.10699
29.02267,41.10608
29.02332,41.10475
29.015649999999997,41.106289999999994
29.02644,41.10632
29.02907,41.10712
29.02649,41.10598
29.01698,41.10705
29.02269,41.10601
29.02938,41.10727
29.02557,41.09889
29.01575,41.1051
29.02619,41.10775
29.023649999999996,41.10475999999999
29.027625,41.106685
29.020340000000004,41.10562000000001
29.0211,41.10063000000001
29.02568,41.10506
29.0291,41.10737
29.020129999999998,41.10435
29.02144,41.10453
29.02645,41.10633666666667
29.02187,41.10746
29.0237625,41.1076875
29.01951,41.10115
29.01778,41.10247
29.02714,41.10791
29.02625,41.10739
29.0241,41.10777
29.02151,41.10026
29.021205000000002,41.10798
29.01711,41.10353
29.01594,41.1065
29.02536,41.10782
29.02949,41.10723
29.021229999999996,41.10798
29.02777,41.10599
29.02835,41.10666
29.021675000000002,41.100175
29.02328,41.10475
29.02651,41.1079
29.02858,41.10673
29.01731,41.10328
29.021669999999986,41.10018000000001
29.026210000000003,41.10787
29.02011,41.10552
29.02623,41.09906
29.03108,41.09978
29.02792,41.10623
29.02934,41.09959
29.02428,41.09915
29.027967500000003,41.106345000000005
29.02367,41.09937
29.027750606060607,41.10555090909091
29.0203,41.10439
29.02455,41.10788
29.02732,41.1079
29.0174,41.10717
29.018921999999996,41.101316
29.02038,41.10783
29.0188,41.10137
29.02249,41.10780999999999
29.02234,41.09973
29.0216,41.10644
29.025880000000008,41.105090000000004
29.025583846153843,41.10508076923077
29.02317,41.10472
29.02353,41.10476
29.026190000000007,41.10771999999999
29.02434,41.10784
29.02074,41.10575
29.026310000000002,41.10715
29.03032,41.09972
29.01534666666667,41.10566
29.028379999999988,41.10667999999999
29.0220075,41.108
29.017744000000004,41.102517999999996
29.02229,41.10768
29.02557,41.09895
29.02723,41.10528
29.025870000000005,41.09897
29.028785,41.108055
29.01985,41.10498
29.01754,41.1072
29.01818,41.1019
29.0157,41.10633
29.027495000000002,41.10722
29.0198,41.10109
29.02448,41.10784999999999
29.02151,41.10686
29.02949,41.10723
29.02365,41.10476
29.02101,41.1045
29.02481,41.099
29.02143,41.1003
29.02042,41.10441
29.0275,41.10533
29.028813333333336,41.099733333333326
29.02485,41.10493
29.022150000000003,41.09989
29.02823,41.10645999999999
29.01996,41.10453
29.025323333333333,41.098953333333334
29.026970000000002,41.09934
29.0215,41.10694999999999
29.0263,41.1052
29.018739999999994,41.10735999999999
29.02821,41.09993
29.021999999999995,41.108
29.02221999999999,41.10796000000001
29.02513,41.10503
29.017249999999997,41.10336000000001
29.025780000000008,41.10508
29.017039999999998,41.10361
29.01635333333333,41.10444666666667
29.02569,41.09896
29.019483333333337,41.10116333333334
29.02557,41.09895
29.0216375,41.1071825
29.02374,41.10768
29.017013333333335,41.10363666666667
29.02419,41.10486
29.02662,41.1053
29.02437,41.09913
29.02906,41.108
29.021750000000004,41.10011
29.02664,41.1052
29.02097,41.1058
29.02251,41.10674
29.016200000000005,41.1046
29.02876,41.10806
29.03079,41.09983
29.01619,41.10462
29.02743,41.10795000000001
29.01679,41.10699
29.01949,41.10116
29.015840000000004,41.105
29.01947,41.10117
29.02251,41.10699666666667
29.02869,41.106935
29.02802,41.09994
29.02949,41.10723
29.02907,41.0997
29.02524,41.10786
29.023940000000003,41.107734
29.028970000000008,41.10703
29.02466,41.10789
29.01991,41.1048
29.02149,41.10036
29.02221,41.09985
29.03011,41.09958
29.020570000000003,41.10786
29.02281,41.10547
29.02373,41.107685000000004
29.02644,41.1063
29.017373333333335,41.10317
29.015750000000004,41.10636
29.02074,41.10575
29.02154,41.10667
29.02771,41.10549
29.02648,41.10648
29.02949,41.107229999999994
29.02646,41.10638
29.01786,41.10233
29.021540000000005,41.10669000000001
29.02354,41.10764
29.02907,41.10712
29.02182,41.10739
29.01982,41.10512
29.02164,41.104549999999996
29.023412500000003,41.1076075
29.02105,41.1045
29.01551,41.10615
29.02742,41.0996
29.028059999999996,41.10640999999999
29.02584,41.09892
29.0288,41.10701
29.0222,41.10459
29.017080000000004,41.10355
29.0219,41.10748
29.022205,41.10768
29.02677,41.10522
29.01744,41.10718
29.02216,41.10798
29.0246,41.09912
29.01692,41.103755
29.01994,41.104665
29.02949,41.10723
29.025359999999996,41.10787
29.01749,41.10719
29.02106,41.10582
29.02812,41.09989
29.019903333333332,41.10774333333333
29.02394,41.09922
29.022270000000002,41.10794
29.028669999999995,41.106919999999995
29.028130000000008,41.10636999999999
29.02265,41.10735
29.02155,41.10705
29.02775,41.10555
29.02987,41.09953
29.016439999999996,41.106829999999995
29.02383,41.09933
29.0175375,41.1028975
29.02351,41.10764
29.023850000000003,41.09923
29.01815,41.10194
29.02485,41.10493
29.02189,41.10748
29.02808,41.10804
29.02614,41.10783
29.01675,41.10697
29.02155,41.10705
29.023602,41.104752
29.026055,41.09895
29.027320000000007,41.10528999999999
29.02346,41.10762
29.023015,41.10471
29.01744,41.10718
29.0242,41.09917
29.03092,41.09985
29.02792,41.10623
29.028969999999994,41.10717
29.02646,41.10638
29.02598,41.1051
29.01956,41.10765
29.02914,41.10747
29.027779999999996,41.10612
29.02946,41.09956
29.020969999999995,41.1058
29.020030000000006,41.10437000000001
29.02642,41.1067
29.02641,41.10783
29.019889999999993,41.104890000000005
29.017109999999995,41.10353
29.024055,41.107765
29.02704,41.10792
29.02473,41.10787
29.023710000000005,41.10476
29.025949999999998,41.09893333333333
29.0206,41.10086
29.02859,41.10686
29.02736000000001,41.10785999999999
29.02,41.10442
29.023980000000005,41.10775
29.02288,41.10753
29.02461,41.10495
29.027730000000005,41.10628999999999
29.027659999999997,41.10799999999999
29.02644,41.1063
29.02735538461538,41.09958692307692
29.02229,41.10768
29.021669999999997,41.10723
29.023199999999996,41.09943
29.018136666666663,41.101956666666666
29.030770000000004,41.09973000000001
29.01957,41.10115
29.022674000000002,41.10604200000001
29.01639,41.10442
29.01554,41.10619
29.023559999999996,41.10763999999999
29.02339,41.10475
29.02419,41.10486
29.02152,41.10674
29.01535,41.10584999999999
29.02379,41.10769
29.02915000000001,41.10751
29.02645,41.10635
29.02358,41.10477
29.02781,41.10803
29.027879999999996,41.10618999999999
29.02611,41.10783
29.02821,41.09993
29.02339,41.104749999999996
29.02143,41.10042
29.01755,41.10286
29.02644,41.1063
29.02057,41.10786
29.0215,41.10692
29.02549,41.10780999999999
29.02644,41.10632
29.02647,41.10609
29.02189,41.10747999999999
29.02401,41.10774
29.021520000000002,41.10690999999999
29.02661,41.1054
29.02419999999999,41.1078
29.02006,41.10436
29.01653,41.10687
29.02606,41.10785
29.02401,41.10774
29.02267,41.10608
29.025169999999996,41.09899
29.03017,41.09959
29.02152,41.10689
29.02286,41.09952
29.02083,41.10577
29.022770000000005,41.10468
29.02161,41.10028
29.01836,41.10169
29.023372499999997,41.107612499999995
29.017499999999995,41.10298
29.023890000000005,41.10773
29.01864,41.10735999999999
29.01549,41.10537999999999
29.02232,41.10461
29.02263,41.10626
29.02036,41.10439
29.02657,41.105720000000005
29.027599999999996,41.10799
29.01713,41.10349
29.022759999999998,41.099565
29.025140000000004,41.10787
29.01913,41.10126
29.02843,41.106725
29.02143,41.10029999999998
29.02645,41.10633
29.029098333333334,41.107955000000004
29.02777,41.10599
29.02269,41.107545
29.01559,41.10625
29.02917,41.10718
29.02261,41.10466
29.025319999999997,41.107870000000005
29.02506,41.099
29.02306,41.09945
29.025309999999998,41.105039999999995
29.02781,41.105755
29.024970000000007,41.10789
29.02365,41.10476
29.01573,41.10635
29.015453333333337,41.10608666666666
29.02821,41.10802
29.020099999999996,41.10551000000001
29.02256,41.10650999999999
29.02144,41.10596
29.02939333333333,41.09953333333333
29.01694999999999,41.103710000000014
29.02061,41.10786
29.0231,41.10475
29.0269,41.09924
29.02408,41.10484
29.02411,41.09919
29.02915,41.10761
29.02398,41.10775
29.024510000000003,41.107859999999995
29.02462,41.10786
29.01709000000001,41.10354000000001
29.02815,41.09989
29.021803333333335,41.100123333333336
29.02432,41.10489
29.02556,41.10504
29.0245,41.10787
29.02851,41.10668
29.02914,41.10768
29.020300000000006,41.10438999999999
29.02295,41.10753
29.019150000000007,41.10753
29.02592,41.09893
29.03111,41.09985
29.016950000000005,41.10370999999999
29.02275,41.10765
29.022539999999996,41.107780000000005
29.024390000000007,41.10783999999999
29.02287,41.10759
29.02561,41.10778
29.0277,41.09979
29.02586,41.1078
29.02024,41.10438
29.02159,41.10712
29.02063,41.10786
29.020120000000002,41.10779
29.02224,41.1046
29.02781,41.09988
29.021770000000004,41.107343333333326
29.02657,41.10525
29.023160000000004,41.10755
29.02814461538461,41.09994
29.017600000000005,41.10274
29.024,41.09929000000002
29.0176,41.10721
29.02781,41.10803
29.0262,41.10767
29.02557,41.09895
29.02207,41.10799
29.02493,41.09903
29.02138,41.10593
29.0274,41.1053
29.02345,41.10762
29.021526,41.106046000000006
29.02733,41.1079
29.03092,41.09985
29.02177,41.10015
29.02657,41.105720000000005
29.0277225,41.106305000000006
29.02155,41.10665
29.026427500000004,41.10664
29.0255,41.10787
29.02071,41.10787
29.02478,41.1079
29.02232,41.10461
29.02281,41.10543
29.01722,41.10712
29.01785,41.10725
29.02781,41.10803
29.02401,41.10774
29.02949,41.10723
29.019090000000002,41.10126
29.02145,41.10029
29.02662,41.10534
29.01826,41.10731
29.01648,41.10432
29.02222,41.10796
29.028900000000004,41.10805
29.019284999999996,41.10757
29.01624,41.10456
29.022712499999997,41.099585000000005
29.01704,41.10361
29.02934,41.09959
29.02121,41.10451
29.0266075,41.105405000000005
29.02321,41.10756
29.01602,41.10481
29.02215,41.09989000000001
29.02161,41.106392500000005
29.02317,41.09934
29.02472,41.1079
29.01565,41.10629
29.02828,41.09992
29.022069999999996,41.107989999999994
29.016060000000007,41.10478
29.027560000000005,41.10696
29.01993,41.104725
29.03104,41.09985
29.01584,41.105
29.01709,41.10354
29.0274,41.10759
29.01572,41.10634
29.02213,41.10766
29.024327500000002,41.1048925
29.02964,41.09951
29.02238,41.09971
29.02828,41.10649
29.02153,41.1067
29.023380000000003,41.107596666666666
29.02929,41.0996
29.02718,41.10791
29.01703,41.10362
29.01547,41.10542
29.0174,41.10314
29.027450000000005,41.107369999999996
29.02778,41.106100624999996
29.01575,41.10636
29.021489999999996,41.10035999999999
29.021049999999995,41.1045
29.02577,41.1078
29.015825,41.105019999999996
29.01833,41.10731
29.02238,41.10766
29.01855,41.10734
29.02721,41.09942
29.02934,41.10728
29.02152,41.10674
29.024620000000013,41.107859999999995
29.026389999999996,41.10683999999999
29.029490000000003,41.10723
29.0254,41.09895
29.02279,41.099485
29.01884,41.10135
29.019980000000004,41.107760000000006
29.02278,41.10752
29.02186,41.107449999999986
29.02052,41.10785
29.0264,41.10523333333333
29.02216,41.10798
29.024519999999995,41.1048825
29.02263,41.10626
29.02143,41.10031
29.02632,41.105154999999996
29.024740000000005,41.10491
29.03017,41.09959
29.02144,41.10453
29.02746,41.10532
29.02489,41.09898
29.0255,41.10787
29.02201,41.1076
29.03105,41.09977
29.02538,41.10501
29.02587,41.10513
29.02163,41.10019
29.02854,41.106809999999996
29.01975,41.1011
29.028810000000004,41.108050000000006
29.02434,41.10784
29.02332,41.10759
29.02145,41.1004
29.028049999999997,41.10632
29.02118,41.10585
29.02732,41.1079
29.01735,41.10715
29.02741,41.10755
29.024649999999998,41.1049
29.021049999999995,41.10066
29.02331,41.10474
29.025949999999998,41.10783999999999
29.02389,41.10478
29.01636000000001,41.10443999999999
29.02269,41.10467
29.022579999999998,41.10466000000001
29.02419,41.10486
29.01738,41.10316
29.02828,41.10649
29.02613,41.10783
29.02449,41.09916
29.0311,41.09978
29.026030000000002,41.10511
29.02219,41.10768
29.02449,41.09916
29.02257,41.10648
29.029069999999997,41.107319999999994
29.01736,41.10319
29.031006666666666,41.09976
29.02523,41.10782
29.02911,41.10739
29.0254,41.10781
29.01938,41.10119
29.02658,41.10563
29.029440000000005,41.107240000000004
29.02238,41.09971
29.0221,41.10457
29.03008,41.09963
29.02754,41.09972
29.02112,41.105835
29.02345,41.10762
29.02815,41.09989
29.02909,41.10798
29.018410000000003,41.10166000000001
29.01621,41.10459
29.02351,41.10764
29.01541,41.10599
29.02244,41.09969
29.022859999999998,41.09952
29.021413333333335,41.10453
29.02699,41.09935
29.02626,41.105142
29.02465,41.1049
29.02408,41.10777
29.026863333333335,41.10791
29.024080000000005,41.10484
29.02848,41.10677
29.021610000000003,41.10639571428572
29.02639,41.10517
29.02172,41.10803
29.02281,41.10469
29.02157,41.1003
29.02265,41.10466
29.02494,41.107855
29.02522,41.10499
29.01628,41.10451
29.02485,41.10493
29.01711,41.10353000000001
29.02354,41.10764
29.01998,41.10776
29.019110000000005,41.107510000000005
29.029119999999995,41.10741
29.01703,41.10706
29.019360833333327,41.10760041666666
29.0277,41.09982
29.02364,41.10767
29.01794,41.10221
29.02385,41.09923
29.022720000000003,41.10753
29.024225,41.10781
29.02184,41.10004
29.02157,41.10655
29.02427,41.10488
29.01836,41.10169
29.02034,41.10562
29.02225,41.10795
29.02234,41.1079
29.02546,41.10781
29.026450000000004,41.10627
29.01606,41.10478
29.02523,41.10782
29.026429999999998,41.106590999999995
29.026679999999985,41.105209999999985
29.02141,41.10044
29.01538,41.10592
29.02915,41.10751
29.027626666666666,41.09975666666667
29.02232,41.10791
29.02198999999999,41.104569999999995
29.023085000000002,41.107527499999996
29.020700000000005,41.10573999999999
29.018919999999994,41.10739999999999
29.02101,41.10067
29.02583,41.10785
29.01936,41.10759
29.02147,41.10027
29.02282333333333,41.10538666666667
29.02261,41.10634
29.015989999999995,41.10484
29.020709999999998,41.10787
29.02658,41.10791
29.02317,41.09934
29.027730000000005,41.105520000000006
29.02735,41.10788
29.02647,41.10609
29.01572,41.10634
29.020030000000002,41.10437
29.01563,41.10628
29.0162,41.1046
29.02141,41.10594
29.021920000000005,41.09999
29.02651,41.09915
29.02232,41.10791
29.01619,41.10668
29.02691,41.10788
29.02642,41.1067
29.01965,41.10767
29.01715,41.107095
29.02493,41.09903
29.02806,41.10641
29.02881,41.09978
29.02657,41.10572
29.025719999999996,41.1078
29.02333,41.10474
29.02523,41.10782
29.02485,41.10493
29.02074,41.10575
29.022929999999988,41.09942
29.021509999999996,41.10684
29.02181,41.10738
29.02906,41.1073
29.019890000000004,41.10522000000001
29.02229,41.10768
29.029099999999996,41.107850689655194
29.02149,41.10694
29.02384,41.107712
29.02186,41.10745
29.02631,41.10715
29.02587,41.09897
29.021818333333332,41.10738833333334
29.027800000000006,41.10587
29.01754,41.1072
29.027790000000003,41.1059
29.019979999999993,41.10775999999999
29.02267,41.10608
29.02789,41.106289999999994
29.0263,41.1052
29.02125,41.10055
29.02513,41.10503
29.021639999999998,41.107189999999996
29.024610000000013,41.10789
29.02425,41.10783
29.02143,41.1003
29.02188,41.10001
29.02337,41.09931
29.02813,41.10637
29.01644,41.10437
29.01621,41.10459
29.028640000000003,41.10807
29.025903333333332,41.098976666666665
29.0266,41.10549
29.02182,41.10455
29.02213,41.10798
29.02349,41.10763
29.01725,41.10336
29.03116,41.09983
29.0229,41.1047
29.02128,41.10799
29.022909999999996,41.1075775
29.02293,41.10497
29.0227,41.10593823529411
29.027524999999997,41.1071
29.02234,41.1079
29.024070000000002,41.107780000000005
29.02018,41.10436
29.02156,41.10707
29.022720000000003,41.10753
29.02756,41.10696
29.0215,41.10693
29.023249999999997,41.10474
29.02574,41.1078
29.027642500000002,41.1066225
29.02101,41.10581
29.02906,41.108
29.02147,41.10027
29.02412,41.10485
29.02999,41.09956
29.028319999999997,41.10663
29.027422,41.107499999999995
29.02107,41.10065
29.02257,41.10721
29.02833,41.10653
29.021346,41.100492
29.02269,41.10738
29.022873333333333,41.105199999999996
29.02828,41.09992
29.03116,41.09979
29.01772,41.10255
29.02949,41.10723000000001
29.02152,41.10691
29.019279999999995,41.10757
29.01636,41.10679
29.02182,41.104549999999996
29.02662,41.1053
29.02739,41.10764
29.02493,41.09903
29.02443000000001,41.10785
29.02292,41.10749
29.02737,41.10779000000001
29.01961,41.10766
29.02472,41.09909
29.02256,41.10651
29.01998,41.10448
29.02037,41.10564
29.02949,41.107229999999994
29.0289,41.10805
29.02841,41.1066
29.01991,41.10483
29.01536,41.10588
29.02934,41.10728
29.01708,41.10355
29.02523,41.10782
29.02018,41.10436
29.02264,41.10619
29.02769,41.10546
29.02,41.10439999999999
29.01594,41.1049
29.02258,41.10775999999999
29.02306,41.09945
29.02151,41.10684
29.02227,41.09978
29.027399999999993,41.10529999999999
29.02848,41.10677
29.017409999999998,41.103125000000006
29.02181,41.10007
29.02578,41.10511
29.02659,41.10554
29.02336,41.10761
29.02005,41.10435999999999
29.01895,41.10742
29.02867,41.10692
29.02745,41.10737
29.024490000000004,41.09915999999999
29.02272,41.10581764705882
29.029,41.10803
29.0215,41.10692
29.028583846153847,41.09984153846153
29.017429999999997,41.10307999999999
29.02156,41.10659
29.01994,41.10465
29.02637,41.0991
29.02644,41.1063
29.02472,41.09909
29.02858827586207,41.10807
29.02772,41.10631
29.0227,41.10754
29.01961,41.10766
29.02172,41.10019
29.02022,41.10099
29.02148,41.10453
29.02868,41.09977000000001
29.023494000000007,41.099392
29.02132999999999,41.108
29.02658,41.10563
29.022180000000002,41.10797000000001
29.01755,41.10286
29.01648,41.10432
29.027560000000005,41.10536666666666
29.01622,41.10671
29.023760000000006,41.10768000000001
29.0228,41.1055
29.025252400000003,41.10504
29.02309,41.10472000000001
29.02958,41.09954
29.029,41.10706
29.016073333333335,41.10475333333333
29.02934000000001,41.10727999999999
29.02551,41.1078
29.02344,41.09929
29.02369,41.09926
29.022875,41.107468
29.02761,41.09975
29.021210000000004,41.10451
29.026576666666667,41.09908
29.01982,41.10507
29.02823,41.10646
29.02569000000001,41.10786000000001
29.028593333333333,41.099799999999995
29.029,41.10803
29.02369,41.10478
29.01951,41.10115
29.01759,41.1028
29.019980000000004,41.10537999999999
29.02151,41.10603
29.02419,41.10486
29.02036,41.10439
29.020210000000002,41.10437
29.0217575,41.100105
29.02009,41.105505
29.0177,41.10259
29.020260000000004,41.10559
29.02859,41.10686
29.03105,41.09977
29.01788,41.1023
29.02674,41.107870000000005
29.02147,41.10027
29.0273,41.09955
29.02633,41.10522
29.027779999999996,41.10596
29.02854,41.10807
29.030842500000006,41.0998325
29.023036666666666,41.10477
29.02305,41.10477
29.020145,41.107794999999996
29.019485000000003,41.1011625
29.023880000000002,41.099226666666674
29.02876,41.10698
29.02251,41.106970000000004
29.0226075,41.1077375
29.02617,41.10781
29.02582,41.10512
29.02445,41.10786
29.020916666666665,41.10071666666666
29.020160000000004,41.10436
29.02772,41.10631
29.029,41.10803
29.026615,41.10529
29.01747,41.10303
29.02619,41.09899
29.02099,41.10794
29.02314,41.10472
29.02667,41.10786
29.015704999999997,41.1063325
29.021510000000003,41.10602999999998
29.02706,41.107925
29.01884,41.10738
29.025070000000003,41.10502
29.02493,41.09903
29.02158999999999,41.106480000000005
29.02042,41.10441
29.02686,41.10524
29.02341,41.10761
29.021889999999992,41.10748
29.02235,41.10767
29.0216,41.10619
29.023789999999995,41.104790000000015
29.02914,41.10766
29.02389,41.10773
29.0248,41.10492
29.028450000000003,41.106739999999995
29.019569999999998,41.10115
29.025765000000007,41.1078
29.02021,41.10437
29.0176,41.10274
29.02037,41.10095
29.01683,41.10388
29.01561000000001,41.106260000000006
29.02141,41.10594
29.01951,41.10115
29.017039999999994,41.10360000000001
29.01855,41.10734
29.02192,41.1075
29.02105,41.100660000000005
29.02491,41.0989725
29.026480000000003,41.10784
29.02525,41.10504
29.0205980952381,41.100860714285716
29.02243,41.107643333333336
29.02156,41.10608
29.027869999999997,41.10803
29.02224,41.1046
29.02009,41.10435
29.02770666666667,41.10800666666666
29.02267,41.10605
29.02269,41.10601
29.02712,41.09943
29.02416,41.09925
29.023839999999993,41.10772
29.02944,41.10724
29.02795,41.10625
29.02164,41.10025
29.01722,41.1034
29.02952,41.09955
29.01726,41.10713
29.02207,41.10763
29.02356,41.10764
29.024922500000002,41.1049425
29.02659,41.10526
29.02271,41.10597
29.02851999999999,41.10679000000001
29.02728,41.10794
29.027510000000003,41.105333333333334
29.021309999999993,41.10051
29.02714,41.10791
29.01925,41.10756
29.02252,41.10667
29.02663,41.0991
29.02273,41.10766
29.016493333333333,41.104306666666666
29.022911999999998,41.105074
29.022509999999997,41.106970000000004
29.02128,41.10452
29.02353,41.10764
29.0244,41.10785
29.02385,41.09923
29.02911,41.10739
29.024839999999998,41.10786000000001
29.0179,41.10227
29.02317,41.09934
29.01542,41.106004999999996
29.02307,41.10476
29.02376,41.10768000000001
29.02146,41.10028
29.0216,41.10022
29.02273,41.10468
29.02322,41.10474
29.028969999999997,41.10703
29.02278,41.10752
29.016260000000003,41.10454
29.017529999999997,41.102920000000005
29.02478,41.10784
29.022325000000002,41.1079075
29.026960000000003,41.10524999999999
29.02954,41.0995
29.02864,41.09978
29.02,41.1054
29.02815,41.09989
29.02263,41.10773
29.01788,41.1023
29.01994,41.10468
29.02508,41.10788000000001
29.02282,41.1054
29.01556903225807,41.10528096774193
29.02368,41.10767
29.02131,41.10051
29.02657,41.10566
29.02914,41.10766
29.02152,41.10689
29.02116,41.10061
29.019570000000005,41.10114999999999
29.01565,41.10629
29.02040999999999,41.10564999999999
29.01899,41.10744
29.021380000000004,41.10046
29.023410000000005,41.10762
29.028409999999997,41.10671
29.02227,41.10794
29.0295,41.09951
29.02814,41.10803
29.02895,41.09974
29.029099999999993,41.107139999999994
29.02447,41.10494
29.02224,41.10769
29.02375,41.10769
29.02646,41.10652
29.02662,41.1053
29.01987,41.10492
29.027701999999998,41.106386
29.02574,41.1078
29.03056,41.0997
29.01718,41.10343
29.01549,41.10538
29.02186,41.10744
29.022565,41.106494999999995
29.02764,41.10663
29.02161,41.10455
29.02124,41.100555
29.01925,41.10756
29.01718,41.10343
29.024331818181814,41.1078303030303
29.02404,41.10482
29.02304,41.09938
29.02639,41.10684
29.030929999999998,41.09985
29.0197,41.10769
29.02329,41.10475
29.02737,41.10771999999999
29.02461,41.10495
29.0215,41.10692
29.02732,41.10529
29.02121,41.10057
29.016413333333333,41.10681666666667
29.02274,41.105720000000005
29.023789999999995,41.104790000000015
29.01983,41.10504
29.02321,41.10759
29.02451,41.10786
29.02034,41.105619999999995
29.027839999999994,41.106170000000006
29.029490000000003,41.107229999999994
29.02833,41.10803
29.021640000000005,41.107189999999996
29.02269166666667,41.104670416666664
29.02659,41.10526
29.02604,41.10782
29.01892,41.1074
29.0291,41.10714
29.015345,41.105835
29.022696000000003,41.107542
29.022084999999997,41.09993
29.02079,41.10789
29.02313,41.09944
29.02635,41.1070075
29.02239,41.10787
29.02385,41.09923
29.02201,41.1076
29.0263,41.10721
29.02429,41.10783
29.01569,41.10632
29.02152,41.10674
29.02411,41.10779
29.03116,41.09979
29.02318,41.10756
29.02443,41.10785
29.02506,41.099
29.029490000000003,41.10723000000001
29.02587,41.10513000000002
29.02156,41.1065975
29.019979999999997,41.10538
29.02859,41.10686
29.021809999999995,41.10800999999999
29.028776000000004,41.106883999999994
29.02191,41.10748
29.02748,41.107279999999996
29.027579999999997,41.10687
29.02363,41.10766
29.02022095238095,41.10437047619048
29.0262,41.10767
29.022039999999997,41.104569999999995
29.01736,41.10319
29.020169999999997,41.10555
29.01794,41.10221000000001
29.0203,41.10561
29.026169999999997,41.1078
29.0231,41.10753
29.029060000000005,41.108
29.01636,41.10444
29.02336,41.10759
29.02141,41.10453
29.0218,41.10737
29.02088,41.10448
29.02721,41.09942
29.023970000000002,41.10773
29.01572,41.10634
29.02644,41.10632
29.018600000000003,41.10151
29.01916,41.10124
29.02639,41.10684
29.02104,41.10795
29.025755,41.105075
29.02203,41.10761
29.02257,41.1076
29.02359,41.10475
29.02526,41.10499
29.02812,41.10646
29.02583,41.10785
29.02914,41.107455
29.01567,41.1063
29.02167,41.10018
29.02792,41.10623
29.02641,41.10676999999999
29.02452,41.10785
29.02658,41.10557
29.02766,41.108
29.02063,41.10786
29.02512,41.09892
29.02414,41.10778
29.022069999999996,41.10762999999999
29.021945000000002,41.099975
29.02331,41.10474
29.02629,41.10724
29.0274,41.1053
29.016285,41.106750000000005
29.02647,41.1064
29.02914,41.10745
29.02021,41.10437
29.01998,41.10538
29.02727,41.10529
29.019890000000004,41.107739999999986
29.02663,41.1053
29.02823,41.10655
29.02383,41.10477
29.02873,41.10684
29.018289999999997,41.10177
29.02443,41.10784999999999
29.017060000000008,41.10357
29.02794,41.10804
29.022836666666667,41.09953
29.02911,41.10783
29.02873,41.09981
29.02849,41.09983
29.02149,41.10027
29.02293,41.10497
29.01551,41.10615
29.01907,41.10127
29.026427499999997,41.1078325
29.01563,41.10628
29.0219,41.10748
29.02267,41.10605
29.02113,41.10062999999999
29.02251,41.10682
29.02782,41.10616
29.02226,41.10769
29.02801,41.10804
29.02325,41.10474
29.03104,41.09985
29.02418,41.10483
29.02283,41.10536
29.02637,41.09903
29.02284,41.10469
29.029130000000002,41.107760000000006
29.02851,41.09986
29.01951,41.10115
29.0185,41.10159
29.02964,41.09951
29.02598,41.10782
29.020120000000002,41.10553
29.01563,41.10628
29.026314999999997,41.107135
29.0279825,41.0998925
29.02384,41.10772
29.02345,41.10762
29.016830000000002,41.10388
29.02021,41.10437
29.02251,41.10674
29.02332,41.10759
29.01624,41.10456
29.02277,41.10764
29.021820000000005,41.10011000000001
29.02113,41.10797
29.01584,41.105
29.028179999999995,41.10642000000001
29.022879999999997,41.105180000000004
29.02859,41.09984
29.02529,41.09896
29.023130000000002,41.10754
29.03005,41.09957
29.018969999999992,41.10129000000001
29.02055,41.10569
29.02836,41.0999
29.024773333333332,41.09907666666667
29.02709,41.09935
29.02271,41.10597
29.026189999999993,41.107719999999986
29.029127499999998,41.107765
29.02007,41.10778
29.02067,41.10083
29.02779875,41.10587375
29.02199,41.10457000000001
29.02364,41.10767
29.02278,41.105586666666674
29.02732,41.09951
29.02052,41.10785
29.02161,41.10028
29.01658,41.10422
29.023530000000004,41.10476
29.02266,41.10756
29.021610000000003,41.10637
29.02549,41.10780999999999
29.02856,41.10683
29.01575,41.10636
29.03116,41.09979
29.0216,41.10644
29.02764,41.10542
29.02152,41.10688
29.02234,41.1079
29.02363,41.10766
29.027410000000003,41.107549999999996
29.02826,41.10648
29.02105,41.10066
29.02923,41.09961
29.02152,41.10691
29.02019,41.10556
29.01598,41.10654
29.018059999999995,41.10728999999999
29.024,41.1048
29.02588,41.10509
29.017990000000005,41.10214
29.03116,41.09979
29.02693,41.09932
29.01899,41.10744
29.01684208333333,41.10701041666667
29.023429999999994,41.10474000000002
29.02732,41.1079
29.02821,41.09992999999999
29.02815,41.09989
29.02788,41.10619
29.02908,41.10733
29.02201,41.1076
29.0201,41.10551
29.02283,41.10745
29.0275,41.1072
29.03115,41.09979
29.02156,41.1066
29.021539999999998,41.106669999999994
29.02303,41.10477
29.01930000000001,41.10756999999999
29.029099999999996,41.107870000000005
29.02193,41.10004
29.02095,41.10793
29.018500000000003,41.101589999999995
29.0236,41.09927
29.029299999999996,41.10727
29.02385,41.09923
29.027479999999994,41.10727999999999
29.02327,41.10758
29.02138,41.10593
29.02162,41.10624
29.02055,41.10569
29.01763,41.10269
29.02862,41.10676
29.02647,41.1065
29.02213,41.10766
29.018715,41.10736
29.02034,41.10562
29.02904,41.108
29.01925,41.10756
29.02662,41.10534
29.01903,41.10748
29.01997,41.10535
29.01957,41.10115
29.028119999999998,41.10646
29.02114,41.10451
29.019860000000005,41.10108
29.01548,41.10612
29.02037,41.10094999999999
29.02696,41.10525
29.02157,41.10655
29.02445,41.104929999999996
29.022529999999993,41.09967000000001
29.023050000000005,41.10476999999999
29.01993,41.10474
29.026245,41.10782
29.027809999999995,41.10577
29.02648,41.10648
29.023709999999998,41.10766999999999
29.02616,41.10517
29.02221,41.09981
29.02071,41.107870000000005
29.0255,41.10503
29.023389999999992,41.10475
29.02836,41.0999
29.01933,41.10758
29.026299999999996,41.10721
29.02549,41.10781
29.028588000000003,41.106736
29.02356,41.10764
29.03088,41.09984
29.02012,41.10779
29.02157,41.10654
29.01998,41.10446
29.0168,41.103915
29.02157,41.10655
29.022286666666663,41.099766666666675
29.018989999999995,41.10744
29.02135,41.10049
29.02093,41.10071
29.02818000000001,41.10642
29.02781,41.09988
29.02632,41.10712
29.02611,41.10781
29.02652,41.10524
29.023199999999996,41.09942999999999
29.02928,41.09959
29.01948,41.10762
29.02781,41.10582
29.03001,41.0996
29.021570000000004,41.10655
29.02619,41.10774
29.03116,41.09979
29.02286,41.09952
29.0288,41.1069
29.0215,41.10692
29.02864,41.10807
29.01998,41.10448
29.02808,41.10804
29.02652,41.10591
29.02947,41.10722
29.01983,41.10108
29.029059999999998,41.10799999999999
29.02366,41.10766
29.027650000000005,41.1066
29.025171874999998,41.1078296875
29.01989,41.10522
29.02555,41.10781
29.02452,41.10494
29.01704,41.10361
29.02549,41.10780999999999
29.02644,41.10632
29.02331,41.10474
29.02954,41.09954666666667
29.026200000000003,41.10512999999999
29.02263,41.10623
29.02815,41.09989
29.02107,41.10065
29.02251,41.10674
29.027710000000003,41.106339999999996
29.02946,41.09956
29.02647,41.10606
29.02786,41.10618
29.02019,41.10556
29.02159,41.10712
29.021509999999996,41.10802
29.021036666666664,41.10066333333333
29.025472727272735,41.105069999999984
29.02652,41.10591
29.02354,41.10764
29.02244,41.09969
29.01993,41.10474
29.026355000000002,41.106984999999995
29.02186,41.10745
29.02635,41.10783
29.02161,41.10627
29.01705,41.10358
29.02331705882353,41.10758882352941
29.020790000000005,41.10446
29.02118,41.10059
29.02737,41.10772
29.02262,41.10732
29.0275,41.1072
29.02288,41.10747
29.02144,41.10453
29.029305,41.1072725
29.02121,41.1058575
29.01536,41.10588
29.028810000000007,41.09978
29.02257,41.10721
29.02196,41.10457
29.0291,41.10793
29.02779,41.1059
29.02147,41.10801
29.02272,41.105779999999996
29.027599999999996,41.10678
29.026935,41.105245
29.03112,41.09978
29.02624,41.10746
29.0154,41.1055
29.02245000000001,41.10783999999998
29.016219999999997,41.10457
29.02369,41.10478
29.02257,41.1076
29.02872461538461,41.09981153846154
29.02363,41.10477
29.02195,41.10752
29.029299999999996,41.10727
29.01735,41.10715
29.0242,41.1048625
29.021489999999996,41.10027
29.026619999999998,41.10534
29.02021,41.10437
29.01799,41.10214
29.01594,41.1065
29.024970000000007,41.105000000000004
29.030803333333335,41.09983
29.02002,41.10543
29.021449999999994,41.100289999999994
29.02769,41.10643
29.03114,41.09985
29.02272,41.10578
29.016869999999997,41.10383000000001
29.02659,41.10526
29.02251,41.10682
29.02281,41.10469
29.021550000000005,41.106649999999995
29.02073,41.1008
29.02129,41.10052
29.028126666666665,41.09994
29.027669999999997,41.1065
29.02371000000001,41.107679999999995
29.02161,41.10622
29.01636,41.10444
29.02186,41.10744
29.02697,41.09927
29.0194,41.10119
29.01711,41.10353
29.02155,41.10663
29.02472,41.1079
29.020790000000005,41.105760000000004
29.02,41.10442
29.02151,41.10684
29.02657,41.105250000000005
29.022109999999998,41.10798666666667
29.01594,41.1065
29.01534,41.10574
29.021600000000007,41.10618999999999
29.02846,41.10808999999999
29.023040000000005,41.10752000000001
29.01679,41.10393
29.02096,41.10449
29.02151,41.10691
29.02152,41.10677
29.0207,41.10574
29.02292,41.10505
29.02143,41.1003
29.02138,41.10453
29.026450000000004,41.106350000000006
29.01703,41.10706
29.02628,41.10726
29.03116,41.09979
29.0221,41.09992
29.02617,41.09904
29.02251,41.10678
29.019920000000006,41.104770000000016
29.026679999999995,41.10520999999999
29.01534,41.10568
29.02439,41.10784
29.028280000000002,41.10649
29.02677,41.10522
29.015650000000004,41.10629
29.02274,41.10572
29.023270000000004,41.10757
29.0266,41.105439999999994
29.020589999999995,41.10443000000001
29.02265,41.10616
29.01565,41.10629
29.02593,41.10509
29.03003,41.09956666666667
29.02899,41.09969
29.02781,41.10577
29.02909,41.10735
29.02292999999999,41.104970000000016
29.02949,41.10723
29.0274225,41.107497499999994
29.02152,41.10691
29.02661,41.10786
29.020209999999995,41.10437000000001
29.02776,41.10627
29.02147,41.10598
29.02904,41.10728
29.025592500000002,41.1050825
29.01567,41.105180000000004
29.026280000000003,41.10726
29.02983,41.09955
29.02288,41.10518
29.02216,41.09984
29.02182,41.10011
29.023756666666667,41.10478333333333
29.02187,41.10801
29.02647,41.10614
29.02627,41.10733
29.02182,41.10739
29.023803333333333,41.099336666666666
29.019359999999995,41.10119
29.02372,41.10767
29.02764,41.10542
29.02732,41.09951
29.02042,41.10441
29.01626,41.10454
29.021210000000004,41.10451
29.02936,41.09954
29.0252,41.10786
29.02151,41.106854999999996
29.01821,41.101870000000005
29.01548,41.1054
29.02277,41.10752
29.02638,41.1069
29.02517999999999,41.10782999999999
29.023839999999996,41.1077
29.020969999999995,41.1058
29.01705,41.10358
29.027753333333333,41.106276666666666
29.02462,41.10786
29.02497000000001,41.105000000000004
29.03073,41.09982
29.021779999999996,41.10802
29.02872,41.09976
29.028450000000003,41.106739999999995
29.023220000000002,41.10474
29.01731,41.10328
29.02251,41.10762
29.02288,41.10518
29.01705,41.10358
29.02277,41.10764
29.02782,41.10627
29.02221,41.10768
29.03067,41.09972
29.03008,41.09963
29.02778,41.1061
29.02325,41.107575
29.027919999999998,41.10622999999999
29.02666,41.0992
29.0244175,41.10785
29.0226,41.10759
29.020070000000004,41.10436
29.02905,41.09967
29.023709999999998,41.10768000000001
29.02458,41.107884999999996
29.01998,41.10446
29.03077,41.09973
29.02901,41.10722
29.02281000000001,41.10546999999999
29.020635,41.100845
29.02288,41.10518
29.01916,41.10124
29.026619999999994,41.105351538461534
29.026079999999997,41.10784
29.02047,41.10784
29.016239999999996,41.10456
29.02336238095239,41.10761047619049
29.0254,41.10781
29.0221,41.10765
29.02035,41.107829999999986
29.02773,41.10629
29.02773,41.10629
29.02428,41.09915
29.028385,41.099855000000005
29.027825,41.09985
29.02713,41.10527
29.02773,41.10629
29.02785,41.10627999999999
29.0207,41.10574
29.01991,41.10525
29.02396615384616,41.10772923076922
29.03062,41.09971
29.0205,41.10442
29.02521,41.09891
29.022799999999993,41.10752000000001
29.02724,41.10794
29.02423333333333,41.10781333333333
29.01536,41.1059
29.023440000000004,41.10761
29.02736,41.10784
29.029490000000003,41.10723
29.01735,41.10715
29.02157,41.10655
29.017039999999998,41.1036
29.02309,41.10472
29.01875,41.1014
29.01881,41.10737
29.016100000000005,41.10663
29.03116,41.09979
29.029029999999995,41.10801
29.02009,41.10435
29.02452,41.10785
29.01998,41.10538
29.02036,41.10783
29.024047499999995,41.1077475
29.016863333333333,41.10383666666667
29.02196,41.10754
29.02225,41.10795
29.02168,41.10022
29.027843333333333,41.0999
29.02769,41.10645
29.02407,41.10778
29.01586,41.10644
29.021665,41.10722
29.02775,41.10555
29.02721,41.09942
29.01985,41.10498
29.019822499999997,41.1050625
29.025290000000002,41.09896
29.02367,41.09937
29.02295,41.1049
29.022723333333335,41.10577000000001
29.01661,41.10691
29.02914,41.10716
29.024825,41.104925
29.02549,41.10781
29.026439999999997,41.106559999999995
29.02241,41.10463
29.02238,41.09971
29.02884,41.10704
29.02842,41.09985
29.02211,41.09987
29.0162,41.1046
29.02181,41.10801
29.016240000000003,41.10456
29.02138,41.10593
29.02575,41.09896
29.026619999999998,41.1053
29.02193,41.10456
29.026530000000005,41.105889999999995
29.02249,41.10781
29.017780000000005,41.102470000000004
29.020447500000003,41.10784
29.02604,41.099
29.01722,41.1034
29.02785,41.09986
29.02069,41.10445
29.024840000000008,41.10783000000001
29.022630000000003,41.10773
29.022803333333332,41.10549
29.02529,41.0989
29.029340000000012,41.10727999999999
29.02295,41.1049
29.01648,41.10685
29.027790625,41.1061303125
29.02016,41.10436
29.01547,41.10542
29.02317,41.10472
29.01921,41.10123
29.01895,41.10742
29.018225,41.10731
29.01822,41.10186
29.02844,41.09988
29.023015,41.104785
29.02398,41.10775
29.01549,41.10537999999999
29.0241,41.10777
29.02495,41.10784
29.02808,41.10804
29.026280000000007,41.10726
29.02778,41.106105
29.015635,41.1062825
29.02317,41.09934
29.023530000000004,41.10476
29.01536,41.10588
29.02251,41.1068825
29.02534,41.09895
29.02089,41.10073
29.01984,41.10772
29.02613,41.10783
29.018700000000006,41.10144000000001
29.02949,41.107229999999994
29.022799999999993,41.10752000000001
29.02369,41.10478
29.01666,41.10693
29.02389,41.10773
29.02497,41.09895
29.02143,41.1003
29.021006666666665,41.10794333333333
29.024279999999997,41.10485
29.026210000000003,41.10517
29.02278,41.1056
29.024909999999995,41.1079
29.02512,41.10784
29.02079,41.10446
29.03108,41.09978
29.019279999999995,41.10757
29.02452,41.10494
29.01755,41.10286
29.02295,41.10753
29.0196625,41.107675
29.022800909090904,41.10761954545455
29.019569999999998,41.10115
29.02398,41.10775
29.02648,41.10602999999998
29.02919,41.09963333333334
29.0277,41.10641
29.028589999999998,41.10686
29.0227,41.10591
29.02369,41.09926
29.0219,41.10456
29.020944999999998,41.105795
29.02253,41.1071
29.01916,41.10124
29.01895,41.10742
29.02145,41.10029
29.02251,41.10674
29.02311,41.09936
29.01631999999999,41.10447
29.02156,41.10024
29.02143,41.10042
29.026368,41.106938
29.02215,41.09989
29.02213,41.10766
29.023530000000004,41.10764
29.02089,41.10073
29.022630000000007,41.10772999999999
29.02496,41.10495
29.02779,41.10613
29.02743,41.10746
29.028759999999988,41.10698000000001
29.02428,41.10485
29.02096,41.10449
29.02123,41.10798
29.02647,41.10609
29.02646,41.10638
29.027869999999997,41.10628
29.02026,41.10559
29.01601,41.10657
29.02914,41.10771
29.02184,41.10742
29.022841363636356,41.107599545454555
29.02777,41.10609
29.027810000000002,41.10584
29.02281,41.10547
29.02231,41.10768
29.02815,41.09994
29.027960000000004,41.106256666666674
29.02949,41.10723
29.015890000000002,41.10495000000001
29.02799,41.10636
29.01989,41.10489
29.02661,41.1054
29.023629999999997,41.1076525
29.02231,41.10768
29.01735,41.10715
29.02254,41.10714
29.01979,41.10771
29.02779,41.10627
29.02216,41.09984
29.0186,41.10151
29.02645,41.106249999999996
29.02128,41.10589
29.02160875,41.100280624999996
29.026305,41.1078225
29.02776,41.10627
29.02278,41.10743
29.01911,41.10751
29.023829999999997,41.09933
29.02234,41.1079
29.0264,41.1068
29.01985,41.10501
29.0236,41.09927
29.019870000000008,41.10520000000001
29.028985,41.108035
29.02897,41.10703
29.01887,41.10739
29.02092,41.10579
29.028253,41.10657199999999
29.016376,41.104432
29.02568,41.1051
29.02732,41.1079
29.02183,41.1074
29.02267,41.10608
29.02005,41.10436
29.028525000000002,41.10669
29.024429999999995,41.10487
29.028373333333334,41.099856666666675
29.02941,41.09953
29.03088,41.099745
29.01534666666667,41.10566
29.02696,41.10525
29.02151,41.10698
29.0206,41.10786
29.0258575,41.1078075
29.017350000000004,41.10715
29.0245375,41.1078775
29.0302,41.09968
29.02753,41.10534
29.01995,41.10533
29.02873,41.09981
29.01545,41.106080000000006
29.022900000000003,41.10758
29.02583,41.10508
29.02369,41.107659999999996
29.02949,41.10723
29.0264,41.1068
29.02767,41.10654
29.02272,41.10582
29.023,41.09948
29.027769999999997,41.105992
29.02628,41.10726
29.026619999999998,41.10534
29.02237,41.10462
29.02353,41.10475
29.02542,41.105059999999995
29.02159,41.10712
29.02229,41.10768
29.02332,41.10475
29.01994,41.104665
29.01897,41.10742
29.02276,41.10752
29.02403,41.10776
29.02152,41.10674
29.02833,41.10653
29.019949999999998,41.10456
29.01782,41.1024
29.02738,41.10768
29.02143,41.10030999999999
29.022810000000007,41.10469
29.02248,41.10763
29.029665,41.09951
29.02502214285715,41.104960357142836
29.02727000000001,41.10790999999998
29.01534,41.10581
29.02739,41.10764
29.02018,41.10436
29.023055,41.1047675
29.025320000000004,41.10787
29.026460000000007,41.105240000000016
29.0258,41.1078
29.02052000000001,41.10784999999999
29.0156,41.10525
29.02587,41.09897
29.01782,41.1024
29.026365,41.105165
29.02616,41.10781
29.023360000000004,41.10759
29.02624,41.10746
29.01982,41.10512000000001
29.02345,41.10762
29.02615,41.10782
29.02544,41.10502
29.03112,41.09978
29.024650000000005,41.104899999999994
29.02794,41.10804000000001
29.0221,41.10765
29.02653,41.10589
29.02145,41.1004
29.02832,41.10663
29.02693,41.09932
29.0177725,41.10248
29.024975,41.0990225
29.0207,41.105740000000004
29.02561,41.10778
29.02267,41.10608
29.02188,41.10747
29.0236,41.10765
29.02389,41.10773
29.027450000000005,41.107369999999996
29.02237,41.10788
29.0288,41.1069
29.02502,41.10496
29.02121,41.10451
29.02143,41.1003
29.01706,41.10357
29.01944,41.10118
29.02346,41.10762
29.02,41.1044
29.0236,41.09927
29.027820000000002,41.10616
29.02917,41.10718
29.019899999999996,41.10486
29.01711,41.10353
29.026620000000005,41.105340000000005
29.023689999999995,41.10766
29.02351,41.09939
29.02156,41.10662
29.020359999999997,41.104389999999995
29.02425,41.10782
29.0275,41.1072
29.027659999999994,41.10657000000001
29.01998,41.10776
29.027210000000004,41.09942
29.02472,41.09909
29.02663,41.0991
29.0219,41.10801
29.02161,41.10714
29.02655,41.09907
29.02663,41.1053
29.02913,41.10743
29.02949,41.10723000000001
29.02121,41.10451
29.02637,41.09903
29.02659,41.10526
29.03023,41.0996
29.02358,41.10764
29.018782142857138,41.107369999999996
29.02647,41.106124
29.02677,41.10522
29.022800606060606,41.10761969696969
29.02652,41.10591
29.0157,41.10633
29.0217,41.10455
29.02332,41.10759
29.018919999999998,41.1074
29.022659999999995,41.0996
29.017569999999996,41.10283
29.022100000000002,41.09992
29.02298,41.10753
29.01957,41.10115
29.02006,41.10548
29.02258,41.10644
29.02243,41.10785
29.02659,41.10551
29.02529,41.10782
29.022603333333333,41.10636
29.02809,41.10643
29.02106,41.10582
29.02152,41.1067625
29.02171,41.10015
29.017805000000003,41.1072425
29.0154,41.10596
29.02777,41.10605666666667
29.02815,41.10648
29.017919999999997,41.10726999999999
29.015901290322578,41.10647096774192
29.02143,41.1003
29.01818,41.1019
29.01716,41.10346
29.02627,41.10733
29.02426,41.10782
29.024617999999997,41.104952000000004
29.028090000000002,41.09989
29.02098,41.10069
29.022270000000002,41.10794
29.01572,41.10634
29.01813,41.1073
29.02007,41.10436
29.02167,41.10723
29.01537,41.10556
29.02764,41.10542
29.02604,41.099
29.029469999999996,41.10722
29.0266,41.10544
29.02752,41.10712
29.01666,41.10693
29.02616,41.1078
29.017595,41.102785
29.023844545454548,41.104789999999994
29.02234,41.09973
29.02342,41.10761
29.02105,41.10066
29.02639,41.10523
29.01724,41.107124999999996
29.02252,41.10667
29.029469999999993,41.10722
29.02023,41.10558
29.01995,41.10456
29.02449,41.09916
29.02496,41.10495
29.02087,41.1079
29.01673,41.10399
29.02232,41.10461
29.026349999999997,41.10783
29.02845,41.10663
29.023670000000003,41.099369999999986
29.021820000000005,41.10455
29.027800000000003,41.10564
29.017529999999994,41.10292000000001
29.0226325,41.10621999999999
29.02949,41.10723
29.01745,41.10305
29.02334,41.0994
29.02127,41.10054
29.02603,41.10511
29.0239025,41.10478
29.02001,41.10439
29.02379,41.10769
29.023509999999998,41.107639999999996
29.017800000000005,41.10243
29.02647,41.10614
29.026969999999995,41.09927
29.02249,41.09966
29.02009,41.10435
29.02087,41.10578
29.02656,41.10578
29.02415,41.10779
29.028444999999998,41.1080825
29.02781,41.10574
29.02323,41.10757
29.01989,41.10489
29.01918,41.10124
29.0291,41.10785
29.02188,41.10747
29.0218,41.10737
29.02294,41.10757
29.02904,41.10709
29.02275,41.10765
29.02157,41.10654
29.01985,41.10501
29.019905,41.104845
29.021535,41.107020000000006
29.02204,41.10457
29.02414,41.10778
29.01944,41.10118
29.02241,41.10463
29.02644,41.10632
29.02764,41.10542
29.021419999999996,41.10801
29.029119999999995,41.10741
29.01913,41.10126
29.017129999999998,41.10349
29.02073,41.1057475
29.02854,41.10807
29.02663,41.1053
29.02616,41.1078
29.021840000000005,41.107420000000005
29.03116,41.09979
29.0255,41.10503
29.02163,41.10716
29.02888333333333,41.099716666666666
29.02037,41.10564
29.02574,41.1078
29.02452,41.10785
29.02922,41.10721999999999
29.02385,41.09923
29.01538,41.10592
29.02732,41.1079
29.02611,41.10783
29.02776,41.09985
29.02253,41.10663
29.02157,41.10655
29.01806,41.10729
29.01882,41.107373333333335
29.02171,41.10015
29.01743,41.10308
29.020497499999998,41.107842500000004
29.02884851851852,41.108050000000006
29.02748,41.09967
29.02663,41.1053
29.01578,41.10507
29.02385,41.09923
29.02174000000001,41.10802999999999
29.03077,41.09973
29.02258,41.10644
29.01905,41.10127
29.01992,41.10477
29.02064,41.10444
29.02821,41.09993
29.01992,41.10477
29.02096,41.10449
29.02851,41.09986
29.026769999999996,41.105219999999996
29.02622,41.10754
29.02143,41.1003
29.02805,41.10632
29.02781000000001,41.10802999999999
29.01994,41.1046425
29.02891,41.10711
29.029519999999998,41.099505
29.02162,41.10021
29.02646,41.10524
29.02999,41.09956
29.026429999999998,41.10659
29.016359999999995,41.104440000000004
29.020300000000006,41.10439000000001
29.01704666666667,41.10706666666667
29.01918,41.10753
29.02706,41.09939
29.02138,41.10453
29.01743,41.10308
29.015689999999996,41.10632
29.02885,41.10805
29.0273,41.10791
29.030535,41.099689999999995
29.02369,41.10478
29.026031666666665,41.10511033333333
29.018774999999998,41.101385
29.02497,41.105000000000004
29.02251,41.10689000000001
29.02237,41.10788
29.02651,41.09915
29.02507,41.10502
29.018549999999998,41.10734000000001
29.0247,41.1049
29.02163,41.10019
29.01993,41.10471
29.02372,41.10767
29.02272,41.10753
29.02255,41.10659
29.022653333333334,41.10614666666667
29.01608,41.10474
29.02828,41.10649
29.02656,41.10578000000001
29.0266,41.10542
29.026459999999997,41.1062
29.02949,41.10723
29.0274,41.1053
29.02149,41.10601
29.022841071428566,41.10759964285715
29.026350000000004,41.10703
29.023439200000006,41.10761
29.02641,41.10677
29.022879999999997,41.10753
29.02764,41.10663
29.01744000000001,41.107179999999985
29.016200000000005,41.1046
29.02374,41.10478
29.01689,41.10702
29.02371,41.10767
29.02546,41.09895
29.029060000000005,41.1073
29.022715,41.099515
29.02866,41.10679
29.0174,41.10314
29.02793,41.10631
29.02584,41.09892
29.022510000000004,41.10761999999999
29.02325,41.10474
29.02871,41.10695
29.02145,41.10029
29.02125,41.10055
29.02299000000001,41.104800000000004
29.02914,41.10745
29.023095384615388,41.10752923076923
29.02949,41.10723
29.02037,41.10439333333333
29.03117,41.09981
29.02282,41.1054
29.02113,41.10797
29.01567,41.1063
29.0227,41.10754
29.029129999999995,41.10743
29.02292,41.10749
29.026470000000007,41.106139999999996
29.026619999999998,41.10534
29.025180000000002,41.10783
29.01703999999999,41.103599999999986
29.02002,41.10543
29.015552000000003,41.106214
29.02162,41.10624
29.02012,41.10553
29.0283,41.10651
29.02654,41.10785
29.02549,41.10781
29.02215,41.09989
29.0244675,41.10785
29.02815,41.1064
29.0271,41.10791
29.02439,41.10784
29.02157,41.1003
29.01638,41.10443
29.019032142857135,41.10748071428572
29.017119999999995,41.10351
29.02029,41.10097
29.02271,41.10597
29.02544,41.10787
29.01819,41.10730999999999
29.01544,41.10605
29.026190000000003,41.10771999999999
29.02257,41.10721
29.01589,41.10495
29.02625,41.10739
29.02801,41.10804
29.027539999999995,41.09972
29.02732,41.10789
29.02232,41.09974
29.017080000000007,41.10354999999999
29.02311,41.10472
29.02761999999999,41.10670000000001
29.02747,41.09965
29.02514,41.10787
29.023580000000003,41.104769999999995
29.01569,41.10632
29.02374,41.10478
29.023129999999995,41.10471999999999
29.01957,41.10115
29.01704,41.1036
29.01636,41.10444
29.027098000000002,41.10527
29.02145,41.1004
29.018319999999996,41.10174000000001
29.0291,41.10737
29.02208,41.09993333333333
29.02625,41.10514
29.02152,41.10691
29.022990000000004,41.1048
29.02598,41.09899
29.029149999999998,41.10751000000001
29.031126666666665,41.09985
29.02662,41.1053425
29.0193,41.10757
29.02582,41.1078
29.01725,41.10336
29.02079,41.10446
29.02631,41.10715
29.023629999999997,41.099374999999995
29.0198,41.10109
29.0222,41.10459
29.02455,41.09908
29.02267999999999,41.107690000000005
29.020480000000003,41.10567
29.021420000000003,41.10801000000001
29.02623,41.1075
29.02241,41.10786
29.01541,41.10549
29.02412,41.10485
29.02265,41.10735
29.02106,41.10582
29.022100000000002,41.10764999999999
29.02305,41.10477
29.02511,41.10783
29.02697,41.09927
29.0245,41.10787
29.02167,41.10723
29.01658,41.10422
29.02932,41.10728
29.021470000000004,41.10027
29.03117,41.09979
29.01974,41.1077
29.03115,41.09979
29.02903,41.10725
29.01534,41.10574
29.02753,41.10708
29.02852,41.10679
29.02602,41.10515
29.01594,41.1049
29.023220000000006,41.10474
29.01965,41.10767
29.017180000000007,41.10343000000002
29.02143,41.1003
29.01652,41.10427
29.021139999999992,41.10450999999998
29.02954,41.0995
29.02339,41.10474
29.021509999999996,41.10454
29.02312,41.10473
29.02786,41.09991
29.02638,41.1069
29.02229,41.10768
29.03088,41.09984
29.02733,41.1079
29.02158,41.10709
29.01569,41.10632
29.020145,41.107794999999996
29.024229999999996,41.10486999999998
29.01918,41.10753
29.03051,41.09968
29.026209411764707,41.107641764705875
29.022409999999997,41.10463
29.02735,41.10795
29.02106,41.10582
29.0297,41.09953
29.02195,41.10752
29.02021,41.10437
29.03011,41.09958
29.02841,41.1066
29.027555,41.106985
29.027784000000004,41.105616
29.0227,41.09952
29.02087,41.1079
29.021420000000003,41.10801
29.022720000000007,41.10578000000001
29.021510000000003,41.10679
29.02977,41.09954
29.01734,41.10322
29.02934,41.10728
29.016619999999996,41.10415999999999
29.02946,41.09956
29.02024000000001,41.10438
29.021146666666667,41.10797333333333
29.02735,41.10789
29.0176,41.10721
29.01565,41.10629
29.02338,41.1076
29.0185,41.10159
29.02793,41.10631
29.02535,41.10781
29.023979999999998,41.10775
29.02189999999999,41.10747999999999
29.023562500000004,41.10764
29.03117,41.09979
29.02721,41.10791
29.02455999999999,41.10494999999999
29.01767999999999,41.10262999999999
29.01638,41.10443
29.02713,41.10527
29.01916,41.10124
29.02913,41.10773
29.02907,41.10799
29.024801612903232,41.10492032258065
29.028750000000002,41.10806
29.02409,41.10481
29.026555000000002,41.10525
29.01993,41.10474
29.029,41.10802999999999
29.02749,41.10724
29.02661,41.10538
29.02172,41.10019
29.02838,41.10657
29.02616,41.1078
29.02181,41.10801
29.02656,41.1058
29.02914,41.10767
29.01572,41.10634
29.02608,41.10785
29.02006,41.10436
29.02911,41.10781
29.02153,41.10025
29.02383,41.10771
29.016264999999997,41.104535
29.020300000000006,41.10439000000001
29.02657,41.10525
29.02443,41.10492
29.01539,41.10594
29.02636,41.10522
29.02587,41.09897
29.02389,41.10479
29.01687,41.10383
29.02507000000001,41.10784
29.01811,41.10199
29.02666,41.0992
29.02677,41.10791
29.01941,41.10761
29.02757,41.10692
29.01918,41.10753
29.015403333333335,41.105970000000006
29.02079,41.10077
29.015913333333334,41.10648
29.02145,41.10029
29.0266,41.105475
29.02625,41.10739
29.02142,41.10801
29.02891,41.10711
29.022540000000003,41.10714
29.02520000000001,41.10499000000001
29.02566,41.10779
29.02813,41.10637
29.02154,41.10668
29.02101,41.1045
29.02775,41.09982
29.02193,41.10799999999999
29.02657,41.10525
29.02893,41.09971
29.02648,41.10642000000001
29.019890000000004,41.104890000000005
29.02042,41.10441000000001
29.02624,41.10746
29.02423,41.10487
29.01957,41.10115
29.01657,41.10689
29.02746,41.10532
29.02221999999999,41.10796000000001
29.020589999999995,41.10443000000001
29.021499999999996,41.10692999999999
29.02764,41.10663
29.02724,41.10791
29.020485,41.100905
29.01993,41.10775
29.02651,41.09915
29.01648,41.10685
29.0215,41.10696
29.02265,41.10466000000001
29.02172,41.10728
29.022613333333336,41.107306666666666
29.02828,41.10659
29.0211,41.10583
29.02977,41.09954
29.02359,41.10765
29.02721,41.09942
29.029062500000002,41.107305000000004
29.02345,41.10762
29.0266,41.10544
29.02257,41.10721
29.02914,41.10762666666667
29.03063,41.0998
29.02156,41.1066
29.019179999999995,41.10124
29.02267,41.10608
29.02304,41.10752
29.026935,41.099255
29.02221999999999,41.107960000000006
29.017249999999997,41.10336
29.01969,41.10112
29.02794,41.10804
29.02721,41.09942
29.022795000000002,41.105515
29.02362,41.10766
29.02766,41.10544
29.0239625,41.1048
29.023270000000004,41.107580000000006
29.02207,41.10763
29.015700000000002,41.10633000000001
29.02187,41.10746
29.0215,41.10695
29.0207,41.10573999999999
29.02464,41.09906
29.02911,41.10781
29.02646,41.10617
29.02173,41.1073
29.02622,41.1075475
29.02164000000001,41.100249999999996
29.019930000000002,41.10473666666667
29.01811,41.10199
29.02106333333333,41.100653333333334
29.02188,41.10747
29.02332,41.10759
29.02518,41.10783
29.01559,41.10625
29.02703,41.107895
29.021129999999996,41.10797000000001
29.02005,41.10436
29.01889,41.10739
29.02277,41.10763999999999
29.026079999999997,41.10512
29.02276,41.0995
29.02598,41.1051
29.019160000000007,41.10124
29.02659,41.10526
29.01778,41.10247
29.02262,41.10629
29.022598292682925,41.09964073170731
29.02438,41.10785
29.02897,41.10703
29.02607,41.107835
29.019130000000004,41.10126000000001
29.025660000000002,41.10786
29.025833846153837,41.10508076923077
29.03112,41.09985
29.02623,41.10782
29.02196,41.10457
29.028880000000004,41.10697
29.021978717948716,41.10000102564101
29.02598,41.10781999999999
29.022077499999998,41.10457
29.023620000000005,41.10766
29.02894,41.10714
29.02256,41.10651
29.02529,41.10782
29.02295,41.10753
29.02193,41.10751
29.02071,41.10787
29.02055,41.10569
29.01992,41.10477
29.02152,41.10674
29.02278,41.10743
29.028549999999996,41.10670749999999
29.02377,41.104769999999995
29.01662,41.10416
29.02029,41.10097
29.01934,41.10758
29.028060000000004,41.1063275
29.026200000000003,41.10766999999999
29.02125,41.10587
29.02287,41.10759
29.02888,41.10697
29.027689999999996,41.10645
29.02229,41.10793
29.02332,41.10475
29.02614,41.10512
29.02047,41.10784
29.021650000000005,41.10019
29.0203375,41.10439
29.01901,41.10128
29.02529,41.09896
29.019689999999997,41.10112000000001
29.02002,41.10777
29.03115,41.09978
29.02684,41.09921
29.01991,41.10483
29.0272,41.10793
29.02618,41.10778
29.02002,41.10777
29.01772,41.10255
29.02662,41.1053
29.02315,41.10473
29.023710000000005,41.10767
29.02173,41.1073
29.01754,41.1072
29.02584,41.09892
29.025090000000002,41.10502333333333
29.02655,41.10583
29.02614,41.10783
29.022680000000005,41.10754999999999
29.02365,41.10766
29.0224,41.09974
29.0198,41.10109
29.03116,41.09979
29.03014,41.09965
29.0265,41.10596
29.02737,41.10779
29.02914,41.10764
29.01556,41.10623
29.01869,41.10736
29.03098,41.09976
29.01626,41.10454
29.01632,41.10447
29.01657,41.10689
29.016205,41.104595
29.02619,41.10772
29.0278,41.10564
29.02254,41.107780000000005
29.0216,41.10619
29.02642,41.1067
29.02617,41.09904
29.027530000000006,41.105340000000005
29.02278,41.10743
29.02207,41.10457
29.02654,41.10785
29.02401,41.10774
29.02473999999999,41.104910000000004
29.02472,41.09903
29.02683,41.10791
29.02114,41.10584
29.020660000000003,41.10573
29.02131,41.10051
29.02151,41.10686
29.030696666666667,41.09981333333334
29.02301,41.104789999999994
29.02265,41.09955
29.02914,41.10769
29.01586,41.10644
29.025630000000003,41.10509
29.024070000000002,41.10778
29.02006,41.10436
29.02357,41.10764
29.02655,41.10583
29.01666,41.10692999999999
29.026180000000004,41.107780000000005
29.01534,41.10581
29.02520000000001,41.104990000000015
29.022836666666667,41.09946
29.0277,41.10639
29.02164,41.10455
29.02007777777778,41.10549777777778
29.021930000000005,41.10456
29.0215,41.10695
29.02153,41.1067
29.02143,41.1003
29.02598,41.1051
29.02781,41.10571
29.02538,41.10501
29.02913,41.09967
29.02735,41.10795
29.01897,41.107420000000005
29.019130000000004,41.10125999999998
29.022810000000003,41.10543
29.02371,41.10767
29.015379999999997,41.10591999999999
29.02005,41.10436
29.02237,41.10788
29.02913666666667,41.09965333333333
29.028519999999993,41.106790000000004
29.03116,41.09979
29.02485,41.09899
29.027370000000005,41.10779000000001
29.02713,41.10527
29.02781,41.106139999999996
29.02793,41.10631
29.0171525,41.1034675
29.01995,41.10456
29.01559,41.10625000000001
29.02661,41.10538076923076
29.02161,41.10714000000001
29.02362,41.10765
29.02021,41.10437
29.02251,41.10686
29.02602,41.10515
29.02777,41.10605
29.02615,41.10782
29.027794999999998,41.1061325
29.01626,41.10454
29.021989999999995,41.104569999999995
29.029440000000005,41.10724000000001
29.02752,41.10712
29.026749999999996,41.10787
29.02691,41.10524
29.01941,41.10761
29.02842,41.09985
29.02728,41.10794
29.026079999999997,41.10785
29.02777,41.106035
29.029925,41.09957
29.027039999999992,41.107919999999986
29.027600000000003,41.10678000000001
29.02941,41.10725
29.016481612903227,41.106850645161266
29.02974,41.09952
29.02484,41.10786
29.025629999999996,41.105090000000004
29.02087,41.1079
29.028262857142856,41.10648142857143
29.01992,41.10528
29.02234,41.1079
29.02149,41.10694
29.02365,41.10766
29.02652,41.10524
29.027330000000003,41.107899999999994
29.03115,41.09978
29.016319999999993,41.10447
29.029119999999995,41.10778
29.02351,41.09939
29.02142,41.10801
29.03056,41.0997
29.01546,41.1061
29.026300000000003,41.1052
29.01608,41.10474
29.02949,41.10723
29.02546,41.09895
29.02182,41.10739
29.02238,41.107659999999996
29.02754,41.10705
29.02907,41.0997
29.02205,41.10762
29.026449999999993,41.10625
29.02092,41.10449
29.02093,41.10071
29.0221,41.09992
29.02802,41.1063
29.03077,41.09973
29.02614,41.10783
29.02777,41.10605
29.01989,41.10522
29.01675,41.10697
29.01782,41.1024
29.02184,41.10004
29.025399999999998,41.107809999999986
29.02506,41.099
29.02298,41.10483
29.02872,41.09976
29.02752,41.10712
29.03111,41.09985
29.02143,41.10042
29.02067,41.10787
29.022150000000003,41.09989
29.016289999999998,41.1045
29.02376,41.10768
29.028364,41.106554
29.02171999999999,41.10019000000001
29.028484285714285,41.106654285714285
29.02002,41.10777
29.021495,41.106944999999996
29.027039999999992,41.10791999999999
29.028873999999995,41.107083
29.03023,41.0996
29.01699,41.10366
29.02644,41.10629
29.02846,41.10808999999999
29.01704,41.1036
29.02753,41.10534
29.02538,41.09889
29.01657,41.10689
29.02081,41.104465000000005
29.025199999999995,41.10499000000001
29.026130000000006,41.10782999999999
29.0224,41.09974
29.01864,41.10735999999999
29.0266,41.10546
29.02416,41.1078
29.02265,41.10466
29.03011,41.099639999999994
29.02312,41.10473
29.022799999999997,41.1055
29.02342,41.10761
29.02556,41.10504
29.01538,41.10592
29.02435,41.1049
29.02322,41.10474
29.028666666666666,41.09977333333334
29.021586666666668,41.107110000000006
29.0309,41.09975
29.02659,41.105540000000005
29.02626,41.10787
29.028059999999996,41.10640999999999
29.029085000000002,41.099665
29.02663,41.10532
29.021669999999997,41.10723000000001
29.02658,41.10558
29.02188,41.10747
29.018355,41.107315
29.02299,41.0994
29.02936,41.10727
29.02694,41.10791
29.018384545454538,41.10732090909091
29.02301,41.10757
29.03102,41.09976
29.02258,41.10776
29.0276,41.10678
29.017445,41.1030575
29.03072,41.09972
29.0213,41.10452
29.02153,41.106715
29.02598,41.10782
29.02521,41.09891
29.02848,41.10677
29.03115,41.09978
29.02785,41.09986
29.02627,41.1073
29.0265,41.10596
29.02766,41.108
29.023919999999997,41.10771999999999
29.01921,41.10123
29.023930000000004,41.10772999999999
29.023749999999996,41.10769
29.01703999999999,41.103610000000025
29.02601,41.09894
29.022207499999997,41.09985166666667
29.023839999999996,41.10479
29.024809999999995,41.099
29.018349999999998,41.101703333333326
29.02221,41.09981
29.02009,41.10435
29.02423,41.10484
29.01715,41.10347
29.025689999999997,41.107794999999996
29.02781,41.10571
29.025850000000002,41.09896666666666
29.026576666666667,41.105639999999994
29.02185,41.10455
29.0274025,41.10758
29.02367,41.09937
29.02284,41.10533
29.02526,41.10786
29.03017,41.09959
29.0193,41.10757
29.01747,41.10303
29.016579999999998,41.10422
29.023170000000004,41.10472000000001
29.02788,41.099865
29.023670000000006,41.099369999999986
29.02648,41.1064275
29.02343,41.0994
29.01735,41.10715
29.02683,41.107875
29.016312,41.10677080000001
29.027559999999998,41.10695999999999
29.01909,41.10126
29.028126666666665,41.09994
29.01934,41.1012
29.0266,41.10544
29.020880000000002,41.104479999999995
29.02419,41.10486
29.022320000000004,41.10461
29.021520000000002,41.10688
29.02234,41.1079
29.024289999999993,41.107829999999986
29.02145,41.10029
29.029148,41.107611999999996
29.021580000000007,41.10455000000001
29.01965,41.10767
29.0274,41.1053
29.022510000000004,41.10762
29.02788,41.10619
29.02154,41.10703
29.02232,41.10791
29.02012,41.10779
29.01992,41.10477
29.02246,41.0997
29.02003,41.10437
29.021910000000002,41.10748
29.02317000000001,41.10473
29.03023,41.0996
29.01565,41.10629
29.027395,41.09958
29.0230375,41.10471
29.01985,41.10517
29.020300000000002,41.10561
29.02518,41.10783
29.02097,41.1058
29.028457499999995,41.106635
29.02398000000001,41.10775
29.02686,41.10524
29.02598,41.1051
29.02201,41.1076
29.01534,41.10582999999999
29.02739,41.10764
29.02439,41.10784
29.02802,41.1063
29.02185999999999,41.10744
29.019150000000003,41.10753
29.028810000000004,41.108050000000006
29.020365714285713,41.10563714285714
29.025585,41.107785
29.02426,41.10781999999999
29.02293,41.0995
29.02016,41.10436
29.02156,41.10662
29.02528999999999,41.09896
29.01673,41.10399
29.03045,41.09967
29.02851,41.09986
29.020090000000003,41.104350000000004
29.0201,41.10101
29.02256,41.10651
29.02155,41.10705
29.02277,41.107639999999996
29.02484,41.10786
29.02641,41.10677
29.026404999999997,41.106785
29.015610000000002,41.10626
29.02624,41.10743
29.023039999999998,41.10752
29.02598,41.1051
29.02561,41.10781
29.023320000000002,41.1076
29.02059,41.10443
29.026826666666665,41.10523333333333
29.02361,41.107656666666664
29.02677,41.09917
29.019186666666666,41.10753333333333
29.02407,41.10778
29.01606,41.1066
29.02658999999999,41.105540000000005
29.02263,41.10757
29.019899999999996,41.10486
29.02165,41.10019
29.0223,41.10792
29.02005,41.10436
29.030646666666666,41.099803333333334
29.02093,41.10071
29.02952,41.09955
29.02255,41.10655
29.02808,41.10804
29.02517999999999,41.107830000000014
29.026349999999997,41.10783
29.021547500000004,41.107045
29.02016,41.101
29.02748,41.10797
29.027479999999997,41.10727999999999
29.02568,41.1051
29.02597,41.10514
29.026799999999998,41.10787
29.02644,41.1063
29.01799,41.10214
29.0194,41.10119
29.0248,41.09907
29.02229,41.10793
29.029109999999992,41.107829999999986
29.02683,41.10791
29.01661,41.104175
29.0157,41.10633
29.022939999999988,41.10756999999999
29.02118,41.10798
29.02158,41.10023
29.02641,41.10674
29.02298,41.10753
29.02292,41.10749
29.02456,41.10786
29.022532499999997,41.107612499999995
29.02114,41.10584
29.02026,41.10559
29.02359,41.10475
29.02762,41.106700000000004
29.02075,41.10788
29.02656,41.105779999999996
29.02843,41.106615000000005
29.02179,41.10736
29.027379999999997,41.10795
29.016730000000003,41.10399
29.01624,41.10456
29.02815,41.10648
29.02273,41.10468
29.02161,41.10634
29.02341,41.10761
29.02007,41.10436
29.02279,41.10553
29.02252,41.10705
29.01936,41.101189999999995
29.02393,41.10773
29.024469999999997,41.10494
29.01992,41.10528
29.017130000000005,41.10349000000001
29.02055,41.10443
29.01639,41.10442
29.030433333333335,41.09966333333333
29.02484,41.10783000000001
29.03108,41.09978
29.02538,41.10787
29.016745,41.103975000000005
29.027820000000002,41.10627
29.02282,41.1054
29.02273,41.10468
29.0221,41.10765
29.02035,41.107829999999986
29.02777,41.10599
29.0266,41.10546
29.02776,41.09985
29.02837999999999,41.10668000000002
29.02265,41.10771
29.01534000000001,41.10567999999997
29.0254,41.09895
29.0261675,41.1078025
29.021550000000012,41.10664999999999
29.01906,41.10749
29.020629999999993,41.107859999999995
29.02736,41.1053
29.02204,41.10457
29.015555,41.105295
29.02718,41.09947
29.02548,41.09889
29.02029,41.10097
29.02101,41.10067
29.02867,41.10692
29.021449999999994,41.100289999999994
29.01705,41.10358
29.023595,41.107647500000006
29.01982,41.10507
29.02375,41.10769
29.02769,41.10643
29.024780000000003,41.1079
29.01534,41.10579
29.03057,41.09979
29.02403,41.10776
29.01704666666667,41.10706666666667
29.02135,41.10592
29.02005,41.10436
29.02274,41.10572
29.02654,41.10586
29.02149,41.10601
29.01989,41.10774
29.0252,41.10786
29.02418,41.10483
29.02425,41.09923
29.02732,41.10789
29.01621,41.10459
29.0176,41.10721
29.029146000000004,41.107164
29.02161,41.10637
29.02249,41.09966
29.02001,41.10439
29.0186,41.10151
29.02614,41.10786
29.02668,41.10521
29.025185,41.1078625
29.02182,41.10455
29.017659999999992,41.10721
29.02478,41.1079
29.02928,41.09959
29.02776,41.09985
29.02112999999999,41.10063000000001
29.0210025,41.100675
29.02019,41.10556
29.02151,41.10686
29.02608,41.10785
29.02251,41.10697
29.02265,41.10466
29.02625928571428,41.107362142857134
29.02143,41.1003
29.026390000000003,41.10523
29.02626999999999,41.10733000000001
29.02144,41.10596
29.02151,41.10026
29.02037,41.10564
29.02754,41.10705
29.023105,41.107545
29.0277,41.10641
29.02404,41.10482
29.020683333333334,41.10787
29.02823,41.10646
29.022679999999998,41.10769
29.02237,41.10788
29.02658,41.10791
29.028262499999997,41.0999225
29.02152,41.10674
29.0228025,41.105492500000004
29.03092,41.09985
29.0216,41.106455999999994
29.0264,41.1068
29.02258,41.10725
29.01993,41.10471
29.018600000000003,41.10151
29.02737,41.09956
29.02815,41.1064
29.019949999999998,41.105329999999995
29.02046,41.10441
29.02339,41.1076
29.027320000000007,41.107899999999994
29.02143,41.1003
29.01534,41.10574
29.023172727272723,41.10471909090909
29.02155,41.10454
29.02105,41.10066
29.0176,41.10277
29.02336,41.10759
29.02766,41.10799999999999
29.0222,41.10459
29.027779999999996,41.10561
29.02343,41.10475
29.018050000000002,41.102070000000005
29.02257,41.10721
29.025803000000003,41.1078
29.02749,41.10724
29.02317,41.09934
29.02735,41.10789
29.0227,41.10593
29.019940000000002,41.10468
29.023890000000005,41.10772999999999
29.01698,41.10705000000001
29.020213333333334,41.10437
29.02592,41.10514
29.02631,41.107164999999995
29.02686,41.10788
29.017939999999996,41.10221
29.022730000000003,41.10741
29.02287,41.10521
29.02275,41.10765
29.02621,41.10787
29.0254,41.09895
29.02292,41.10505
29.02323,41.09933
29.02466,41.10789
29.02434000000001,41.10784
29.02369,41.09926
29.02518,41.10783
29.023929999999996,41.10773
29.02467,41.10785
29.02576,41.10785
29.027650000000005,41.1066
29.027545,41.10703
29.02638,41.10687
29.01994,41.10459
29.02936,41.09954
29.02217,41.10458
29.02287,41.107589999999995
29.01985,41.10501
29.02544,41.10502
29.02693,41.09932
29.02594428571428,41.10782
29.02648,41.106480000000005
29.0188,41.10137
29.02151,41.10026
29.0275325,41.1070725
29.022275,41.1079375
29.022563333333334,41.107200000000006
29.01760000000001,41.10274
29.01725,41.10336
29.01619,41.10668
29.01683,41.10388
29.01626,41.10674
29.0237325,41.1076775
29.02899,41.09969
29.028703333333336,41.10682666666667
29.026965,41.10791
29.02645,41.1079
29.023559999999993,41.10764
29.021819999999998,41.10455000000001
29.02286,41.10524
29.029447499999996,41.107234999999996
29.02156666666667,41.1061
29.02362,41.10766
29.02443,41.10784999999999
29.02851,41.09986
29.02286,41.10524
29.02762,41.1067
29.02399,41.10479
29.02252,41.10671
29.026885,41.10524
29.025560000000006,41.107870000000005
29.02704,41.10792
29.02252,41.10705
29.02337,41.09931
29.02649,41.10518
29.027810000000002,41.10571
29.02019,41.10556
29.02297,41.10484
29.02184,41.10004
29.024909999999995,41.10499
29.02544,41.107870000000005
29.02662,41.1053
29.02587,41.10781
29.02258,41.10466
29.02432,41.10489
29.0193,41.10757
29.02464,41.09911
29.02427,41.10488
29.02887,41.10708
29.02529,41.10782
29.02351,41.10764
29.019426666666664,41.10118333333333
29.02058999999999,41.104429999999994
29.02359,41.09938
29.02677,41.10791
29.02659,41.105520000000006
29.021779999999996,41.10735
29.026299999999996,41.10721
29.02617,41.10781
29.022309999999994,41.10768000000001
29.02059,41.10443
29.02751,41.107974999999996
29.02598,41.09899
29.02915,41.107555000000005
29.02293,41.0995
29.02143,41.1003
29.02544,41.10502
29.02349,41.10763
29.02788,41.10619
29.02161,41.10028
29.01934,41.10758
29.01887,41.10739
29.026197500000002,41.10769749999999
29.026659999999996,41.0992
29.02228,41.1046
29.02279,41.09955
29.026629999999997,41.10529999999999
29.02639,41.10517
29.02475,41.10497
29.0157,41.10633000000001
29.02087,41.10578
29.023829999999997,41.09933
29.03112,41.09978
29.02358,41.10477
29.0217,41.100155
29.022050000000004,41.10762
29.02151,41.10691
29.02054,41.1056875
29.01932,41.10758
29.02153,41.10701
29.016672500000002,41.106935
29.0277,41.10643
29.02663,41.10532
29.02266,41.10612
29.017789999999998,41.10245
29.029032,41.10725599999999
29.025679999999998,41.10506000000001
29.02838,41.10657
29.02257,41.1076
29.016989999999993,41.10366
29.022900000000003,41.10758
29.02743,41.10795
29.02379,41.1077
29.02288,41.10753
29.02495,41.10784
29.02637,41.09903
29.02251,41.10674
29.02151,41.10026
29.02173,41.10455
29.02511,41.10783
29.01944,41.10118
29.026110000000003,41.10780999999999
29.016515000000002,41.1042775
29.02152,41.10690999999999
29.016979999999997,41.10705000000001
29.022679999999998,41.10769
29.02706,41.09939
29.01583,41.10642
29.02881,41.10805
29.02563,41.10509
29.02637,41.0991
29.02529,41.09896
29.02271,41.10597
29.01725,41.10336
29.02795,41.10625
29.01893,41.10131
29.024959999999997,41.10495000000001
29.02265,41.10735
29.02677,41.10522
29.01534,41.10581666666666
29.02334,41.0994
29.020959999999988,41.104489999999984
29.02257,41.10648
29.02203,41.108
29.025950000000005,41.10782
29.022249999999996,41.10795000000001
29.02743,41.10746
29.02287,41.10759
29.02364,41.10767
29.02888,41.10697
29.02556,41.10504
29.02234,41.1079
29.0231,41.10757
29.02686,41.10524
29.01535,41.10565
29.02641,41.10783
29.0274675,41.107965
29.016160000000006,41.10466
29.02044,41.10566
29.01918,41.10123999999999
29.02619,41.10772
29.02764,41.10663
29.02143,41.1003
29.022769999999998,41.10764
29.02271,41.10597
29.02288045454545,41.105138636363634
29.01606,41.10478
29.02643,41.10663
29.015853333333336,41.10498666666667
29.01928,41.10757
29.028395,41.106584999999995
29.028839999999995,41.10704
29.01626,41.10674
29.02777,41.10558
29.015954999999998,41.104884999999996
29.01772,41.10722
29.022339999999996,41.107899999999994
29.03008,41.09963
29.02481,41.099
29.01966,41.10113
29.021049999999995,41.104499999999994
29.016280000000005,41.10450999999998
29.023649999999996,41.10475999999999
29.02227,41.10794
29.02776,41.10627
29.02924142857143,41.10724142857142
29.02766,41.09977
29.02251,41.10689
29.02055,41.10569
29.021579999999993,41.10455000000001
29.02823,41.10655
29.02138,41.10046
29.02648,41.10601
29.01884,41.10135
29.01658,41.10422
29.02338,41.107600000000005
29.027780606060606,41.10561090909091
29.021669999999993,41.107229999999994
29.02282,41.1054
29.01622,41.10671
29.02778,41.10612
29.0255,41.10507
29.02037,41.10564
29.022510000000004,41.106819999999985
29.02914,41.10745071428571
29.01931,41.10121
29.01779,41.10724
29.02449,41.09916
29.027385000000002,41.10766
29.02904,41.10728
29.01915,41.10753
29.02278,41.10556
29.01766,41.10721
29.02624,41.10743090909091
29.02359,41.10765
29.02345,41.10762
29.02345,41.10762
29.01687,41.10383
29.029,41.108030000000014
29.02059,41.10571
29.02699,41.09935
29.02277,41.10563
29.02149,41.10036
29.024,41.1077375
29.02311,41.10472
29.017696,41.10259799999999
29.028099999999995,41.10635499999999
29.021409999999992,41.10593999999998
29.02451,41.10786
29.02346,41.10762
29.02437,41.10487
29.0194,41.10119
29.02358,41.10477
29.01561,41.10626
29.01855,41.10734
29.02315,41.10473
29.0247125,41.1049625
29.02317,41.09934
29.0274125,41.10754
29.02133,41.1005
29.02628,41.10726
29.02152,41.10689
29.029250000000005,41.10725
29.02888,41.10697
29.02296,41.1047
29.02157,41.10611
29.020220000000002,41.100989999999996
29.025505454545456,41.10503090909091
29.023109999999996,41.107572000000005
29.02038,41.10783
29.017219999999995,41.1034
29.02393,41.10774
29.02659,41.10519
29.02363,41.10477
29.01957,41.10115
29.02932,41.09956
29.0212,41.100575
29.027753999999998,41.10555599999999
29.02005,41.10436
29.02491,41.1079
29.01992,41.10528
29.02275068965517,41.1076496551724
29.02051,41.104422
29.028180000000006,41.106509999999986
29.016534999999998,41.104254999999995
29.02279,41.10762
29.02104,41.10795
29.02863,41.10689
29.02149,41.10027
29.0224,41.09974000000001
29.02718,41.09947
29.02815,41.09989
29.022680000000005,41.107549999999996
29.02859,41.09984
29.02633,41.10709
29.019279999999995,41.107569999999974
29.02021000000001,41.10437000000001
29.021510000000006,41.10683999999998
29.01594,41.1065
29.023385,41.0994
29.028297499999997,41.099875
29.02206,41.0999
29.0266,41.10544
29.02917,41.10718
29.02828,41.09988
29.02321,41.10756
29.02648,41.10642
29.02122,41.10586
29.019592499999998,41.1011425
29.02416,41.10486
29.02754,41.10705
29.022730000000006,41.10468000000001
29.02161,41.1063
29.029109999999992,41.107899999999994
29.02644,41.09912
29.02555,41.10781
29.01536,41.1059
29.02808,41.10804
29.0221,41.09992
29.02872,41.10806
29.025319999999994,41.105000000000004
29.02087,41.1079
29.020254000000005,41.105588000000004
29.02143,41.1003
29.018379999999997,41.10732
29.022589999999997,41.10641
29.02296,41.10486
29.026449999999997,41.10633
29.02657,41.10572
29.0232,41.09943
29.02419,41.10486
29.0216,41.10646
29.029326666666666,41.10728
29.02945,41.09951
29.019032499999994,41.10748083333334
29.01993,41.10471
29.023410000000002,41.10762
29.02442,41.10487
29.01689,41.10701999999999
29.02663,41.1053
29.02742,41.09963
29.02358,41.107645000000005
29.02845,41.10674
29.01947,41.10117
29.01909,41.10126
29.01724,41.107124999999996
29.02493,41.09903
29.02100923076923,41.10067051282052
29.02241,41.10765
29.02265,41.10466
29.02159,41.10648
29.02642,41.10524
29.022527500000002,41.107087500000006
29.025229999999997,41.10782
29.02229,41.10793
29.025179999999995,41.10782999999999
29.02299,41.1048
29.01563,41.10522
29.02808,41.09994
29.028720000000003,41.10806000000001
29.021590000000003,41.10612999999998
29.02201,41.10457
29.02149,41.10027
29.02317,41.09934
29.01802,41.1021
29.026480000000003,41.10648
29.02096,41.104489999999984
29.01897,41.10742
29.01744,41.10718
29.01729,41.10331
29.02161,41.10633
29.03094,41.09975
29.02243,41.10785
29.0216,41.10644
29.01819,41.10730999999999
29.02519,41.10504
29.022360000000003,41.10789
29.01869,41.10736
29.022365,41.09976
29.01704,41.1036
29.0226,41.10637
29.02397,41.10773
29.017696,41.10259799999999
29.01679,41.10393
29.020210000000002,41.10437
29.02164,41.10719
29.02192,41.1075
29.01819,41.10731000000002
29.02288,41.1047
29.02135,41.10592
29.02507,41.10502
29.02736,41.10784
29.02532,41.10787
29.029074285714284,41.10712285714286
29.01709,41.10354
29.015900000000002,41.10494
29.01913,41.10752
29.029139999999998,41.10771
29.024470000000004,41.10494
29.02622,41.1076
29.025359999999996,41.10782
29.02486,41.09905
29.02732,41.09951
29.02161,41.10637
29.022025,41.10457
29.03115,41.09984
29.022409999999997,41.10765
29.02426,41.10782
29.02159,41.10712
29.02251,41.10686
29.01998,41.10776
29.02654,41.10525
29.02649,41.10518
29.02781,41.10584
29.029659999999996,41.099536666666665
29.02192,41.1075
29.021967500000002,41.10457
29.02198,41.1
29.028950000000002,41.108050000000006
29.02432,41.10489
29.02809,41.10635
29.02172,41.10728
29.02227,41.09978
29.01652,41.10427
29.02484,41.10783
29.01899,41.10744
29.02657,41.105720000000005
29.01998,41.10776
29.02915,41.10755
29.02721,41.09942
29.022859999999998,41.09952
29.023540000000004,41.10763999999999
29.0293,41.099575
29.02207,41.10763
29.02428,41.09915
29.02461,41.10789
29.02392,41.104794999999996
29.02294,41.10493
29.01657,41.10689
29.0206,41.10086
29.02351,41.10764
29.020209999999995,41.10437000000001
29.019946666666666,41.107753333333335
29.02022,41.10099
29.02171,41.10015
29.02143,41.1003
29.02658,41.1056
29.0197,41.10769
29.02352,41.10763
29.026040000000005,41.10782
29.02914,41.10767
29.022470000000002,41.1076325
29.02159,41.10616
29.02802,41.10639
29.021869999999996,41.10801
29.0222,41.10459
29.030033333333336,41.099610000000006
29.02267,41.10605
29.02654,41.10525
29.015890000000002,41.10495000000001
29.022305000000003,41.10768
29.02167,41.10803
29.02736,41.10784
29.03051,41.09968
29.01691,41.10376999999999
29.02512,41.09892
29.02864,41.09978
29.02122,41.10586
29.02037,41.10095
29.02754,41.10798
29.02366,41.10766
29.02346,41.10762
29.016195000000003,41.104609999999994
29.02714,41.10791
29.01578,41.10507
29.02907,41.10799
29.01784,41.10236
29.01818,41.1019
29.02267,41.10607823529411
29.02593,41.10509
29.01805,41.10207
29.02252,41.10705
29.022084999999997,41.10799
29.029175000000002,41.107185
29.02272,41.10582
29.02822,41.09988
29.019089999999995,41.10126
29.02135,41.10592
29.01905,41.10127
29.02261,41.10466
29.01555,41.10621
29.01619,41.10462
29.01843,41.10733
29.02169,41.10016
29.015359999999998,41.105900000000005
29.02109,41.1045
29.0175,41.10298
29.026629999999997,41.10529999999999
29.02638,41.1069
29.02642,41.10524
29.020570000000003,41.10786000000001
29.02251,41.10693
29.02684,41.09921
29.02631,41.10718
29.02904,41.10728
29.017075999999996,41.103553999999995
29.02172,41.10728
29.029099999999993,41.107139999999994
29.026570000000003,41.10572
29.02641,41.10783
29.02049999999999,41.10442
29.02549,41.10781
29.01974,41.1077
29.02781,41.10574
29.022010000000005,41.1076
29.021509999999996,41.10034
29.03116,41.09979
29.029300000000003,41.10726999999999
29.016010000000005,41.106570000000005
29.0232,41.10471
29.02522,41.10782333333333
29.021640000000005,41.10455
29.027,41.10525
29.02922,41.10722
29.01998,41.10776
29.01805,41.10207
29.027463333333333,41.10796333333334
29.02913,41.10743
29.02379,41.10769
29.02766,41.09977
29.022709999999993,41.105970000000006
29.02696,41.10525
29.02923,41.09962
29.029029999999995,41.10801
29.02489,41.09898
29.026459999999997,41.10638
29.03077,41.09973
29.02925,41.10725
29.01951,41.10115
29.016790000000004,41.10393
29.01994,41.10465
29.02278,41.105599999999995
29.02297,41.10484
29.02002,41.10543
29.01563,41.10522
29.01928,41.10757
29.02786,41.09991
29.02196,41.108
29.027773333333332,41.10559
29.02788,41.10619
29.02113,41.10063
29.026196666666667,41.107699999999994
29.02251,41.10701
29.02864,41.10807
29.02293,41.09942
29.017545,41.102875
29.02269,41.10738
29.026560000000003,41.105779999999996
29.02251,41.10686
29.021509999999992,41.10685999999999
29.02004,41.10436
29.02159,41.10613
29.021920000000005,41.1075
29.01951,41.10115
29.016610000000004,41.10690999999999
29.01908,41.1075
29.019940000000002,41.104589999999995
29.0226575,41.107704999999996
29.0177,41.10259
29.01632,41.10447
29.023590000000002,41.10764
29.02159,41.10616
29.02588,41.10509
29.02601,41.10782
29.02732,41.10529
29.016848888888887,41.103851666666664
29.02016,41.10436
29.02188,41.10747
29.01759,41.1028
29.02507,41.10784
29.02091,41.10792
29.02918,41.09963
29.03077,41.09973
29.02181,41.10801
29.025230000000004,41.10782
29.0174,41.10717
29.0218,41.10737
29.02191,41.10748
29.01639,41.10441999999998
29.02647,41.1064
29.02462,41.10786
29.02425,41.10782
29.017590000000002,41.102800000000016
29.0217,41.10455
29.022889999999997,41.105109999999996
29.02162,41.107150000000004
29.02623,41.09906
29.01666,41.10693
29.02184,41.10004
29.019089999999995,41.10126
29.022939999999995,41.10493
29.03098,41.09976
29.02612999999999,41.107830000000014
29.02207,41.10799
29.01726,41.10713
29.01538,41.10592
29.02622,41.1076
29.02394,41.10774
29.02005,41.10436
29.02663,41.1053
29.02932,41.09956
29.01932,41.10758
29.02354,41.107639999999996
29.02895,41.10805
29.027119999999996,41.10792999999999
29.024403333333336,41.104913333333336
29.02149,41.10036
29.01944,41.10118
29.027468,41.105322
29.026479999999996,41.10641999999999
29.022939999999988,41.10757
29.0198225,41.1010825
29.0246,41.10489
29.02149,41.10453333333333
29.02277,41.10468
29.020030000000002,41.10437
29.02462,41.10786
29.01897,41.10742
29.02035,41.10783
29.02005,41.10436
29.01544,41.10545
29.03108,41.09978
29.0176,41.10274
29.02229,41.10793
29.02343,41.10474
29.01671,41.10695
29.017259999999997,41.10713
29.027482499999998,41.10727
29.02241,41.10463
29.01979,41.10771
29.02254,41.09962
29.02553,41.10507
29.02598,41.09899
29.018250000000005,41.10181
29.02283,41.10745
29.02777,41.10601
29.02486,41.09905
29.017939999999996,41.10221
29.02125,41.10055
29.021906666666666,41.10748
29.02092,41.10579
29.021970000000003,41.108
29.022730000000003,41.10766
29.02156,41.10608
29.0268,41.09926
29.020499999999995,41.10442
29.018599999999996,41.101510000000005
29.023770000000003,41.10769000000001
29.02156,41.10707
29.0254,41.10781
29.02411,41.10779
29.02286,41.10524
29.01992,41.10477
29.02648,41.10645
29.02433,41.10486
29.02489,41.09898
29.0262475,41.105185
29.021522499999996,41.106735
29.02923,41.09962
29.02197,41.09996
29.022679999999998,41.10755
29.02497,41.10789
29.02822,41.09988
29.02761,41.1054
29.02155000000001,41.10664999999999
29.02148,41.10453
29.02037,41.10564
29.02569,41.10786
29.02034,41.10562
29.01916,41.10124
29.023789999999998,41.1077
29.02132,41.1059
29.021896666666667,41.10748
29.02218,41.10797
29.03108,41.09978
29.022680000000005,41.10754999999999
29.0172,41.10342
29.02204,41.09996
29.021538571428575,41.10702714285715
29.019790000000004,41.10771
29.021880000000003,41.107469999999985
29.0191525,41.101245
29.027770000000004,41.10601
29.02147,41.10598
29.017659999999996,41.10721
29.02781,41.09988
29.02649,41.10598
29.023,41.10471
29.02915,41.10755
29.02358,41.10764
29.0154,41.105959999999996
29.02759,41.10683
29.02987,41.09953
29.02158,41.10455
29.022284000000003,41.107682
29.01622,41.10671
29.02551,41.09889
29.02868,41.10807
29.02275,41.10765
29.02369,41.10478
29.026449999999993,41.107899999999994
29.01548,41.10612
29.023059999999997,41.09944999999999
29.026209999999995,41.105169999999994
29.02789,41.10629
29.016190000000005,41.10668
29.02424,41.09916
29.022799999999993,41.10752000000001
29.02646,41.10622
29.02455,41.10788
29.01963,41.10113
29.022550000000003,41.10658199999999
29.0187,41.10144
29.02732,41.1079
29.027704999999997,41.10638
29.026619999999998,41.10529999999999
29.02123,41.10056
29.02623000000001,41.09906
29.03096,41.09985
29.02323,41.09933
29.023919999999997,41.10772
29.021330000000003,41.10452000000001
29.021753333333333,41.100163333333334
29.0179,41.10227
29.02234,41.1079
29.02735,41.10789
29.01757,41.10283
29.02392,41.10772
29.02974,41.09952
29.02628,41.10726
29.02815,41.1064
29.02193,41.108
29.017695000000003,41.102599999999995
29.022589999999997,41.10641
29.02167,41.10723
29.026439999999994,41.10632000000001
29.017620000000004,41.10721
29.02887,41.10708
29.02257,41.10648
29.02107,41.10065
29.02377,41.10769
29.023080000000007,41.10754
29.02562,41.10505
29.0194,41.10119
29.0164188,41.1043912
29.02754,41.10705
29.023323333333334,41.099316666666674
29.02583,41.10785
29.0247,41.1049
29.02642,41.106700000000004
29.02038,41.10783
29.02262,41.10629
29.02157,41.10611
29.02252,41.10667
29.02582,41.1078
29.028409999999997,41.10671
29.02703,41.09931
29.02162,41.10624
29.02193,41.10751
29.02821,41.09993
29.024729999999998,41.10784
29.01754,41.1072
29.02511,41.099
29.019,41.10746
29.02753,41.10708
29.021869999999996,41.10801
29.02654,41.10519
29.01744,41.10718
29.02914,41.10716
29.024048333333337,41.10480166666667
29.02265,41.10466
29.02175,41.10733000000001
29.021509999999996,41.10682
29.02114,41.10584
29.02759,41.10538666666667
29.0266275,41.105325
29.029029999999995,41.10801
29.025510000000004,41.09895
29.02639,41.10789
29.021870000000007,41.108010000000014
29.02021000000001,41.10437000000001
29.02225,41.10795
29.02234,41.1079
29.01759,41.1028
29.02288,41.1047
29.02227,41.09981
29.02661,41.1054
29.02046,41.10441
29.01727,41.10334
29.02283,41.10745
29.0293,41.10727
29.02328,41.10475
29.02467,41.10785
29.0268,41.09926
29.02551,41.09895
29.02634,41.10706
29.01952,41.10764
29.018600000000003,41.10151
29.0280275,41.106305
29.01986,41.10108
29.021420000000003,41.108009999999986
29.02186,41.10744
29.03117,41.09981
29.01761,41.102725
29.02987,41.09953
29.021225,41.1005625
29.01952,41.10764
29.023929999999996,41.10773
29.02647,41.10606
29.02481,41.099
29.026169999999993,41.1078
29.0302,41.09968
29.01989,41.10106
29.02198,41.1
29.02414,41.10778
29.021404,41.100443999999996
29.01563,41.10522
29.02911,41.10739
29.02304,41.10752
29.02153,41.10671
29.02221,41.09981
29.0277,41.10639
29.0226,41.10728
29.02406,41.10775
29.027709999999995,41.10634000000001
29.02649,41.10518
29.02398000000001,41.10775
29.025642500000004,41.1050925
29.02832,41.10663
29.024433333333334,41.10785666666667
29.01995,41.10533000000001
29.01772000000001,41.10254999999999
29.01913,41.10126
29.02164000000001,41.10025
29.01536,41.1059
29.02628,41.10726
29.017039999999998,41.1036
29.02159,41.10712
29.021479999999997,41.1080125
29.028839999999995,41.10704
29.0248,41.09907
29.022960000000005,41.104700000000015
29.022000000000002,41.10758
29.0219,41.10748
29.01772,41.10722
29.02615000000001,41.10781999999999
29.03115,41.09979
29.02659,41.10519
29.019909999999996,41.10483
29.019950000000005,41.10533
29.02914,41.10716
29.03008,41.09963
29.022399999999998,41.099740000000004
29.02332,41.1076
29.02761,41.09975
29.0254,41.09895
29.025109999999998,41.10782999999999
29.02746,41.10532
29.01698,41.10705
29.0275825,41.10686
29.0231,41.10753
29.028460000000003,41.10808999999999
29.02186,41.10744
29.02254,41.10714
29.023205,41.10474
29.01951,41.10115
29.01989,41.10774
29.02394,41.09922
29.02448,41.10785
29.02969,41.09951
29.029409999999995,41.10725000000001
29.02237,41.10788
29.021589999999996,41.108019999999996
29.02301,41.10757
29.0215,41.10695857142857
29.025760000000002,41.10785
29.02151,41.10603
29.02683,41.10791
29.0227,41.09952
29.0198525,41.10108
29.01538,41.10591999999999
29.01704,41.10361
29.01987,41.1052
29.01589,41.10495
29.02128,41.10799
29.023488333333336,41.10474166666666
29.02135,41.10592
29.02114,41.10584
29.02849,41.09983
29.01874,41.10736
29.02021,41.10437
29.023316428571434,41.10758857142857
29.02404,41.1048
29.02039,41.1044
29.02331,41.10474
29.02915,41.10755
29.0194,41.10119000000002
29.02245,41.10784
29.02636,41.106970000000004
29.02008,41.1055
29.01763000000001,41.102689999999996
29.02648,41.10642
29.02149,41.10027
29.02647,41.10606
29.03023,41.0996
29.03001,41.0996
29.02264,41.09961333333334
29.02741,41.10755
29.02718,41.10528
29.02377,41.10477
29.01884,41.10135
29.02648,41.10648
29.02781,41.1058
29.0226,41.10728
29.027825,41.1061625
29.0283,41.10661
29.0309,41.09975
29.02297,41.10484
29.01599,41.10484
29.02852,41.106790000000004
29.02089,41.10073
29.021779999999996,41.10009
29.029170000000004,41.10718
29.02742,41.0996
29.02079,41.10077
29.024639999999998,41.09911000000001
29.02452,41.10785
29.02603999999999,41.10781999999998
29.023080000000004,41.10754
29.01994,41.10465
29.01731,41.10328
29.01616,41.10466
29.02781,41.10567
29.02159,41.10613
29.02105,41.10066
29.0280625,41.10804
29.029040000000002,41.10708999999999
29.03115,41.09978
29.02116,41.10061
29.020030000000006,41.10437000000001
29.028760000000002,41.10698000000001
29.01662,41.10416
29.02736000000001,41.10784
29.01921,41.107545
29.028283999999996,41.106593999999994
29.02188,41.10747
29.01799,41.10214
29.02567,41.1078
29.01815,41.10194
29.02835,41.09986
29.0266,41.105445
29.01892,41.1074
29.0271,41.10791
29.01698,41.10705
29.0231,41.10475
29.026439999999997,41.10632
29.02275,41.10569
29.02193,41.10004
29.026449999999993,41.10627
29.026879999999995,41.10791
29.01755,41.10286
29.02565,41.105055
29.0236,41.09927
29.0158,41.1064
29.02414,41.10482
29.02802,41.10639
29.0170875,41.1035425
29.02087,41.1079
29.02446,41.10487
29.02925,41.10725
29.02322,41.10474
29.01698,41.10705
29.01922,41.10755
29.0221,41.10765
29.023360000000004,41.10759
29.02815,41.09989
29.020370000000007,41.100950000000005
29.021679999999996,41.10022
29.021093125,41.104500625
29.028090000000002,41.10643
29.02946,41.09956
29.01631,41.10676
29.02944,41.10724
29.026510000000002,41.107845
29.023495,41.1076275
29.02206,41.0999
29.0263,41.09908
29.02634,41.10706
29.02143,41.1003
29.02147,41.10598
29.02862,41.10676
29.02809,41.09989
29.01899,41.10744
29.02656,41.10575
29.02141,41.10453
29.01994,41.10462
29.02806,41.10641
29.02558,41.10508
29.02591,41.10782
29.02401,41.10774
29.029125384615387,41.09967230769231
29.021669999999997,41.10803
29.01901,41.10128
29.027884999999998,41.106195
29.02235,41.10767
29.02291,41.10508
29.02895,41.10805
29.02191,41.10748
29.02917,41.09964
29.02318,41.10756
29.01961,41.10766
29.02742,41.09963
29.02546,41.09895
29.02639,41.10517
29.0226,41.10774
29.02996,41.09958
29.029109999999992,41.10738999999999
29.02892,41.10805
29.02227,41.09978
29.02425,41.09923
29.02655,41.09907
29.02691,41.10788
29.02197,41.09996
29.01639,41.10442
29.01625,41.10455
29.02549,41.10781
29.0237919047619,41.10770047619049
29.02582,41.1078
29.02308,41.10754
29.02168,41.10022
29.02766,41.10657
29.025859999999998,41.1078
29.02157,41.10654
29.01743,41.10308
29.01544,41.105450000000005
29.03068,41.09981
29.02157,41.10654
29.02338,41.1076
29.02781,41.10584
29.02087,41.1079
29.017749999999996,41.10251
29.02303,41.10471
29.02872,41.10806
29.02152,41.10688
29.018870000000003,41.107389999999995
29.02159,41.10613
29.02873,41.09981
29.02243,41.10785
29.021753333333333,41.10802666666667
29.02021,41.10437
29.02157,41.10655
29.03077,41.09973
29.02151,41.10454
29.01557,41.10528
29.02496000000001,41.10495000000002
29.02646,41.10617
29.019930000000002,41.104710000000004
29.02159,41.10802
29.016132500000005,41.1046875
29.02446,41.0991
29.01619,41.10668
29.02114,41.10584
29.02899,41.09969
29.03026,41.0997
29.0154,41.10596000000002
29.02648,41.10642
29.01895,41.10742
29.018649999999997,41.10147
29.02728,41.107940000000006
29.01991,41.10525
29.026619999999998,41.1053
29.02649,41.10518
29.022,41.108
29.02063,41.10786
29.02633,41.10709
29.022010000000005,41.107600000000005
29.023274999999998,41.1076
29.01561,41.10626
29.02758,41.10687
29.02587,41.10785
29.02159,41.10648
29.02235,41.10767
29.019819999999996,41.10507000000001
29.026619999999998,41.10533999999999
29.02042,41.10441
29.017080000000004,41.10708
29.021669999999993,41.107229999999994
29.024329999999996,41.09920000000002
29.02625,41.10514
29.0178,41.10243
29.02221,41.10768
29.0266,41.10549
29.021149999999995,41.10062
29.025230000000004,41.10782
29.02154,41.10703
29.02736,41.10784
29.024260000000005,41.10782
29.02683,41.10791
29.01957,41.10115
29.02619,41.107749999999996
29.02647,41.10609
29.02748,41.10797
29.0278,41.10564
29.02132999999999,41.108
29.02821,41.10644
29.020040000000005,41.10545
29.02936,41.09954
29.015835999999997,41.106424000000004
29.026497499999998,41.105965000000005
29.02645,41.10633
29.01928,41.10757
29.01899,41.10744
29.01833,41.10731
29.02207157894737,41.104569999999995
29.02311,41.09936
29.021190000000008,41.10058000000001
29.02018,41.10436
29.024,41.09929
29.022000000000006,41.107580000000006
29.01982,41.10507
29.02645,41.10633
29.02989,41.09956
29.02411,41.10779
29.02795,41.10625
29.02799,41.10636
29.01544,41.10545
29.022874,41.107527999999995
29.02654,41.10586
29.02706,41.09939
29.020260000000004,41.10559
29.028575,41.106845
29.02506,41.099
29.021499999999996,41.10695
29.023789999999995,41.10770000000001
29.02583,41.10785
29.02949,41.10723
29.02901,41.10722
29.02047,41.10784
29.019629999999996,41.10113
29.02128,41.10589
29.01622,41.10457
29.02302,41.10478
29.02778,41.10561
29.02911,41.10739
29.02947,41.10722
29.02815,41.09994
29.01947,41.10117
29.02638,41.10687
29.017659999999996,41.107209999999995
29.01732000000001,41.10325000000002
29.01799,41.10728
29.021625,41.107155
29.02911,41.10739
29.02128,41.10799
29.02016,41.10436
29.02301,41.10757
29.02143,41.1003
29.021489999999996,41.10693999999999
29.015689999999996,41.10632
29.02636,41.10697
29.023450000000008,41.10762
29.03116,41.09983
29.022839999999995,41.105329999999995
29.026319999999988,41.10788000000001
29.02027,41.10438
29.02384,41.10772
29.026065,41.1078025
29.02162,41.10455
29.016132500000005,41.1046875
29.02156,41.1066
29.02414,41.10778
29.02269,41.107685000000004
29.01705,41.10358
29.01966,41.10113
29.018999999999995,41.10745
29.028970000000005,41.10703
29.0225,41.10465
29.02788,41.10619
29.02918,41.09963
29.02535,41.10787
29.024005000000002,41.10776
29.01702,41.10363
29.01536,41.1059
29.02732,41.10529
29.026429999999998,41.10663
29.02145,41.10029
29.016579999999994,41.104219999999984
29.01768,41.10263
29.029389999999996,41.10726
29.02866,41.09983
29.02742,41.0996
29.02192666666667,41.107506666666666
29.0272,41.10792999999999
29.02143,41.10029999999998
29.026679999999995,41.105209999999985
29.01634,41.10446
29.02419,41.10486
29.02619,41.09899
29.02851,41.09986
29.02215,41.09989000000001
29.02153,41.10672
29.015560000000004,41.10623
29.020683333333334,41.10787
29.02511,41.10783
29.021520000000002,41.106880000000004
29.02906,41.1073
29.02249,41.09966
29.01825,41.10181
29.01989,41.10773999999999
29.02646,41.10524
29.02234,41.1079
29.02189999999999,41.10747999999999
29.027810000000006,41.105839999999986
29.01818,41.1019
29.02631,41.10718
29.02052,41.10089
29.02284,41.1076
29.02914,41.10769499999999
29.02259,41.10641
29.026439999999997,41.10632
29.02838,41.10668
29.02163,41.10019
29.02915,41.10755
29.027730000000002,41.10552
29.02661,41.10528
29.02495,41.10784
29.019188333333332,41.10123166666667
29.02949,41.10723
29.02622,41.10757
29.02026,41.10559
29.027329999999996,41.1079
29.02845,41.10663
29.0219,41.10801
29.016719999999996,41.10400666666667
29.02964,41.09951
29.02175,41.10011
29.022270000000002,41.09981
29.02735,41.10789
29.020033333333334,41.10436666666667
29.03096,41.09985
29.02005,41.10436
29.01992,41.10477
29.02068999999999,41.10445
29.023119999999995,41.10473
29.027372500000002,41.10771
29.02733,41.1079
29.027420333333332,41.10750833333334
29.020129999999998,41.10434999999998
29.0201,41.10551
29.023150952380952,41.10473
29.0236,41.09927
29.01628000000001,41.104509999999976
29.02227,41.10794
29.02733,41.1079
29.027920000000005,41.10623
29.02293,41.09942
29.01536,41.105880000000006
29.01569,41.10632
29.023970000000002,41.10773
29.02557,41.09895
29.02781,41.10571
29.019868333333346,41.10519750000001
29.024,41.104800000000004
29.02884,41.10704
29.02009,41.10435
29.017440000000008,41.10717999999999
29.02756,41.09972
29.02292,41.10501
29.019,41.10745
29.017500000000005,41.102980000000024
29.018690000000003,41.10736
29.026350000000004,41.10783
29.02798,41.10627
29.02359,41.10764
29.019009999999998,41.10128
29.02996,41.09958
29.026269999999993,41.107330000000005
29.01539,41.10594
29.021559999999997,41.10659833333333
29.03111,41.09985
29.02162,41.10021
29.028119999999998,41.10645999999999
29.02914,41.10771
29.02529,41.10782
29.021160000000002,41.100609999999996
29.02087999999999,41.10448000000001
29.03108,41.09978
29.02629230769231,41.10782038461537
29.022939999999995,41.10493
29.02913,41.10743
29.02388,41.10771
29.022500000000008,41.10465
29.02377,41.09925
29.02367,41.09937
29.02106,41.10582
29.021540000000005,41.10669
29.022,41.10758
29.02207,41.10763
29.01931,41.10121
29.0215,41.10692999999999
29.027360000000005,41.10786000000001
29.02784,41.10617
29.02122,41.10586
29.02648,41.10642
29.027759999999997,41.10627
29.029062500000002,41.107305000000004
29.016379999999998,41.1068
29.025949999999998,41.10784
29.022994999999998,41.099398
29.02345,41.10762
29.026452499999998,41.10635499999999
29.02141,41.10594
29.0236,41.10765
29.015435,41.106035000000006
29.029140000000005,41.10747
29.02083,41.10577
29.02663,41.1053
29.026169999999997,41.1078
29.022494000000002,41.107808
29.020619999999997,41.10572
29.02940999999999,41.10725000000001
29.02079000000001,41.10789
29.02777,41.10601
29.02428,41.09915
29.01636,41.10444
29.026079999999997,41.10784
29.01616,41.10466
29.02152,41.10691
29.027820000000002,41.10627
29.021920000000005,41.1075
29.023479999999996,41.10762
29.02897,41.10717
29.0273,41.09955
29.02932,41.10728
29.02523,41.10782
29.023850000000003,41.09923
29.02779,41.10627
29.020979999999998,41.10069
29.021529999999995,41.10670000000001
29.02364,41.10767
29.02227,41.09981
29.02272,41.10582
29.0221,41.10765
29.0164,41.10681
29.022010000000005,41.10457
29.021099999999997,41.10063
29.02034,41.10562
29.02726,41.09947
29.022979999999993,41.10483
29.02364,41.10767
29.02915,41.107585
29.02152,41.10699
29.03116,41.09983
29.025359999999992,41.10782
29.017276666666664,41.10713333333333
29.017652500000004,41.1026675
29.015465000000003,41.106105
29.02481,41.099
29.0218575,41.104552500000004
29.0273,41.10791
29.02145,41.10029
29.03117,41.09981
29.01779,41.10724
29.0221,41.09992
29.02271,41.10597
29.02654,41.10586
29.02184,41.10742
29.022531052631578,41.106627894736846
29.02222,41.10796
29.02101,41.10067
29.02504,41.09894
29.0277,41.10641
29.01565,41.10629
29.02504,41.09894
29.01916,41.101240000000004
29.02601,41.09894
29.027492000000002,41.107231999999996
29.023419999999998,41.10761000000001
29.02727,41.10790999999999
29.020390000000003,41.1044
29.02414,41.10482
29.02022,41.10781
29.02647,41.10611999999999
29.029913333333337,41.09957333333333
29.017399999999995,41.103139999999996
29.02614,41.10783
29.02145,41.10029
29.02949,41.10723000000001
29.03023,41.0996
29.03011,41.09958
29.01535,41.10565
29.02949,41.10723
29.02647,41.10612
29.028033333333337,41.10639666666666
29.016240000000007,41.10456
29.02681,41.10523
29.02598,41.10782
29.01626,41.10454
29.02549,41.10781
29.026439999999997,41.09912
29.01884,41.10738
29.020120000000002,41.10779
29.02617,41.1078
29.021504999999998,41.106025
29.017440000000004,41.10718
29.02815,41.09989
29.020480000000003,41.10567
29.02177,41.10455
29.02735,41.10789
29.02217,41.10458
29.029395,41.107257499999996
29.02439,41.10784
29.019562500000003,41.10115
29.016790000000004,41.10393
29.01653,41.10687
29.02046,41.10441
29.01785999999999,41.10233
29.01537,41.10591
29.02024,41.10438
29.02273,41.10468
29.01926,41.10122
29.022122500000002,41.1076575
29.01998,41.10776
29.02446,41.10487
29.02299,41.1048
29.02779,41.10627
29.02679333333333,41.099183333333336
29.01996,41.10453
29.02661,41.10538
29.01982,41.10512
29.02412,41.10485
29.02164,41.10025
29.02299,41.1048
29.020475,41.10784
29.026629999999997,41.10532
29.02063,41.10786
29.02906,41.1073
29.02475,41.10497
29.01757,41.10283
29.02553,41.10507
29.01735,41.10715
29.023839999999996,41.10772
29.02227,41.09981
29.02914,41.10747
29.01935333333333,41.101193333333335
29.02252,41.10667
29.02266,41.10756
29.024,41.09929
29.029899999999998,41.099535
29.02245,41.10784
29.02823,41.10655
29.02330333333333,41.10758666666667
29.017964999999993,41.102185
29.02408,41.10484
29.02906,41.1073
29.0188,41.10137
29.02788,41.10619
29.026190000000003,41.10781333333333
29.01916,41.10124
29.027730000000002,41.10801
29.02758,41.10538
29.02781,41.1058
29.02284,41.10469
29.029150000000005,41.107534
29.02661,41.10786
29.01575,41.10636
29.01567,41.1063
29.02914,41.1076625
29.025973846153857,41.10514076923077
29.0225925,41.1075925
29.02152,41.10691
29.02603,41.10511
29.02451,41.10488
29.02306,41.10757
29.02491,41.10494
29.0231,41.10475
29.029109999999996,41.1079
29.01653,41.10687
29.022049999999997,41.10762
29.02385,41.09923
29.02394,41.10774
29.02213,41.10766
29.02713,41.10527
29.0283,41.10661
29.028670000000005,41.10807
29.0291025,41.107884999999996
29.021619999999995,41.10624000000001
29.02909,41.10798
29.02148,41.10453
29.021571666666663,41.10653666666666
29.025945,41.1078
29.0278075,41.1058475
29.020040000000005,41.10436
29.021459999999998,41.10453
29.02206,41.0999
29.02568,41.1051
29.02529,41.0989
29.01818,41.1019
29.021920000000005,41.10750000000001
29.02867000000001,41.10691999999999
29.0226,41.10759
29.022950000000005,41.1049
29.02236999999999,41.10788
29.02254,41.10465
29.03117,41.09981
29.02766,41.10657
29.02736,41.10786
29.0248,41.10498
29.02309,41.10472
29.02949,41.10723
29.01957,41.10115
29.02118,41.10798
29.0268,41.09926
29.02151,41.10691
29.022860000000005,41.105239999999995
29.02344666666667,41.10474
29.02649,41.10518
29.015359999999998,41.105900000000005
29.02002,41.10438
29.02715,41.09938
29.016190000000005,41.10461999999999
29.01552,41.10535
29.03117,41.09979
29.03115,41.09979
29.02059,41.10443
29.023408000000007,41.10760933333334
29.02121,41.10057
29.02155,41.10663
29.022249999999996,41.10795
29.022601764705882,41.107739411764705
29.02433,41.10783
29.02132,41.1059
29.02145,41.10029
29.02173,41.10013
29.017130000000005,41.10349
29.01536,41.10588
29.017129999999998,41.10349
29.02034,41.10562
29.02155,41.10802
29.02079,41.10446
29.024,41.09929
29.025140000000004,41.10498
29.021579999999993,41.10652000000002
29.02891,41.10711
29.02416,41.1078
29.0237,41.10768
29.022929999999995,41.104969999999994
29.0304,41.09965
29.02218000000001,41.10797000000001
29.026570000000003,41.10566
29.01813,41.1073
29.02732,41.10789
29.01554,41.10531
29.022879999999997,41.104699999999994
29.0253225,41.1050425
29.018916666666666,41.10132
29.02914,41.10766999999999
29.02939,41.10726
29.026145,41.098974999999996
29.015390000000004,41.10594
29.02189,41.10748
29.027929999999998,41.09987666666667
29.02544,41.10787
29.023620000000005,41.10765
29.016790000000007,41.10393
29.021059999999995,41.10582
29.02486,41.09905
29.020643333333336,41.107863333333334
29.02624,41.10746
29.024649999999998,41.10496
29.02497,41.10785
29.01752,41.10295
29.01755000000001,41.10286000000001
29.02781,41.10574
29.02616,41.10781
29.02647,41.106060833333345
29.02561000000001,41.10778
29.02893999999999,41.10714
29.02578,41.10508
29.01763,41.10269
29.01667,41.1041
29.02949,41.10723
29.023359999999997,41.10475
29.02934,41.09959
29.01712999999999,41.103489999999994
29.02158,41.10709
29.02659,41.09918
29.027555,41.106985
29.02771,41.10636
29.02866,41.09983
29.02278,41.1056
29.01736,41.10319
29.02904,41.10728
29.01977,41.1011
29.018575,41.10153
29.02097,41.1058
29.02732,41.09951
29.022,41.10758
29.02022,41.10437
29.01944,41.10761
29.0310725,41.0997775
29.02328,41.10474
29.01604,41.104794999999996
29.022489999999998,41.10781
29.02761,41.1054
29.02884,41.10694
29.0274,41.10759
29.026220000000006,41.107539999999986
29.02914,41.10762
29.02548,41.09889
29.02358,41.10477
29.02022,41.10099
29.022000000000002,41.10758
29.01843,41.10733
29.024929999999998,41.098965
29.021870000000003,41.10745999999999
29.02186,41.10745
29.02812,41.10646
29.02156,41.1066
29.02548,41.09889
29.023130000000002,41.104719999999986
29.021943333333336,41.10751666666667
29.02278,41.105599999999995
29.02556,41.10779
29.02592,41.10514
29.02705,41.10526
29.03077,41.09973
29.02508,41.10788
29.02656,41.1058
29.028043333333333,41.099896666666666
29.021509999999996,41.10679
29.02204,41.10457
29.02944,41.10724
29.0226625,41.10611
29.02002,41.10543
29.02502,41.10496
29.02188,41.10456
29.024099999999997,41.10777000000001
29.02608,41.10512
29.021520000000002,41.10689000000001
29.02788,41.10619
29.022205,41.1079675
29.0207,41.10574
29.02838,41.10657
29.02947,41.10722
29.01984,41.10772
29.03077,41.09973
29.023111538461528,41.10472
29.0266,41.10542
29.02909,41.10735
29.02723,41.10528
29.025808571428573,41.1078
29.02074,41.10446
29.02683,41.10790999999999
29.02267333333333,41.107553333333335
29.025269999999995,41.09896666666666
29.02793000000001,41.10631
29.02782,41.10627
29.029469999999996,41.10722
29.02075,41.10788
29.02018,41.10436
29.02143,41.1003
29.02282,41.09947
29.020339999999997,41.10562
29.025510000000008,41.09895000000001
29.03068,41.09981
29.02349,41.10763
29.02155,41.10705
29.017506666666666,41.107193333333335
29.03051,41.09968
29.027236923076924,41.107939230769226
29.02484,41.10786
29.0250975,41.099
29.015480000000004,41.10611999999999
29.02697,41.09927
29.022182499999996,41.1076775
29.0273,41.10791
29.02912,41.09966
29.0201,41.10551
29.01778,41.10247
29.021870000000003,41.108009999999986
29.02024000000001,41.10438
29.022775000000003,41.107635
29.021930000000005,41.10799999999999
29.02497,41.10785
29.02808,41.10804
29.024392499999998,41.10785
29.02371,41.10768
29.02742,41.10751
29.01918,41.10753
29.02538,41.09889
29.0259425,41.1050925
29.02983,41.09955
29.015689999999996,41.10632
29.02128,41.10589
29.02905,41.09967
29.02186,41.10745
29.02152,41.10677
29.021959999999996,41.10754
29.02197,41.09996
29.026486666666667,41.099140000000006
29.01794,41.10221
29.02661,41.10528
29.01983,41.10504
29.02182,41.100110000000015
29.01797,41.10217
29.02974,41.09952
29.02786,41.09991
29.01785,41.10725
29.01578,41.10507
29.01806,41.10729
29.024559999999997,41.10786
29.02747,41.10733
29.01616,41.10466
29.01554,41.10619
29.01842999999999,41.10733000000001
29.02133,41.10452
29.028563333333334,41.09984666666667
29.01792,41.10224
29.027329999999996,41.1079
29.01928,41.10757
29.01918,41.10124
29.024400000000004,41.107850000000006
29.02642,41.1067
29.01991,41.10483
29.015480000000004,41.10611999999999
29.02305,41.10477
29.022547499999998,41.107169999999996
29.02823,41.10655
29.023970000000002,41.09921333333333
29.02158,41.10709
29.024820000000002,41.10498
29.022450000000006,41.10784
29.026169999999993,41.1078
29.02145,41.10029
29.016979999999997,41.10705000000001
29.02165,41.10019
29.02713,41.10527
29.02915,41.10751
29.02913,41.10776
29.02557,41.09895
29.02504,41.09894
29.02013,41.10435
29.02229,41.10793
29.02371,41.10476
29.029149999999998,41.10761
29.02311,41.10472
29.01843,41.10733
29.02327,41.10757
29.023209999999995,41.10759
29.01856666666667,41.107343333333326
29.01547,41.10542
29.027250000000002,41.105284999999995
29.01938,41.10119
29.02754,41.09972
29.021959999999996,41.10754
29.02299000000001,41.104800000000004
29.02304,41.09938
29.02082,41.1057675
29.0250325,41.1050125
29.02221,41.09985
29.02798,41.10627
29.021380000000004,41.104530000000004
29.02215,41.09989
29.02143,41.1003
29.0222,41.10459
29.02244,41.099713333333334
29.02021,41.10437
29.02472999999999,41.107870000000005
29.02681,41.10523
29.025945,41.10514
29.0215,41.10693
29.02788,41.106285
29.015770000000003,41.10508
29.02407,41.10778
29.030475,41.09977000000001
29.02911,41.10739
29.02198,41.10755
29.02909,41.10798
29.021617499999998,41.106235
29.015780000000003,41.105070000000005
29.020409999999988,41.10564999999999
29.02149,41.10027
29.02393,41.10773
29.02305,41.10477000000001
29.0207,41.10574
29.02372,41.10767
29.02258,41.10776
29.02821,41.10802
29.02006,41.10548
29.02909,41.10735
29.023235,41.104732500000004
29.03053,41.099783333333335
29.02276,41.10752
29.01993,41.10106
29.02007,41.10436
29.01884,41.10738
29.026390000000003,41.10517
29.02062,41.10572
29.02334,41.0994
29.03115,41.09979
29.021669999999993,41.10018000000001
29.02254,41.09962
29.02279,41.10553
29.02308,41.10754
29.02912333333333,41.10741666666667
29.01554,41.10531
29.02452,41.10494
29.022395000000003,41.1078675
29.016610000000004,41.10690999999999
29.02589,41.10785
29.02733,41.1079
29.01906,41.10749
29.02543999999999,41.107870000000005
29.01744,41.10718
29.02626,41.10736
29.02261,41.10631
29.02845,41.10663
29.02736,41.10786
29.02895,41.09974
29.02718,41.10528
29.02371,41.10768
29.0221,41.10765
29.02379,41.10477
29.02751,41.10716
29.02367,41.09937
29.026641666666666,41.099106666666664
29.02619,41.10775
29.02143,41.1003
29.02143,41.10031
29.02062,41.10572
29.01766,41.10721
29.02631,41.10782333333333
29.02779,41.10627
29.02414,41.10482
29.02185,41.10455
29.015859999999996,41.106440000000006
29.01626,41.10674
29.024998000000004,41.10784
29.02721,41.09942
29.02699,41.10791
29.0282,41.10653
29.01989,41.10522
29.01577,41.10638
29.025725,41.107855
29.02658,41.10791
29.029365,41.10727
29.0274,41.1053
29.02271,41.10597
29.026480000000003,41.10601666666667
29.02091,41.10792
29.022713333333332,41.105869999999996
29.01979,41.10771
29.0154,41.1055
29.02949,41.10723
29.02304,41.09938
29.02915,41.10761
29.02573,41.10511
29.02087,41.1079
29.02392833333333,41.107739583333334
29.02544,41.10787
29.021794999999997,41.100080000000005
29.02996,41.09958
29.022730000000003,41.10766
29.0228175,41.107445
29.02891,41.10711
29.0269125,41.10788050000001
29.02798,41.10627
29.0294,41.09957
29.02269,41.10601
29.02764,41.0998
29.026359999999997,41.106970000000004
29.02244,41.10764
29.02723,41.10528
29.022107999999996,41.104572
29.02149,41.10027
29.02237,41.10788
29.02752,41.10712
29.02768,41.10648
29.019520000000007,41.107639999999996
29.015509999999995,41.10615
29.02359,41.10764
29.02143,41.10031
29.0201,41.10101
29.01570000000001,41.106330000000014
29.027839999999994,41.106170000000006
29.01934,41.10757999999999
29.02608,41.10784
29.02162,41.10624
29.02317,41.10472
29.015719999999998,41.10513000000001
29.01705,41.10358
29.02443,41.10785
29.02661,41.10786000000001
29.02135,41.10592
29.02024,41.10438
29.02714,41.10791
29.02895,41.10805
29.025673333333334,41.09895666666667
29.02661,41.10786000000001
29.02993,41.09954
29.02155,41.10665
29.02574,41.1078
29.015375,41.105914999999996
29.025905,41.10509
29.02249,41.10781
29.019831538461542,41.105037692307704
29.02983,41.09955
29.02224,41.1046
29.02277,41.10563
29.01934,41.1012
29.02569,41.09896
29.02648,41.10601
29.0232,41.09943
29.02821,41.10802
29.02128,41.10589
29.02721,41.10791
29.022499999999994,41.10465
29.02428,41.10485
29.02872,41.10806
29.02155,41.10665
29.026460000000004,41.10524000000001
29.01684,41.10701
29.02215,41.09989
29.02749,41.10724
29.02279,41.10553
29.02182,41.10011
29.0158,41.10639999999999
29.01905,41.10127
29.01747,41.10303
29.016626666666667,41.10691666666667
29.02368,41.10767
29.02754,41.10798
29.02884,41.10704
29.022780000000004,41.1046825
29.01652,41.10427
29.01536,41.1059
29.02079,41.10789
29.02196,41.10457
29.02273,41.09958
29.023540000000004,41.107639999999996
29.02257,41.10721
29.02276,41.10752
29.0259,41.1078175
29.024319999999996,41.10488999999999
29.025146000000007,41.104980999999995
29.02598,41.1051
29.015379999999997,41.10591999999998
29.02808,41.09994
29.02171,41.10803
29.03056,41.0997
29.02452,41.10784999999999
29.02656,41.10575
29.01718,41.10343
29.02249,41.10781
29.02448,41.10785
29.02608,41.10785
29.02275,41.10765
29.02833,41.10653
29.01537,41.10556
29.02934,41.10728
29.025313333333333,41.10782
29.026179999999997,41.107780000000005
29.026349999999997,41.10783
29.03057,41.09979
29.023,41.10471
29.02619,41.10772
29.02317,41.09934
29.021516666666667,41.10025666666667
29.0273525,41.107875
29.01667,41.1041
29.0261,41.09896
29.02204,41.10457
29.02663,41.0991
29.01536,41.10587999999999
29.017173333333332,41.10344
29.02352,41.10763
29.02154,41.10703
29.02434,41.10784
29.02411,41.10779
29.021840000000005,41.10742000000001
29.0248,41.10498
29.022579999999998,41.106440000000006
29.02143,41.1003
29.015340000000002,41.10583
29.02141,41.10453
29.01892,41.1074
29.02635,41.10783
29.01991,41.1048
29.01961,41.10766
29.01662,41.10416
29.018989999999995,41.10744
29.02649,41.10598
29.02087,41.1079
29.01691,41.10376999999998
29.02301,41.10757
29.02718,41.09947
29.02195,41.10752
29.01617,41.10465000000001
29.02511,41.10783
29.02561000000001,41.10778
29.023159999999994,41.10754999999999
29.02354,41.10764
29.02354,41.10764
29.02668,41.10521
29.02108,41.10796
29.02113,41.10797
29.01606,41.1066
29.02314,41.10472
29.026659999999996,41.0992
29.01721999999999,41.1034
29.0263,41.10721
29.01536999999999,41.10555999999999
29.02549,41.10781
29.02947,41.10722
29.02474,41.10491
29.01537,41.10556
29.02351,41.10763
29.02658,41.1056
29.02506,41.099
29.02914,41.10762
29.015515,41.10616
29.02094999999999,41.10793
29.02496,41.10495
29.02018,41.10436
29.02866,41.10679
29.01602,41.10481
29.02175,41.10010999999999
29.0224,41.09974
29.020210000000002,41.10437
29.02083,41.10577
29.02389,41.10773
29.02184,41.10742
29.02123,41.10056
29.020040000000005,41.10436
29.02101,41.1045
29.02897,41.10804
29.023106666666664,41.09944333333333
29.02202,41.09997333333334
29.02273,41.10766
29.02625,41.10739
29.02663,41.10532
29.016219999999993,41.10457000000001
29.0248,41.10498
29.0238,41.10769499999999
29.030510000000003,41.09978
29.01535,41.10584333333333
29.022289,41.10769000000001
29.022789999999997,41.10553000000001
29.022439999999992,41.10763999999999
29.02254,41.10465
29.028270000000003,41.10803
29.02667,41.10786
29.02941,41.10725
29.0248,41.09907
29.026100000000007,41.09902
29.02598,41.1051
29.0273,41.09955
29.02274,41.10572
29.01625,41.10455
29.02749,41.10724
29.015539999999994,41.106189999999984
29.030893333333335,41.09984333333333
29.022879999999997,41.105180000000004
29.027600000000003,41.106779999999986
29.02143,41.1003
29.02661,41.10538
29.02379,41.10479
29.02234,41.1079
29.026939999999993,41.10790999999998
29.02563,41.10786
29.02949,41.10723
29.019950000000005,41.10533
29.02732,41.10529
29.022409999999997,41.10786
29.02872,41.106956000000004
29.02741,41.10755
29.02512,41.09892
29.029117499999998,41.10778499999999
29.02467,41.10787
29.019375,41.10119
29.0166,41.10419
29.02667,41.10786
29.026184999999998,41.10776
29.021229999999996,41.10056000000001
29.02924,41.10724
29.02403,41.10776
29.0214625,41.105975
29.02452,41.10784999999999
29.02163,41.10019
29.02709,41.10527
29.02118,41.10798
29.021280000000004,41.10452000000001
29.01709,41.10354
29.02531,41.10504000000001
29.01717,41.107099999999996
29.021959999999996,41.108
29.021530000000002,41.10604333333333
29.01551,41.10615
29.02158,41.10455
29.02404,41.10482
29.02653,41.10589
29.0176,41.10274
29.023253750000002,41.10474
29.016200000000005,41.1046
29.028970000000005,41.10703
29.02256999999999,41.10721
29.030960000000004,41.09985
29.02118,41.10585
29.01534,41.10574
29.0203,41.10561
29.02122,41.10586
29.026380000000003,41.1069
29.0297,41.09953
29.02229,41.10793
29.02587,41.09897
29.02044,41.10784
29.0266,41.10544
29.02728,41.099536666666665
29.02432,41.10489
29.022299999999994,41.107919999999986
29.02658,41.10563
29.02239,41.10787
29.02457,41.10786
29.02186,41.10744
29.02781,41.10577
29.01925,41.10756
29.03044,41.09976
29.028229999999997,41.10646
29.023,41.10471
29.02113,41.10797
29.02677,41.10522
29.025629999999996,41.10509
29.018725,41.10142
29.026110000000003,41.10780999999999
29.02911,41.10781
29.02055,41.10569
29.02409,41.10481
29.02713,41.10527
29.02614,41.10783
29.03116,41.09979
29.02651,41.09915
29.0205,41.10442
29.01573,41.10635
29.0263,41.10515
29.01718,41.10343
29.02379,41.10769
29.02645,41.10627
29.026799999999998,41.10787
29.018919999999998,41.107400000000005
29.023800000000005,41.10769
29.022289999999998,41.1046025
29.0304,41.09965
29.02137,41.108
29.022010000000005,41.1076
29.01691,41.10377
29.024510000000003,41.10488
29.02526,41.10786
29.028970000000008,41.10703
29.029490000000003,41.10723
29.022833333333335,41.105349999999994
29.01825,41.10181
29.02779,41.10627
29.02904,41.10708999999999
29.021889999999996,41.10748
29.02172,41.10019
29.02435,41.10784
29.01928,41.10757
29.01995666666667,41.10105333333333
29.02914,41.10762
29.023360000000004,41.107589999999995
29.022789999999997,41.105530000000016
29.028590000000005,41.10685999999999
29.02306,41.10471
29.021700000000003,41.10455
29.01639,41.104419999999976
29.01985,41.10501
29.02439,41.10784
29.02406,41.10775
29.021716666666666,41.10014333333333
29.02122,41.10586
29.02309,41.10472
29.02364,41.10767
29.01563,41.10628
29.02598,41.09899
29.026057142857145,41.10782857142857
29.027770000000004,41.106049999999996
29.024,41.1048
29.022990000000004,41.1048
29.02276,41.0995
29.02224,41.1046
29.01986,41.10107999999999
29.01878,41.10737
29.02727,41.10791
29.017429999999997,41.10307999999999
29.02634,41.10706
29.021493333333336,41.10693666666666
29.01772,41.10722
29.02602,41.10515
29.02363,41.10766
29.021719999999995,41.10727999999999
29.02862,41.10676
29.02445,41.10786
29.02872,41.09976
29.026079999999997,41.09901333333334
29.024850000000008,41.10790000000001
29.02411,41.10779
29.01626,41.10454
29.02073,41.1008
29.01639,41.10442
29.02661,41.10786
29.027770000000007,41.10558000000001
29.02512,41.09892
29.02265,41.10616
29.02793,41.10631
29.016113333333333,41.10664
29.02732,41.10789
29.01944,41.10761
29.02601,41.09894
29.02987,41.09953
29.022769999999998,41.10468
29.01986,41.10108
29.02597,41.10514
29.01702,41.10363
29.02644,41.09912
29.02149,41.10027
29.02631,41.10715
29.02987,41.09953
29.0175,41.10298
29.02779,41.10627
29.0247,41.10496
29.019950000000005,41.10533
29.022319999999997,41.10791
29.02794,41.10804
29.02273,41.09958
29.027050000000006,41.105260000000015
29.030045,41.099615
29.028859999999998,41.09972
29.015589999999996,41.10625
29.01549,41.10537999999999
29.018180000000005,41.10190000000001
29.01993,41.10471
29.02647,41.10606
29.03077,41.09973
29.02182,41.10011
29.02339,41.10474
29.02754,41.10798
29.01982,41.10507
29.028258,41.108028000000004
29.02161,41.10627
29.028109999999998,41.09989
29.02019,41.10556
29.0205,41.10442
29.021049999999995,41.100660000000005
29.01961,41.10766
29.02913,41.107744999999994
29.023403333333334,41.10474
29.02652,41.10524
29.02368,41.10768
29.02172,41.10019
29.02999,41.09956
29.026529999999998,41.10589000000001
29.02357333333333,41.10764
29.02451,41.10786
29.02175,41.10733
29.0238,41.10769
29.02323,41.10757
29.02145,41.10029
29.01619,41.10462
29.02328,41.10474
29.021930000000005,41.10456
29.02087,41.1079
29.02624,41.10746
29.02555583333333,41.10779083333335
29.028880000000004,41.10697
29.024509999999996,41.10488
29.02733,41.1079
29.0236,41.09927
29.0193,41.10757
29.02542,41.10506
29.02627,41.1052
29.027614999999997,41.106719999999996
29.02173,41.1073
29.02362000000001,41.107649999999985
29.0226,41.10728
29.02743,41.10795
29.02333,41.10474
29.017780000000002,41.10247000000001
29.02135,41.10592
29.022066000000002,41.107628
29.024729999999998,41.10784
29.01749,41.10719
29.02684,41.099210000000014
29.01805,41.10207
29.02122,41.10586
29.02987,41.09953
29.02777,41.10558
29.02915,41.10749
29.023649999999996,41.10476
29.02786,41.09991
29.02100333333333,41.10580833333333
29.02022,41.10098999999999
29.02303,41.10754
29.03108,41.09978
29.019109999999994,41.107510000000005
29.0232,41.10474
29.0210475,41.1058175
29.02912,41.09966
29.01998,41.10448
29.01998,41.10776
29.0219,41.10801
29.02899,41.09969
29.02166,41.10721
29.01636,41.10444
29.01989,41.10522
29.0304,41.09965
29.01989,41.10522
29.02706,41.09939
29.02651,41.09915
29.02918,41.09963
29.02268,41.10769
29.02239,41.10787
29.02741,41.10755
29.0232,41.10471
29.02756,41.10696
29.02149,41.10036
29.01698,41.103674999999996
29.025142307692306,41.10498038461539
29.026840000000004,41.09921
29.0215,41.10696
29.019940000000005,41.10465
29.01772,41.10255
29.017319999999994,41.10325
29.027241363636367,41.10790999999998
29.020129999999998,41.10435
29.0278,41.10587
29.03117,41.09979
29.021910000000005,41.107479999999995
29.0193,41.10757
29.02318,41.10756000000001
29.02407771428572,41.09927057142857
29.02327,41.10758
29.023209999999985,41.107590000000016
29.024056666666667,41.09919666666667
29.02125,41.10587
29.02993,41.09954
29.02181,41.10738
29.01537,41.10591
29.021996666666666,41.10757666666667
29.02172,41.10728
29.0211,41.10063
29.02143,41.10042
29.028720000000003,41.10806000000001
29.026459999999997,41.10638
29.024380000000004,41.10784999999999
29.02172,41.10019
29.022910000000007,41.10753
29.02298,41.10483
29.020210000000006,41.10437000000001
29.026120000000002,41.10785666666667
29.028914999999998,41.10805
29.02273,41.10766
29.01948,41.10762
29.0248,41.10498
29.02152,41.10691
29.02252,41.10667
29.02643,41.10663
29.02196,41.10457
29.02659,41.10526
29.023479999999996,41.10763
29.02721,41.09942
29.02776,41.10627
29.021146666666667,41.10062166666666
29.022771481481485,41.10468037037036
29.029409999999995,41.10725000000001
29.019439999999992,41.10761000000001
29.02766,41.09977
29.022639999999992,41.10619
29.017333333333337,41.103229999999996
29.02777,41.10609
29.029149999999994,41.10761000000001
29.0219175,41.1000475
29.02449,41.09916
29.02376,41.10768
29.02895,41.09974
29.01572,41.10634
29.01679,41.10699
29.01836,41.10169
29.02162,41.10021
29.0276,41.10799
29.018969999999992,41.10129000000001
29.026179999999993,41.10778000000001
29.02721,41.10791
29.02633,41.10709
29.025622399999996,41.10505039999999
29.02904,41.10709
29.02118,41.10798
29.02767,41.10653
29.019440000000003,41.101180000000014
29.02283,41.10745
29.02677,41.09917
29.02663,41.1053
29.02273,41.10468
29.02657,41.10566
29.01732,41.10325
29.02465,41.10496
29.028080000000003,41.10804000000002
29.02549,41.10781
29.02012000000001,41.10779000000001
29.02147,41.10038
29.01931,41.10121
29.025319999999997,41.105000000000004
29.02777,41.10607
29.02645,41.1079
29.02338,41.1076
29.02114,41.10451
29.0228,41.10752
29.02592,41.09893
29.017220000000002,41.1034
29.01573,41.10635
29.02016,41.101
29.0231,41.10474999999999
29.02923,41.09961
29.02949,41.10723
29.027709999999992,41.10634000000002
29.02371,41.099360000000004
29.03109,41.09978
29.01735,41.10715
29.02737,41.10775
29.02645,41.10635
29.0263,41.09908
29.02999,41.09956
29.02911,41.10739
29.018809999999995,41.10737
29.02556,41.10504
29.03038,41.09974
29.02151,41.10698000000001
29.02218,41.10797
29.02215,41.09989
29.019890000000004,41.107739999999986
29.01915000000001,41.10753
29.02828,41.10659
29.015512499999996,41.1053575
29.0266,41.10547
29.016200000000005,41.10459999999999
29.02909,41.10798
29.0221,41.10765
29.02478,41.1079
29.03117,41.09981
29.021599999999996,41.10646
29.025289999999995,41.09896
29.02815,41.09989
29.01565,41.10629
29.02152999999999,41.10671714285714
29.018430000000002,41.10164
29.02385,41.09923
29.02764,41.10799666666667
29.02254,41.09962
29.02561,41.10781
29.02606,41.10783
29.02379,41.1077
29.0190875,41.1075025
29.01554,41.10619
29.02252,41.10705
29.0205,41.10442
29.02949,41.107229999999994
29.020790000000005,41.10446
29.02642,41.10667
29.01536,41.1059
29.02154666666667,41.100316666666664
29.02143,41.1003
29.02661,41.10528
29.02107,41.10065
29.02911,41.1079
29.024,41.09929000000002
29.02549,41.10781
29.02918,41.09963
29.0186,41.10150999999999
29.016968666666674,41.103691333333344
29.0233,41.10475
29.02745,41.10737
29.02001,41.10104
29.02415,41.10779
29.0262,41.10769
29.02167,41.10723
29.017170000000004,41.1071
29.02863,41.106767500000004
29.025829999999996,41.10784999999999
29.02253,41.1071
29.02125,41.10587
29.02655,41.09907
29.02619,41.1077425
29.030846666666665,41.09974
29.023,41.10471
29.02947,41.10721999999999
29.02911,41.10781
29.021430000000002,41.10030000000001
29.021610000000003,41.10714
29.02732,41.10529
29.023320000000002,41.1076
29.02265,41.10735
29.024229999999996,41.104869999999984
29.02796,41.10634
29.023,41.09948
29.03115,41.09978
29.02622000000001,41.107539999999986
29.016990000000007,41.10366
29.02257,41.10721
29.02756,41.10696
29.026555000000002,41.105815
29.02727,41.10529
29.023004999999998,41.107535
29.021589999999993,41.10801999999999
29.026240000000012,41.10743000000001
29.02462,41.10786
29.029009999999992,41.10721999999999
29.023339999999997,41.09940000000001
29.01994,41.1053
29.0216,41.10644
29.02283,41.10745
29.02337,41.09931
29.02815,41.1064
29.02358,41.10764
29.02142,41.10801
29.02042,41.10783
29.02146,41.10028
29.02841,41.10671
29.01993,41.10775
29.017338888888887,41.10322166666666
29.02795,41.10625
29.0273275,41.1078975
29.024425,41.107855
29.0179,41.10227
29.02732,41.10789
29.01555,41.10621
29.02935,41.107275
29.02135,41.10592
29.029150000000012,41.10761
29.02934,41.09959
29.02147,41.10027
29.01709,41.103539999999995
29.02288,41.10514
29.02508,41.10497
29.03034,41.09963
29.02778,41.10561
29.02764,41.0998
29.01934,41.1012
29.0277125,41.1080075
29.02658,41.1056
29.02549,41.10781
29.02747,41.09965
29.02083,41.10447
29.02478,41.10784
29.02773,41.10629
29.026567999999997,41.10572599999999
29.02182,41.10455
29.019373333333334,41.10119
29.01849,41.10733
29.028050000000004,41.10631999999999
29.02782,41.10627
29.02636,41.10697
29.02157,41.10654
29.023130000000002,41.10472
29.01915,41.10753
29.029224,41.107223999999995
29.02927,41.10726
29.027915,41.1063025
29.022949999999998,41.09941333333334
29.021949999999997,41.10752
29.01614,41.10666
29.02748,41.10728
29.02647,41.10612
29.0157,41.10633
29.02047,41.10784
29.022409000000007,41.10765033333332
29.02193,41.10456
29.023742777777777,41.10478055555556
29.02643,41.10663
29.0236,41.09927
29.02907,41.10799
29.028509999999997,41.10667999999999
29.0175,41.10298
29.02622,41.10754
29.02101,41.1045
29.02644,41.10632
29.02346,41.10762
29.02054,41.10785
29.02964,41.09951
29.02292,41.10748999999999
29.022315,41.099787500000005
29.02808,41.10804
29.020349999999997,41.10783
29.01731,41.10328
29.03116,41.09979
29.02658,41.10557
29.0261,41.09902
29.02645,41.10635
29.024056666666667,41.09919666666667
29.02777,41.10609
29.01567,41.1063
29.02359,41.09938
29.02832,41.10663
29.02629,41.10724
29.02425,41.10783
29.021809999999995,41.10800999999999
29.023410000000002,41.10761000000001
29.02363,41.10766
29.02512,41.09892
29.028640000000003,41.10807
29.02207,41.10763
29.02897,41.10717
29.02697,41.09926999999999
29.02399,41.10479
29.019179999999995,41.10124
29.016950000000005,41.10370999999999
29.02175,41.10733
29.0228025,41.105492500000004
29.02101,41.10581
29.02234,41.1079
29.02273,41.10766
29.02759,41.10683
29.02949,41.10723
29.0199325,41.1047025
29.02095,41.10793
29.01756,41.10720333333333
29.02215,41.09989
29.021915,41.108005
29.0154,41.10596
29.02062,41.10572
29.02887,41.10708
29.027684999999998,41.099815
29.022039999999997,41.09996
29.02446,41.10487
29.023767499999998,41.1076825
29.02714,41.10790999999999
29.02156,41.10024
29.02602,41.098996666666665
29.026110000000003,41.10782999999999
29.02633,41.10522
29.028180000000003,41.10642
29.02632,41.10788
29.02628,41.09901
29.02813,41.10637
29.015356666666666,41.10563
29.02662999999999,41.10532
29.02617,41.1078
29.02287,41.09944
29.01747,41.10303
29.03003,41.09956666666667
29.02517,41.09899
29.02389,41.10478
29.02298,41.10753
29.021794999999997,41.108015
29.029970000000002,41.099553333333326
29.02282,41.09947
29.02686,41.10788
29.02754,41.09972
29.03057,41.09979
29.02269,41.10738
29.02822,41.09988
29.02696,41.10525
29.01591,41.10493
29.02432,41.10489
29.023855294117645,41.0992294117647
29.027509999999996,41.09969
29.02216,41.09984
29.029496153846146,41.09951
29.01698,41.10705
29.016579999999998,41.10422
29.025060000000003,41.098935
29.01975,41.1011
29.02369,41.09926
29.02059,41.10443
29.02274,41.10753
29.02252,41.10705
29.01913,41.10126
29.02941,41.10725
29.024470000000004,41.104939999999985
29.026110000000003,41.107855
29.02277,41.10468
29.01983,41.10108
29.01924,41.10122
29.022860000000005,41.105240000000016
29.02292,41.1047
29.02947,41.10722
29.022000000000002,41.10758
29.030600000000003,41.09970666666667
29.024289999999993,41.107829999999986
29.02182,41.10739
29.02255,41.10718
29.02573,41.10507
29.01535,41.10585
29.022471666666664,41.107819166666665
29.01911,41.10751
29.02548,41.09889
29.02547,41.10507
29.02531,41.10504
29.02152,41.10674
29.026299999999996,41.1052
29.018780000000003,41.10737
29.019360000000002,41.101189999999995
29.02052,41.10785
29.02743,41.10795000000001
29.02887,41.10708
29.01998,41.10538
29.02016,41.10436
29.03104,41.099766666666675
29.01551,41.10615
29.01673,41.10399
29.02915,41.107600000000005
29.015504999999997,41.105365
29.022500000000004,41.10465
29.02808,41.10804
29.024120000000003,41.10485
29.0297,41.09953
29.02201,41.1076
29.021720000000002,41.10019
29.02493,41.09903
29.02024,41.10438
29.02622,41.1076
29.02754,41.10798
29.01918,41.10753
29.01892,41.1074
29.022500000000004,41.10465
29.02298,41.10483
29.02251,41.10701
29.02014,41.10554
29.02237,41.10788
29.01722,41.10712
29.01722,41.1034
29.02659,41.09918
29.02623,41.09906
29.023948333333337,41.10478166666667
29.02555,41.09895
29.021470000000004,41.100269999999995
29.02639,41.10517
29.02369,41.10766
29.02383,41.10771
29.027295000000002,41.10794
29.02755,41.10536
29.01712,41.10351
29.03111,41.09985
29.0241,41.10777
29.02105,41.10066
29.02438666666667,41.10487
29.02779,41.10593
29.026959999999995,41.10525
29.02909,41.10735
29.02616,41.1078
29.023213333333334,41.10756666666666
29.01703,41.10362
29.02854,41.10807
29.017039999999998,41.10361
29.01972,41.10111
29.027805,41.10627
29.02299,41.0994
29.0221,41.10765
29.028283999999996,41.106494000000005
29.023530000000004,41.10764
29.01931,41.10121
29.022820000000007,41.10761000000001
29.023466666666668,41.09928666666667
29.02,41.1054
29.025740000000003,41.1078
29.027820000000002,41.10627
29.01838,41.10732
29.01916,41.10124
29.01702,41.10363
29.02143,41.1003
29.029009999999996,41.10722
29.02828,41.10659
29.02157,41.10611
29.02638,41.10687
29.01705,41.10358
29.01705000000001,41.10358
29.02041,41.10565
29.02941,41.09953
29.020959999999995,41.10449
29.028910000000003,41.10710999999999
29.02808,41.09994
29.02205,41.10762
29.02736,41.1053
29.024729999999998,41.10784
29.01694,41.10704
29.02273,41.10468
29.02207,41.10799
29.027210000000004,41.09942
29.024390000000007,41.104910000000004
29.02893,41.09971
29.017834999999998,41.10237
29.02758,41.10538
29.01572,41.10634
29.025060000000003,41.099
29.02316,41.10755
29.02248,41.10763
29.024475000000002,41.107865000000004
29.02217,41.10457999999999
29.01938,41.10119
29.02105,41.10066
29.02567,41.1078
29.02213,41.10766
29.02365,41.10476
29.02873,41.09981
29.01538,41.10553
29.02602,41.10515
29.01915,41.10753
29.0206,41.10086
29.030049999999996,41.09956999999999
29.02143,41.1003
29.02911,41.10783
29.01567,41.1063
29.02213,41.10766
29.02224,41.1046
29.02767,41.10654
29.01897,41.10742
29.01679,41.10699
29.02624000000001,41.10745999999999
29.021583333333336,41.106123333333336
29.02578,41.105079999999994
29.01996,41.10453
29.02121,41.10451
29.027329999999996,41.1079
29.02739,41.10795
29.02999,41.09956
29.02546,41.10781
29.018533333333334,41.10156333333334
29.01893,41.10131
29.02097,41.1058
29.02278,41.10556
29.02742,41.0996
29.024060000000002,41.10775
29.02616,41.1078
29.02489,41.10783
29.017513333333337,41.102959999999996
29.02587,41.09897
29.02286,41.09952
29.02255,41.10655
29.02271,41.10597
29.02598,41.1051
29.023990000000005,41.10479
29.02106,41.10582
29.02913,41.10776
29.02686,41.09922
29.021599999999996,41.10644
29.027108,41.10791
29.03116,41.09983
29.02362,41.10765
29.022180000000002,41.10797
29.01708,41.10355
29.02903,41.10725
29.02683,41.10791
29.01679,41.10699
29.01926,41.10122
29.021629999999988,41.10019
29.01843,41.10733
29.01691000000001,41.10376999999999
29.02657,41.10565999999999
29.02881,41.09978
29.02779,41.10627
29.023040000000005,41.09938
29.02189,41.107479999999995
29.02907,41.10732
29.03016,41.09966
29.01689,41.1038
29.02497,41.10785
29.02651,41.09915
29.02788,41.10619
29.02756,41.10696
29.03116,41.09983
29.01792,41.10727
29.02138,41.10453
29.02484,41.10786
29.027017999999998,41.107892
29.02657,41.105720000000005
29.01747,41.10303
29.02507,41.10784
29.02161,41.10714
29.025125,41.10783
29.02218,41.10797
29.01897,41.10129
29.027470000000005,41.09965
29.02159,41.10615
29.01626,41.10674
29.026169999999997,41.1078
29.02658,41.10791
29.02777,41.10607
29.01951,41.10115
29.02524,41.10782
29.022169999999992,41.104579999999984
29.01892,41.1074
29.02145,41.10029
29.03112,41.09978
29.026079999999997,41.10785
29.02647,41.10609
29.024330000000003,41.0992
29.02727,41.10791
29.02161,41.10455
29.02125,41.10055
29.02751,41.10716
29.02628,41.10726
29.021386666666668,41.10800333333333
29.02525,41.098905
29.017169999999997,41.10709999999999
29.02303,41.10754
29.02904,41.10728
29.02627,41.1073
29.02251,41.10682
29.02336,41.10759
29.022720000000003,41.10753
29.02974,41.09952
29.02153,41.10701
29.026305,41.1078775
29.01599,41.10484
29.01818,41.1019
29.02794,41.10804
29.02574,41.1078
29.017659999999996,41.10266
29.022929999999995,41.09949999999999
29.0277,41.106404999999995
29.02797,41.09989
29.024970000000003,41.105000000000004
29.02011333333333,41.10552333333333
29.02193,41.10751
29.02304,41.10752
29.02766,41.09977
29.01569,41.10632
29.02656,41.1058
29.02379,41.10479
29.01759,41.1028
29.02712,41.09943
29.02143,41.1003
29.03077,41.09973
29.0273,41.09955
29.023509999999998,41.10764
29.02611,41.10783
29.02058851851851,41.105709259259264
29.01913,41.10126
29.02616,41.10781
29.02880000000001,41.1069
29.0199,41.10486
29.02949,41.10723
29.02221352941176,41.09980823529412
29.03088,41.09984
29.026619999999998,41.10529999999999
29.02818,41.10642
29.02182666666667,41.107396666666666
29.02448,41.10785
29.02906,41.1073
29.027806153846146,41.09987769230769
29.02187,41.10746
29.02915,41.10753
29.02187,41.10746
29.02772,41.10631
29.022714999999998,41.105864999999994
29.02947,41.10722
29.02792,41.10623
29.01779,41.10724
29.02149,41.10027
29.01704,41.10361
29.0158,41.1064
29.02347,41.10762
29.02412,41.10485
29.02867,41.10692
29.025189999999988,41.10504000000001
29.02188,41.10747
29.02742,41.09963
29.026300000000003,41.10721
29.021499999999993,41.10695
29.020869999999995,41.10578
29.02887,41.10708
29.026055,41.1078275
29.026927999999998,41.10791
29.02491,41.10494
29.015807499999998,41.106405
29.02575,41.09896
29.0277725,41.106092499999995
29.02394,41.10774
29.025109999999998,41.107875
29.02143,41.1003
29.02153,41.10701
29.02403,41.10776
29.02622,41.09899666666667
29.02936,41.09954
29.01985,41.10517
29.02251,41.10697
29.02588,41.10509
29.02598,41.1051
29.028942499999996,41.10805
29.02446,41.10487
29.018919999999998,41.1074
29.02262,41.10629
29.026220000000002,41.1076
29.02255,41.10718
29.02113,41.10063
29.023080000000004,41.10753999999999
29.025359999999992,41.10781999999999
29.022100000000002,41.10764999999999
29.02035,41.10783
29.01938,41.10119
29.0213,41.105895000000004
29.026269999999997,41.1073
29.02794,41.10804
29.01934,41.10758
29.02657,41.10566
29.02149,41.10027
29.026349999999997,41.107
29.02226,41.10769
29.02451,41.107859999999995
29.0248,41.09907
29.023170000000004,41.09934
29.02124,41.10451
29.02779,41.1059
29.02267,41.10608
29.02686,41.10788
29.02714,41.10791
29.023980000000005,41.10775
29.024189999999997,41.10486
29.02662,41.10534
29.01925,41.10756
29.02703,41.09931
29.030803333333335,41.099736666666665
29.02657,41.10572
29.020040000000005,41.10436
29.01626,41.10454
29.02918,41.09963
29.01563,41.10522
29.02425,41.10783
29.02067,41.10083
29.02529,41.09896
29.021106666666668,41.104503333333334
29.02785,41.10628
29.02143,41.10031
29.016152500000004,41.106665
29.02289,41.10511
29.02191,41.10748
29.024767499999996,41.10784
29.023019999999995,41.10477999999999
29.03044,41.09976
29.02379,41.1077
29.017079999999996,41.10355
29.024780000000003,41.10784
29.02662999999999,41.105299999999986
29.02643,41.1066
29.02394,41.09922
29.022820000000003,41.10761000000001
29.023050000000005,41.104769999999995
29.02558,41.10508
29.022990000000004,41.1048
29.02143,41.1003
29.024909999999995,41.10786
29.02758,41.10687
29.02343,41.10474
29.02462,41.10786
29.02823,41.10646
29.02158,41.1065
29.0230175,41.1075375
29.0215,41.10692666666667
29.029039629629633,41.108000370370355
29.02172,41.10019
29.021510000000003,41.10691
29.022319999999997,41.09974
29.023128250000003,41.09944025
29.02671,41.10791
29.027210000000004,41.09942
29.02895,41.09974
29.01546,41.1061
29.02018,41.10436
29.018102500000005,41.102000000000004
29.02815,41.09994
29.02429,41.10784
29.01709,41.10354
29.02526,41.10786
29.02911,41.10739
29.02317,41.09934
29.020370000000003,41.100950000000005
29.0219,41.10748
29.031013333333334,41.09985
29.02949,41.10723
29.017939999999992,41.10221
29.027893333333328,41.099916666666665
29.02279,41.10553
29.015585,41.105265
29.0215,41.10693
29.026570000000003,41.10525
29.029325,41.10728
29.01658,41.10422
29.02201,41.09993
29.02906,41.1073
29.02656,41.10578
29.02787,41.10803
29.01979,41.10771
29.019950000000005,41.10456
29.02798,41.10627
29.02888,41.09976
29.02047,41.1044125
29.03104,41.09985
29.03116,41.09979
29.02913,41.10773
29.01639,41.10442
29.02743,41.10795
29.0159,41.10647
29.0258,41.1078
29.02842,41.09985
29.01889,41.10739
29.02507999999999,41.10788000000001
29.02248,41.10763
29.0228,41.1055
29.02659,41.10526
29.02451,41.107859999999995
29.03008,41.09963
29.02416,41.10486
29.02464,41.09906
29.02394,41.10478
29.01717,41.1071
29.02153,41.10672
29.03077,41.09973
29.02132999999999,41.104519999999994
29.02904,41.10728
29.02143,41.10031
29.02087,41.10578
29.02643,41.10663
29.02408,41.09927
29.019393333333337,41.10119
29.02472,41.09903
29.02229,41.10768
29.029170000000004,41.09964
29.01756333333333,41.10284
29.018459999999997,41.10733
29.024649999999998,41.10495999999999
29.02301,41.10757
29.018956666666668,41.10742
29.022249999999996,41.10795000000001
29.02173,41.10013
29.026479999999996,41.10645
29.02899,41.1072
29.0271425,41.1052725
29.021249411764703,41.100550294117646
29.02156,41.10024
29.02776,41.09985
29.027470000000005,41.10733
29.02152,41.10689000000001
29.018876666666667,41.10739
29.021470000000004,41.10038
29.02143,41.10031
29.02659,41.10526
29.02639,41.10684
29.02098,41.10069
29.0227675,41.107425
29.02592,41.10514
29.02765,41.10543
29.01695,41.10371
29.02016,41.10435999999999
29.02735,41.10789
29.02258,41.10644
29.01742,41.10311
29.01561,41.10626
29.01924,41.10122
29.02123,41.10056
29.018800000000006,41.10137000000002
29.02485,41.1079
29.01998,41.10446
29.01702,41.10363
29.02201,41.1076
29.02879,41.09974
29.019819999999996,41.10511999999999
29.0266,41.10549
29.020789999999998,41.10576
29.02646,41.10637
29.024522499999996,41.10786
29.026275,41.105145
29.01985,41.104965
29.020838809523802,41.100750476190484
29.031163333333335,41.099823333333326
29.026210000000003,41.10787
29.02416,41.1078
29.02915,41.10756
29.0175,41.10298
29.02166,41.10721
29.022929999999995,41.09942
29.02634,41.10516
29.01536,41.1059
29.02265,41.09955
29.019933125,41.10775062500001
29.02658,41.10791
29.02332,41.10759
29.0245,41.10787
29.02353,41.10475
29.02549,41.10781
29.02497,41.10789
29.02624,41.10746
29.022720000000003,41.10582
29.016060000000003,41.10477999999999
29.02786,41.09991
29.020660000000003,41.10573
29.02651923076923,41.10591230769231
29.01673,41.10399
29.02762,41.1067
29.01622,41.10457
29.02639,41.10517
29.02237,41.10462
29.02891,41.10710999999999
29.02523,41.10782
29.02473,41.10787
29.026319999999988,41.10788000000001
29.0176,41.10277
29.0206,41.10786
29.02644,41.10629
29.02645,41.1079
29.02051,41.10568
29.026569999999996,41.105689999999996
29.02005,41.10102
29.0254,41.10780999999999
29.01998,41.10776
29.01887,41.10739
29.02189,41.10748
29.01763,41.10269
29.022129999999994,41.10798
29.0231,41.107569999999996
29.025989999999993,41.1078
29.02157,41.10655
29.02255,41.10659
29.0263,41.10721
29.0215,41.10692
29.03108,41.09978
29.028777500000004,41.106885
29.03112,41.09978
29.02181,41.10801
29.01711,41.10353
29.023126666666666,41.10472666666667
29.028230000000004,41.10655
29.01895,41.10742
29.02744,41.10742
29.02745,41.10737
29.01744,41.103065
29.02949,41.10723
29.02186,41.10744
29.02691,41.10524
29.02911,41.10739
29.02013,41.10435
29.02626,41.10736
29.0231,41.10753
29.02598999999999,41.1078
29.020020000000002,41.10438
29.027729999999995,41.10629
29.02648,41.10601
29.02749,41.10724
29.01731,41.10714
29.022519999999997,41.10667
29.02321,41.10759
29.02172,41.10019
29.02153,41.10025
29.0201,41.10435
29.02529,41.10782
29.0226,41.10728
29.022169999999996,41.104579999999984
29.02825,41.09988
29.02087,41.10578
29.03056,41.0997
29.018600000000003,41.10151
29.02251,41.10697
29.023265000000002,41.104745
29.02598,41.1051
29.02087,41.10578
29.02308,41.10754
29.02157,41.1003
29.016160000000003,41.104659999999996
29.02761,41.1054
29.02513,41.10503
29.02034,41.10562
29.021589999999996,41.10648
29.024329999999996,41.10486
29.01991,41.1048
29.01625,41.104549999999996
29.02311,41.09936
29.028449999999996,41.10663
29.02958,41.09954
29.0223,41.10792
29.02465,41.10496
29.02398,41.10775
29.02178,41.10009
29.02343,41.10475
29.01938,41.10119
29.02213,41.10766
29.026985000000003,41.09927999999999
29.019850000000005,41.105170000000015
29.02347999999999,41.10475999999999
29.02714,41.10791
29.02091,41.10792
29.0241,41.10777
29.01911,41.10751
29.01792,41.10727
29.020233333333334,41.10781333333333
29.02411,41.09919
29.0215,41.10693
29.02743,41.10795000000001
29.02014,41.10100333333333
29.02249,41.09966
29.02411,41.09919
29.02317,41.09934
29.015739999999997,41.105109999999996
29.015968888888892,41.1048711111111
29.02244,41.10764
29.01653,41.10687
29.01589,41.10495
29.02116,41.10061
29.024260000000005,41.10782
29.02637,41.09903
29.01993,41.10775
29.026330000000005,41.105219999999996
29.02712,41.10793
29.02304,41.10752
29.02429,41.10783
29.028397407407414,41.10805888888889
29.02149,41.10694
29.0198,41.10109
29.028320000000004,41.10663
29.022960000000005,41.10470000000001
29.02321,41.10759
29.02416,41.1078
29.02617,41.1078
29.02555,41.10781
29.020169999999997,41.1078
29.02602,41.10515000000001
29.0226,41.10728
29.01983,41.10504
29.026309999999995,41.107150000000004
29.026380000000007,41.1069
29.01542,41.10548
29.02362,41.10764999999999
29.02949,41.10723
29.017105,41.1035325
29.0228,41.10752
29.02664,41.1052
29.02188,41.10456
29.03039333333333,41.099647777777776
29.022859999999998,41.10524
29.02668,41.10521
29.02296,41.107503333333334
29.02647,41.10609
29.022259999999996,41.107690000000005
29.029080000000004,41.107330000000005
29.02743,41.10531
29.02616,41.10781
29.01536,41.10559
29.02922,41.10722
29.01573,41.10635
29.027690000000003,41.10546
29.016928823529412,41.10374176470588
29.02302999999999,41.104710000000004
29.02156,41.10024
29.02131,41.10051
29.02805,41.10632
29.02506,41.099
29.023890000000005,41.10478
29.021565,41.1003025
29.026840000000004,41.09928
29.01881,41.10737
29.026196,41.107867999999996
29.02037,41.10564
29.015909411764703,41.1049305882353
29.02598,41.10782
29.02143,41.1003
29.01991,41.10482
29.02401,41.10774
29.025910000000003,41.10782
29.01913,41.10126
29.02914,41.10767
29.019029999999994,41.10748
29.028185,41.099885
29.01616,41.10466
29.02616,41.10781
29.02397,41.10773
29.0219,41.10801
29.02802,41.10639
29.02406,41.1077775
29.028910000000003,41.10711
29.01791,41.102255
29.027980000000007,41.10627
29.02648,41.107839999999996
29.02622,41.10754
29.01995,41.10533
29.02326,41.1076
29.01956,41.10765
29.02846,41.10809
29.022466666666663,41.104643333333335
29.01989,41.10489
29.021960000000004,41.108
29.02122,41.10586
29.022990000000007,41.10479999999998
29.019919999999995,41.104769999999995
29.017867499999998,41.107254999999995
29.0219075,41.10456
29.02164,41.10719
29.02949,41.10723
29.02442,41.10487
29.022149999999996,41.09989
29.021647500000004,41.10455
29.02172,41.10728
29.025230000000008,41.10782
29.02888,41.10697
29.03083,41.09983
29.02833,41.10653
29.02265,41.10735
29.02744,41.10742
29.0192,41.10754
29.02263,41.10773
29.031156666666664,41.09979
29.02833,41.10653
29.01599,41.10484
29.023957499999995,41.1077275
29.023760000000006,41.10767999999999
29.02157,41.1003
29.02523,41.10782
29.023320000000002,41.1076
29.02779,41.10627
29.02145,41.10029
29.026230000000012,41.10781999999999
29.02631,41.10715
29.02181,41.10738
29.01534,41.105819999999994
29.023328333333335,41.099403333333335
29.016669999999998,41.1041
29.02153,41.10025
29.027730000000002,41.105520000000006
29.026409999999995,41.106770000000004
29.0201,41.10551
29.0225175,41.107794999999996
29.01542,41.106004999999996
29.022750555555554,41.10568833333333
29.022623333333332,41.10466
29.02773,41.10552
29.01767999999999,41.10262999999999
29.018974999999998,41.10742499999999
29.026479999999996,41.106030000000004
29.029,41.10706
29.020470000000003,41.107839999999996
29.017360000000007,41.10319
29.02615,41.10782
29.0227,41.10768
29.022512499999998,41.1067325
29.01899,41.10744
29.02732,41.09951
29.02006,41.10436
29.01622,41.10457
29.02172,41.10728
29.027920000000005,41.10623
29.017039999999998,41.1036
29.026509999999995,41.10593999999999
29.02808,41.10804
29.01799,41.10214
29.02187,41.10746
29.02167,41.10455
29.02701,41.10789
29.025060000000003,41.099
29.02173666666667,41.100123333333336
29.02127,41.10054
29.02012,41.10779
29.02488,41.104935
29.02732,41.1079
29.0289,41.10805
29.02658,41.10563
29.015359999999994,41.105619999999995
29.01534,41.10574
29.021470000000004,41.10801
29.02158,41.1065
29.02838,41.10657
29.02781000000001,41.105710000000016
29.02274,41.10572
29.0175,41.10298
29.02143,41.1003
29.02781,41.10571
29.029379999999993,41.10726999999999
29.02717,41.09939333333333
29.028580000000005,41.10672999999999
29.02144,41.10453
29.020070000000004,41.10778000000001
29.02,41.1054
29.021470000000004,41.10598
29.02826,41.10648
29.02645,41.10625
29.025750000000002,41.098960000000005
29.023090000000003,41.10472
29.01924,41.10122
29.02582,41.1078
29.02385,41.09923
29.02486,41.09905
29.0302,41.09968
29.02949,41.10723000000001
29.01999,41.10444
29.01747,41.10303
29.029,41.10803
29.02327,41.09942
29.02949,41.10723000000001
29.01581,41.10504
29.0291,41.10794
29.01986,41.10108
29.017259999999997,41.10712999999999
29.025228124999998,41.0989803125
29.02511,41.10783
29.01895,41.10742
29.0262,41.10769
29.01749999999999,41.10298
29.022635,41.107335
29.02255,41.10659
29.02033,41.10439
29.016990000000003,41.10366
29.02012,41.10779
29.02264,41.10619
29.016380000000005,41.104429999999994
29.02146,41.10028
29.0227,41.09952
29.02915,41.10751499999999
29.02556,41.10787
29.02084333333333,41.10789333333333
29.021059999999995,41.10582
29.02937999999999,41.10726999999999
29.01951,41.10115
29.02575,41.09896
29.02252,41.10667
29.02608,41.10784
29.02296,41.10488
29.02157,41.1003
29.021560000000004,41.10659
29.01913,41.10126
29.02143,41.10031
29.0176,41.1027475
29.02213,41.10766
29.02151,41.10026
29.02732,41.09951
29.02269,41.10601
29.023725,41.1047625
29.024800000000006,41.09907
29.02038,41.10783
29.02748,41.10728
29.015510000000003,41.10615000000001
29.01985,41.10495
29.0283375,41.106534999999994
29.01536,41.10588
29.03115,41.09979
29.02567,41.1078
29.023789999999995,41.10770000000001
29.02256,41.10651
29.025719999999993,41.1078
29.02001,41.10104
29.026190000000007,41.10774999999998
29.019,41.107459999999996
29.02067,41.10083
29.02263,41.10623
29.02271,41.10597
29.01998,41.10538
29.02074,41.10575
29.02425,41.10783
29.026717500000004,41.0991475
29.02632,41.10712
29.024600000000003,41.10489
29.02153,41.10025
29.02143,41.10031
29.01652,41.10427
29.01954,41.10115
29.02251,41.10682
29.03107,41.09985
29.0158,41.10505
29.022879999999997,41.104699999999994
29.027575,41.106895
29.01993,41.10106
29.02549,41.10781
29.02241,41.10786
29.02659,41.10526
29.02368,41.10768
29.02423,41.10484
29.01708,41.10355
29.01742,41.10311
29.02624,41.10746
29.02764,41.10542
29.01548,41.10612
29.02737,41.10779
29.03108,41.09978
29.027329999999996,41.1079
29.019940000000005,41.10458999999999
29.03044,41.09976
29.021419999999996,41.10801
29.0190075,41.107465000000005
29.02433,41.09920000000001
29.020979999999998,41.10069
29.02906000000001,41.108
29.02016,41.10436
29.02257,41.10721
29.01992,41.10528
29.01753,41.10292
29.0263,41.10721
29.01792,41.10727
29.01995,41.10533000000001
29.02226,41.107945
29.02732,41.10789
29.027299999999997,41.10790999999999
29.01735,41.10715
29.0248,41.10498
29.02156,41.10024
29.02144,41.10453
29.02667,41.10786
29.01936,41.10119
29.021869999999996,41.10746
29.021684999999998,41.10455
29.017484999999997,41.103007500000004
29.02761,41.10674
29.03045,41.09967
29.02257,41.107209999999995
29.02379,41.10479
29.01572,41.10634
29.020573333333335,41.10087
29.02238,41.09971
29.026422857142872,41.105239999999995
29.021285,41.100525000000005
29.0226,41.10774
29.02385,41.09923
29.02652,41.10591
29.02051999999999,41.10784999999999
29.01793,41.102225000000004
29.0221,41.10765
29.021594999999998,41.10455
29.02818,41.10642
29.025679999999998,41.105059999999995
29.02141999999999,41.10800999999999
29.023826666666668,41.10769666666667
29.02733,41.1079
29.016010000000005,41.10657
29.02911,41.10739
29.023080000000007,41.10753999999999
29.02758,41.10538
29.02155,41.10705
29.022290000000005,41.10793
29.02648,41.10601
29.02265,41.10466
29.02709,41.10527
29.02632,41.10788
29.02808,41.10804
29.02919,41.1072
29.01704,41.1036
29.02815,41.09994
29.021606666666667,41.106210000000004
29.02563,41.10786
29.02097,41.1058
29.02735,41.10789
29.02033,41.10439
29.02464,41.09906
29.022755,41.107647500000006
29.01572,41.10634
29.01747,41.10303
29.02021,41.10437
29.02251,41.10697
29.019089999999995,41.10126
29.017060000000008,41.10357
29.02133,41.10452
29.02097,41.1058
29.02057,41.10786
29.02954,41.0995
29.02897,41.10703
29.026449999999997,41.10625
29.023235,41.099425
29.016259999999996,41.106739999999995
29.02241,41.10463
29.0297,41.09953
29.02797,41.09994
29.026619999999998,41.10537
29.026300000000003,41.10515
29.02611,41.10783
29.02769,41.10645
29.02474,41.10491
29.02317,41.09934
29.026509999999995,41.09915
29.02155,41.10454
29.01805,41.10207
29.016856666666666,41.107013333333335
29.0241,41.10777
29.02243999999999,41.10763999999999
29.0277,41.09979
29.02251,41.10689
29.02,41.1044
29.026579999999996,41.10790999999999
29.023155000000003,41.10472
29.0226,41.10728
29.019220000000008,41.10754999999999
29.02263000000001,41.10757
29.02159,41.10613
29.0164,41.10681
29.02157,41.10654
29.02769,41.10546
29.02661,41.10538666666667
29.01599,41.10484
29.02001,41.10104
29.0255,41.10787
29.019520000000007,41.107639999999996
29.022010000000005,41.1076
29.021203333333332,41.10057333333333
29.02876,41.10698
29.02155,41.10802
29.02279,41.09955
29.02132333333333,41.10050333333333
29.02714,41.10790999999999
29.02154974358974,41.10031051282052
29.023090000000003,41.10472
29.02175,41.107330000000005
29.028329999999997,41.108030000000014
29.027810000000006,41.10571000000001
29.02661,41.1054
29.02439,41.10491
29.01689,41.10702
29.02866,41.09983
29.02573,41.10511
29.027730000000002,41.10801
29.02499,41.09902
29.02764,41.10663
29.01934000000001,41.10758000000001
29.030379999999997,41.099643333333326
29.02782,41.10616
29.02659,41.10551
29.02314,41.10472
29.024,41.09929
29.0165,41.1043
29.01849,41.10733
29.02906,41.1073
29.01995,41.101055
29.027239999999995,41.09951
29.01957,41.10115
29.0266,41.10542
29.02741,41.10755
29.02593,41.10509
29.02037,41.10564
29.022569999999995,41.10721
29.022979999999997,41.10753
29.02145,41.10029
29.0172,41.10342
29.015692,41.106322
29.01578,41.10507
29.01684,41.10701
29.023220000000002,41.10474
29.02323,41.10473
29.02777,41.10601
29.0218775,41.107467500000006
29.02158,41.10023
29.02497,41.10785
29.02529,41.0989
29.02143,41.1003
29.029099999999996,41.10795000000001
29.02278,41.10743
29.0154,41.105959999999996
29.02151,41.10698
29.02068999999999,41.10445000000001
29.017937500000002,41.1072725
29.02475000000001,41.104969999999994
29.01806,41.10729
29.02949,41.10723
29.02273,41.10468
29.026970000000002,41.10525
29.02736,41.10786
29.02273,41.10468
29.02893999999999,41.10714000000001
29.0228475,41.1075975
29.02006,41.10548
29.02857,41.09981
29.0265275,41.105895000000004
29.02152,41.10689
29.02915,41.10758
29.02367,41.09937
29.02925,41.10725
29.02229999999999,41.10791999999999
29.02289,41.10511
29.02569,41.09896
29.02462,41.10786
29.02151,41.10026
29.02251,41.10693
29.02171,41.10015
29.02122,41.10586
29.01918,41.10753
29.016280000000013,41.10450999999997
29.02716,41.10793
29.02152,41.10688
29.02828,41.10649
29.029723333333333,41.09953333333333
29.02282,41.1054
29.027329999999996,41.1079
29.01536,41.1059
29.02353,41.10764
29.01965,41.10767
29.01578,41.10507
29.02621,41.10517
29.01986,41.101079999999996
29.015340000000005,41.10574
29.02733,41.1079
29.02638,41.106876
29.02314,41.10472
29.02294,41.10757
29.02003,41.10437
29.01762,41.10271
29.020803333333333,41.10789
29.02046,41.10441
29.029913333333337,41.09957333333333
29.023649999999996,41.10766
29.028050000000004,41.10631999999999
29.02185,41.10009
29.02151,41.10698
29.03112,41.09985
29.02821,41.09993
29.01985,41.10517
29.026439999999997,41.10656
29.025275,41.1049925
29.02251,41.10697000000001
29.0221,41.09992
29.02575,41.09891
29.01556,41.10623
29.027890000000003,41.10629
29.02154,41.10669
29.02261,41.10634
29.0215,41.10692
29.025989999999997,41.1078
29.018289999999997,41.10177
29.02145,41.10029
29.02529,41.10782
29.02275,41.10569
29.02188,41.10747
29.02732,41.09951
29.0193,41.10757
29.02686,41.10788
29.01658,41.10422
29.022680000000005,41.107549999999996
29.02656,41.1057575
29.02148,41.10453
29.02389,41.10478
29.02766,41.10657
29.03014,41.099585000000005
29.02497,41.10785
29.021599999999996,41.10021999999999
29.02904,41.10709
29.02718,41.10791
29.026095000000005,41.10512
29.02062,41.10572
29.01808,41.10203
29.020010714285718,41.104389285714284
29.026467500000003,41.106147500000006
29.021599999999996,41.10646
29.01738,41.10316
29.02754,41.09972
29.02485,41.1079
29.02296,41.10486
29.02377,41.09925
29.02398238095239,41.10775047619048
29.02104,41.10795
29.02715,41.09938
29.022789999999997,41.09954999999999
29.02265,41.10735
29.02949,41.10723
29.02664,41.1052
29.022159999999996,41.10767000000001
29.0217,41.10455
29.01554,41.10619
29.02241,41.10463
29.025092,41.104972000000004
29.02592,41.10513999999999
29.029469999999993,41.107220000000005
29.01694,41.10704
29.02848,41.10665
29.0260025,41.10782
29.02294,41.10757
29.025610000000004,41.10780999999999
29.016405,41.104405
29.02377,41.10477
29.016373333333334,41.10443333333333
29.01575,41.1051
29.02251,41.10674
29.025420000000004,41.10506000000001
29.02189,41.10748
29.02036,41.10439
29.021449999999994,41.10040000000001
29.028180000000003,41.10651000000001
29.02645,41.10635
29.02213,41.10798
29.02745,41.10737
29.03102,41.09976
29.02155,41.10031
29.02501,41.10784
29.01997,41.10451
29.02055,41.10569
29.02276,41.0995
29.019993333333332,41.104433333333326
29.020040000000005,41.10436
29.027360000000005,41.10784
29.02272,41.10585
29.0154,41.10596
29.02584,41.09892
29.02153,41.10672
29.01926,41.10122
29.01618,41.104639999999996
29.02412,41.10485
29.02592,41.09898
29.01811,41.10199
29.02389000000001,41.10479000000001
29.01687,41.10383
29.02451,41.10488
29.02237,41.10788
29.026580000000003,41.1056
29.02323,41.10757
29.01759,41.1028
29.02251,41.10689000000001
29.02762,41.1067
29.022720000000003,41.105806666666666
29.025750000000002,41.098960000000005
29.02923,41.09961
29.02135,41.10049
29.02639,41.10517
29.02289,41.10511
29.02161,41.1063
29.020789999999998,41.10446
29.02251,41.1078
29.02092,41.10449
29.01991,41.10483
29.03056,41.0997
29.02188,41.10747
29.01705,41.10358
29.0225,41.10465
29.02999,41.09956
29.015779999999992,41.105069999999984
29.02237,41.10788
29.02157,41.100300000000004
29.02169,41.10016
29.02653,41.10589
29.02174,41.10803
29.02649,41.10518
29.021669999999993,41.10802999999999
29.027769999999993,41.10600999999998
29.016662,41.106930799999994
29.02215,41.09989
29.02761,41.10674
29.02158,41.10709
29.02169,41.10016
29.01536,41.10559
29.02188,41.10747
29.02781,41.10803
29.02271,41.10597
29.02138,41.10046
29.0193,41.10757
29.022595,41.1072725
29.0201,41.10551
29.022139999999997,41.10458
29.01702,41.103629999999995
29.0215,41.10692
29.026079999999997,41.10783999999999
29.01792,41.10727
29.01997,41.10105
29.027780000000003,41.105959999999996
29.01551,41.10615
29.02296,41.10487500000001
29.0253075,41.10782
29.02921333333333,41.09961666666667
29.01541,41.10599
29.024009999999993,41.10773999999999
29.0224525,41.09968250000001
29.02703,41.09931
29.02031,41.10782
29.01998,41.10448
29.02659,41.10551
29.026429999999998,41.10659444444444
29.019865,41.1051925
29.02912,41.09966
29.02281,41.10543
29.01749,41.103
29.02913,41.10743
29.01792,41.10727
29.02830181818182,41.10661181818182
29.02321,41.10759
29.01963,41.10113
29.0277,41.10639
29.021469999999997,41.10027
29.02802,41.0999
29.02582,41.10512
29.01755,41.10286
29.01735,41.10715
29.02815,41.09989
29.027660000000004,41.108
29.025439999999996,41.10502
29.02189,41.10748
29.0221,41.10799
29.01693,41.10374
29.02395,41.1048
29.02451,41.10786
29.02893,41.09971
29.02434,41.10784
29.027519999999992,41.10712
29.02241,41.10765
29.026380000000007,41.1069
29.01584000000001,41.105000000000004
29.023270000000004,41.107580000000006
29.02777,41.10609
29.02587,41.09897
29.02662,41.10537
29.02143,41.1003
29.02033,41.10439
29.02265,41.10466
29.027730000000002,41.10552
29.02128666666667,41.10452
29.02288,41.10747
29.02377,41.10477
29.027066666666666,41.107926666666664
29.026619999999998,41.10791
29.02153,41.1067
29.019370000000002,41.10119
29.02815,41.09989
29.02087,41.1079
29.02195,41.10752000000001
29.02001,41.10104
29.023569999999996,41.10764
29.0172275,41.103385
29.02906,41.108
29.03023,41.0996
29.02186,41.10744
29.02152,41.10691
29.020570000000006,41.10786000000001
29.02732,41.09951
29.02229,41.10792999999998
29.0226525,41.1075625
29.02284,41.10469
29.02462,41.10786
29.02232,41.10791
29.02118,41.10059
29.02055,41.10785333333333
29.02198,41.10755
29.02156666666667,41.10023666666667
29.02159,41.10802
29.02647,41.1064
29.02048,41.10567
29.02143,41.1003
29.02379,41.10479
29.022780000000004,41.105599999999995
29.024175,41.10486
29.028849999999995,41.10805
29.02451,41.10488
29.01903,41.101275
29.02416000000001,41.10485999999999
29.021589999999996,41.10802
29.02155,41.10665
29.02624,41.10746
29.0277,41.09979
29.024137499999995,41.107785
29.02735,41.10789
29.02036,41.10439
29.026279999999993,41.10726
29.02173,41.1073
29.0232875,41.10474
29.01996,41.10453
29.03102,41.09976
29.03116,41.09983
29.016010000000005,41.10657
29.02446,41.10487
29.02006,41.10548
29.02014,41.10554
29.02818,41.10651
29.023530000000004,41.10475
29.01979,41.10771
29.01545,41.10608
29.02114,41.10584
29.01997,41.10535
29.0274425,41.107407499999994
29.026580000000006,41.10556999999999
29.02737,41.10778
29.022630000000003,41.10626
29.023796666666666,41.09924333333333
29.02949,41.10723
29.0251075,41.10784
29.02007,41.107780000000005
29.015349677419362,41.10565096774193
29.0215,41.10693
29.02657,41.10569
29.027576666666665,41.099729999999994
29.02779,41.10593
29.02181,41.10007
29.02016,41.101
29.02752,41.10712
29.02502,41.10501
29.029030000000006,41.108010000000014
29.02206,41.0999
29.021380000000004,41.10452999999999
29.02914,41.10769071428572
29.018109999999997,41.10199000000001
29.02777,41.10599
29.02229,41.10793
29.0276,41.10678
29.026189999999993,41.09899000000001
29.021496666666668,41.10026666666667
29.01874,41.10736
29.024729999999998,41.10787
29.02427,41.107835
29.022409999999997,41.10463000000001
29.02777,41.10605
29.02801,41.10804
29.026439999999997,41.10629
29.0205,41.10442
29.017600000000005,41.10277000000001
29.016275,41.104519999999994
29.02106,41.10582
29.020070000000008,41.104360000000014
29.02791,41.09992
29.017456666666664,41.10718333333333
29.01985,41.10498
29.02456,41.10495
29.02619,41.10772
29.02464,41.09906
29.02071,41.107870000000005
29.027959999999997,41.10634
29.024639999999998,41.09911000000002
29.01915,41.10753
29.02165925925926,41.10720925925925
29.02974,41.09952
29.02204,41.10457
29.0228,41.10752
29.02174,41.10455
29.02001,41.10104
29.02771,41.10637
29.02718,41.10528
29.028990000000004,41.1072
29.02686,41.09929
29.02873,41.10683999999999
29.02778,41.10561
29.023869999999995,41.1077075
29.02291,41.10753
29.024340000000006,41.10784
29.015375,41.105545
29.021173333333333,41.10059666666667
29.02293333333333,41.10495666666667
29.02296,41.1047
29.027689999999996,41.10645
29.02162,41.10624
29.02079,41.10576
29.02551,41.09895
29.02256,41.10777
29.02771,41.10634
29.02659,41.10519
29.022139999999997,41.10458
29.03023,41.0996
29.02288,41.10747
29.02673,41.09923
29.02175,41.10733
29.025289999999995,41.10782
29.02631,41.10715
29.02497,41.105
29.02661,41.10786
29.02646,41.106199999999994
29.0241,41.10777
29.02914,41.10771
29.02623,41.09906
29.02079,41.10077
29.018950000000004,41.10742000000001
29.01916,41.10124
29.02612,41.105160000000005
29.029490000000003,41.10723000000001
29.03108,41.09978
29.015809090909087,41.10504090909091
29.02254,41.10714
29.024093333333337,41.10484333333333
29.02507,41.10784
29.02782,41.10627
29.02,41.1054
29.02295,41.10753
29.029317499999998,41.099561875
29.023350000000004,41.10475
29.02969,41.09951
29.022499999999997,41.10762333333333
29.020286666666664,41.10560333333333
29.02278,41.1056
29.02312,41.10472
29.023253333333333,41.09932666666666
29.02934,41.10728
29.02517,41.10783
29.02250666666667,41.09968
29.02413,41.1048525
29.023509999999998,41.10764
29.02019,41.10556
29.01833,41.10731
29.0254,41.09895
29.03082,41.09974
29.02385,41.09923
29.02914,41.10764
29.02608,41.10512
29.022810000000003,41.10543
29.02455,41.10489
29.0226,41.10759
29.02575,41.09896
29.026509999999995,41.10594
29.02207,41.10457
29.026319999999984,41.10788000000001
29.0179,41.10227
29.0233,41.09932
29.022299999999998,41.107919999999986
29.02586,41.0989225
29.016709999999996,41.10695000000002
29.02564,41.09895
29.02647,41.10606
29.02313,41.10472
29.023350000000008,41.10474
29.025629999999996,41.10786
29.02315,41.10758
29.02234,41.1079
29.02615,41.10782
29.0233,41.09932
29.026169999999993,41.1078
29.02155,41.10665
29.02249,41.10781
29.01782,41.1024
29.02356,41.10764
29.026259999999997,41.10736
29.01962,41.1076625
29.0154,41.1055
29.01979,41.10771
29.028450000000003,41.10673999999999
29.02779970588235,41.105870882352946
29.0235,41.10763
29.021589999999986,41.10802
29.01779,41.10724
29.02928,41.09959
29.0192,41.10754
29.02949,41.10723
29.0226,41.10636999999999
29.01897,41.10742
29.022713333333332,41.105869999999996
29.0175,41.10298
29.02274,41.10753
29.0226,41.10728
29.029,41.107209999999995
29.02151,41.10686
29.020778,41.100775999999996
29.020846666666667,41.10447333333334
29.02222,41.10796
29.02601,41.09894
29.01918,41.10753
29.02915,41.10761
29.02766,41.09977
29.027382,41.107672
29.02648,41.10645
29.023671999999998,41.107678
29.0246,41.10489
29.02351,41.09939000000001
29.023439999999997,41.09929
29.02122,41.105859999999986
29.01799,41.10728
29.01975,41.1011
29.02914,41.10767
29.028080000000006,41.108039999999995
29.02377,41.10477
29.0162,41.1046
29.0304,41.09965
29.021306,41.10452
29.016619999999996,41.10415999999999
29.02646,41.10652
29.01624,41.10456
29.02523,41.10782
29.02423,41.10487
29.02234,41.1079
29.01749,41.10719
29.0262,41.10769
29.01784,41.10236
29.0231,41.10475
29.026210000000003,41.10517
29.02586,41.10785
29.02611,41.10783
29.02752,41.10712
29.020480000000003,41.10567000000001
29.02617,41.1078
29.021692499999997,41.1072525
29.01541,41.10599
29.0176,41.10274
29.026150000000012,41.10782
29.02135,41.10049
29.025399999999998,41.09895000000001
29.02265,41.09955
29.02854,41.10807
29.0226,41.10774
29.024160000000013,41.1078
29.02339,41.10475
29.02049,41.10784
29.01995,41.10456
29.023130000000005,41.10472000000001
29.026439999999997,41.106289999999994
29.02573,41.10511
29.02886,41.09972
29.02332,41.10475
29.02299,41.0994
29.02462,41.10786
29.03071999999999,41.09972
29.01986,41.10108
29.022789999999997,41.09955000000001
29.02213,41.10766
29.02213,41.10766
29.020123124999998,41.10779062500001
29.01555,41.10621
29.02167,41.10723
29.02645,41.10635
29.01818000000001,41.1019
29.01625,41.10455
29.02752,41.10712
29.022410000000004,41.10463000000001
29.02339,41.10475
29.02267,41.10605
29.02227,41.10794
29.02949,41.10723
29.019229999999997,41.10122333333333
29.029169999999997,41.10718000000001
29.02131,41.10051
29.0186,41.10735
29.020349999999997,41.10783
29.0215,41.10692
29.02697,41.09927
29.03105,41.09977
29.02414,41.10778
29.02911,41.10783
29.0291,41.10788
29.02244,41.10764
29.02911,41.10781
29.01731,41.10328
29.01887,41.10739
29.02808,41.10804
29.0295,41.09951
29.02802,41.09994
29.01897,41.10129
29.0262,41.10767
29.02647,41.106105
29.01979000000001,41.10771
29.02144,41.10596
29.02179,41.10008333333334
29.02237,41.10788
29.02769,41.10645
29.02808,41.10804
29.01934,41.1012
29.021559999999997,41.10662
29.02792,41.10623
29.01982,41.10509
29.024848000000002,41.099054
29.022849999999995,41.10528
29.02664,41.10791
29.02294,41.10757
29.02737,41.10772
29.025853333333334,41.10780666666667
29.02615,41.10782
29.01538,41.10592
29.02663,41.10532
29.01949,41.10116
29.02616,41.1078
29.02493,41.09903
29.02511,41.10783
29.0261724,41.1078104
29.02122,41.10586
29.02616,41.10781
29.02151,41.10682
29.02352,41.10763
29.01744,41.10718
29.02432,41.10489
29.02156,41.10659
29.02729,41.09949
29.03086,41.09974
29.02797,41.09989
29.01763,41.10269
29.02651,41.10594
29.02189999999999,41.10748
29.026636666666665,41.09919333333334
29.02885,41.10805
29.03032,41.09972
29.02189,41.10748
29.0217,41.10726
29.02425,41.10782
29.02141,41.10044
29.02821,41.10802
29.02646,41.1062
29.02404,41.10482
29.0241,41.10777
29.02646,41.106177499999994
29.026439999999994,41.10628999999999
29.0222,41.10797
29.01628,41.10451
29.02175,41.10733
29.02536,41.10782
29.02647,41.10606
29.02659,41.10519
29.027519999999996,41.10712
29.01535,41.10585
29.02864,41.09978
29.030819999999995,41.09974
29.027349999999995,41.10795000000001
29.02189,41.10748
29.022759999999995,41.10565999999999
29.022896666666668,41.1051
29.02082333333333,41.10075666666666
29.02808,41.10804
29.02152,41.10689
29.01951,41.10115
29.029,41.10803000000001
29.01788,41.1023
29.01717,41.1071
29.026600000000002,41.10544
29.017349999999997,41.10715000000001
29.020060000000004,41.10547999999999
29.027239999999995,41.10794
29.02197,41.09996
29.02198,41.107549999999996
29.02155000000001,41.107049999999994
29.0194,41.10119
29.02451,41.10786
29.02273,41.10468
29.025335000000002,41.1078125
29.015539999999998,41.10531000000001
29.02063,41.10786000000001
29.02188,41.10747
29.02859,41.10686
29.020576666666667,41.10570333333333
29.02182,41.10011
29.015449999999998,41.106080000000006
29.02529,41.10782
29.02621,41.10787
29.02551,41.09895
29.02263,41.10773
29.0154,41.10596
29.02332,41.10475
29.028770000000005,41.10688
29.028879999999997,41.10697000000001
29.02271,41.10597
29.0266,41.10544
29.02895,41.10805
29.02273,41.09958
29.023440000000008,41.09929
29.01952,41.10764
29.02646,41.106210000000004
29.02647,41.10612
29.02385,41.09923
29.021560000000004,41.10659
29.022565,41.0996
29.02038,41.10783
29.022912499999997,41.1050725
29.02214,41.10458
29.027579999999997,41.10537999999999
29.02213,41.10766
29.03102,41.09976
29.02949,41.10723
29.02794,41.10804
29.02441,41.09918
29.02188,41.107470000000006
29.01788,41.1023
29.02398000000001,41.107749999999996
29.02284,41.1076
29.029073333333333,41.09966666666667
29.02474,41.10491
29.01989,41.10106
29.02021,41.10437
29.02167,41.10803
29.0227,41.10754
29.02662,41.10537
29.01575,41.10636
29.02561,41.10778
29.02548,41.09889
29.02188,41.10747
29.02198,41.107549999999996
29.028280000000002,41.10649
29.02646,41.10524
29.03034,41.09963
29.020869999999995,41.10578000000001
29.01998,41.10776
29.02356,41.10764
29.02791,41.10621999999999
29.028229999999997,41.10655
29.028365,41.106669999999994
29.026079999999997,41.10512
29.02118,41.10798
29.02656,41.10578
29.0227,41.10591
29.03011,41.09958
29.01991,41.10525
29.023865,41.10479
29.02727000000001,41.10790999999998
29.02445,41.10786
29.02732,41.09951
29.02282,41.09947
29.023748666666656,41.10768966666668
29.02872,41.09976
29.02127,41.10054
29.02613,41.10783
29.01626,41.10454
29.02735,41.10789
29.0193,41.10757
29.028280000000002,41.10659
29.021910000000002,41.10748
29.02328,41.10474
29.0223,41.10792
29.02145,41.10029
29.022499999999997,41.10465
29.01763,41.10269
29.02071,41.10787
29.02203,41.10761
29.01986,41.10108
29.02778,41.105959999999996
29.02505,41.104965
29.02677,41.10522
29.028379999999995,41.106570000000005
29.01631,41.10676
29.02808,41.10804
29.0263,41.10721
29.03104,41.09985
29.02794,41.10804
29.024400000000004,41.10785000000001
29.022000000000006,41.10799999999999
29.02087,41.10578000000002
29.02206,41.0999
29.02186,41.10744
29.027329999999996,41.1079
29.01567,41.10518
29.022658571428565,41.107560476190486
29.03112,41.09978
29.026338000000003,41.10706599999999
29.02348,41.10474
29.02785,41.09986
29.01993,41.10471
29.026200000000003,41.10513000000001
29.02151,41.10684
29.02642,41.10524
29.02271,41.10597
29.02254,41.09962
29.0244,41.10785
29.01938,41.10761
29.022195,41.09986000000001
29.02999,41.09956
29.02617,41.1078
29.02116,41.10061
29.01912,41.107515
29.024971999999998,41.104952000000004
29.027499999999993,41.10719999999999
29.02749,41.10724
29.02652,41.10591
29.021049999999992,41.10449999999999
29.02001,41.10104
29.015370000000004,41.10555999999999
29.026435,41.106575
29.02189,41.107479999999995
29.026459999999997,41.1063709090909
29.02151,41.10686
29.02252,41.10667
29.02272,41.10753
29.02358,41.10764
29.02184,41.10742000000001
29.02779,41.10627
29.02651,41.09915
29.02743,41.10531
29.02696,41.10525
29.02697,41.09927
29.02578,41.10511
29.02789,41.10629
29.0215,41.10695
29.02298,41.10483
29.02327,41.10758
29.03067,41.09972
29.0194,41.10119
29.02121,41.10451
29.02152,41.10689
29.021560000000004,41.106599629629635
29.02153,41.10025
29.018329999999995,41.10172999999999
29.019179999999995,41.10753
29.01703,41.10706
29.02658,41.1056
29.02788,41.10619
29.02149,41.10036
29.02238,41.09971
29.01855,41.10734
29.02263000000001,41.106260000000006
29.01742,41.107175
29.02549,41.10781
29.020285,41.10782
29.02006,41.10436
29.01689,41.10701999999999
29.029130000000002,41.10775999999999
29.023710000000005,41.10768
29.02557,41.09889
29.0201,41.10551
29.025989999999997,41.1078
29.02663,41.10532
29.022332500000005,41.1046125
29.02213,41.10766
29.022092499999996,41.107645000000005
29.022270000000002,41.09981
29.02306333333333,41.099373333333325
29.021049999999995,41.10066
29.017036666666666,41.103613333333335
29.03067,41.09972
29.01698,41.10705
29.020040000000005,41.10436
29.02901,41.09972
29.02529,41.10782
29.02737,41.10779
29.027810000000002,41.10614
29.0260825,41.10516
29.02627,41.1052
29.02873,41.10684
29.02766,41.10657
29.02411,41.10779
29.01957,41.10115
29.01982,41.10509
29.023645,41.099265
29.02261,41.10630999999999
29.02874,41.10685
29.02771,41.1063675
29.02602,41.10785
29.01534,41.10577
29.01729,41.10331
29.022590000000005,41.10466
29.025441999999998,41.107818
29.01997,41.10535
29.02407,41.10778
29.02287,41.09944
29.02915,41.10755
29.02079,41.10077
29.02147,41.10598
29.020570000000003,41.10786
29.02346,41.10762
29.02412,41.10485
29.022849999999995,41.10752
29.0203,41.10439
29.02207,41.10763
29.02161,41.10622
29.021439999999995,41.10453
29.026684,41.107862
29.02645,41.10633
29.023094999999998,41.099445
29.0277975,41.105877500000005
29.017429999999997,41.10307999999999
29.024620000000002,41.10786000000001
29.03086,41.09974
29.02166,41.10721
29.01747,41.10303
29.024175,41.107794999999996
29.02304,41.10752
29.026079999999993,41.10785000000002
29.021280000000004,41.10452000000001
29.02686,41.10788
29.026619999999998,41.1053
29.020159999999994,41.10435999999999
29.01895,41.10742
29.0246575,41.1078525
29.021499999999996,41.10693
29.02133,41.10452
29.029099999999996,41.107870000000005
29.02785,41.10628
29.02150999999999,41.10802
29.02637,41.0991
29.021330000000003,41.10799999999998
29.02768,41.10648
29.02377,41.10769
29.0304,41.09965
29.0266,41.10544
29.02137,41.108
29.020216666666666,41.10557333333333
29.02423,41.10484
29.02201,41.09993
29.03051,41.09978
29.023479999999996,41.10476
29.01545,41.10608
29.01913,41.10126
29.02485,41.1079
29.02317,41.09934
29.020520000000005,41.107850000000006
29.01992,41.10528
29.021779999999996,41.10802
29.01722666666667,41.10338666666667
29.02258,41.10775999999999
29.026665,41.09912
29.01909,41.10126
29.02244,41.10764
29.02486,41.10498
29.020789999999998,41.10789
29.01893,41.10131
29.027373333333333,41.1053
29.02293,41.0995
29.02292,41.10749
29.023090000000003,41.10472
29.027049999999996,41.10526
29.030860000000008,41.09974
29.02507000000001,41.10784
29.022990000000007,41.104800000000004
29.01819,41.10730999999999
29.022255,41.10769
29.01889,41.10739
29.01957,41.10115
29.022993333333336,41.104796666666665
29.02158,41.10023
29.02143,41.1003
29.01924,41.10122
29.02149,41.10694
29.026460000000007,41.106379999999994
29.02412,41.10485
29.02653,41.10589
29.026469999999996,41.10612028169013
29.015380000000004,41.10592
29.02157,41.10655
29.02781,41.105785
29.0175,41.10298
29.016869999999997,41.10383000000001
29.01998,41.10448
29.03068,41.09981
29.01666,41.10693
29.01534,41.105695
29.02128,41.10452
29.01534,41.10568
29.02464,41.09906
29.02186,41.10745
29.02658,41.10791
29.0211,41.10063
29.01913,41.10126
29.025599999999997,41.09889333333333
29.02259,41.09958000000001
29.0278,41.10587
29.02845,41.10674
29.02198,41.108
29.02083,41.10789
29.02867,41.10692
29.021510000000003,41.10698000000001
29.02332,41.10475
29.026390000000003,41.10684
29.02599,41.1078
29.02164,41.10455
29.02186,41.10745
29.024559999999997,41.10786
29.03115,41.09979
29.02267,41.10605
29.02915,41.1075
29.024490000000004,41.09915999999999
29.02529,41.10782
29.019050000000004,41.10127
29.030794999999998,41.099734999999995
29.02436,41.107845
29.026586666666663,41.105549999999994
29.02663,41.10531999999999
29.02349,41.10763
29.02621,41.10517
29.023690000000002,41.10478
29.027769999999993,41.106049999999996
29.02504,41.10784
29.025855,41.105085
29.029069999999997,41.10732000000001
29.01768,41.10263
29.02000333333333,41.104396666666666
29.02306,41.09945
29.02799,41.10636
29.02162,41.10624
29.02654,41.10525
29.022344999999998,41.1078975
29.02135,41.10592
29.03034,41.09963
29.023169999999997,41.10473000000001
29.02303,41.10754
29.02823,41.10646
29.02343,41.10474
29.02842,41.09985
29.02901,41.09968333333334
29.02143,41.10030666666666
29.02591,41.10782
29.02003,41.10437
29.020158571428574,41.10100023809524
29.02911,41.1078
29.029415,41.1072475
29.02788,41.10619
29.02153,41.10025
29.01917,41.10124
29.023759999999996,41.10768
29.029170000000004,41.10717999999999
29.02006,41.10548
29.02764,41.0998
29.02743,41.10531
29.017350000000004,41.10715
29.02904,41.10728
29.0201,41.10551
29.02079,41.10077
29.02909,41.10735
29.02686,41.09929
29.023215,41.10472
29.02563,41.10509
29.02768,41.10648
29.02172,41.10728
29.02234,41.1079
29.02251,41.10693
29.02412,41.10485
29.02359,41.10765
29.022730000000003,41.10741
29.02649,41.10598
29.01616,41.10466
29.01783,41.102385
29.0287375,41.099755
29.02473,41.10784
29.02913,41.10743000000001
29.022659999999995,41.10611999999999
29.02006,41.10548
29.01679,41.10699
29.01749,41.10719
29.02313,41.09944
29.02644,41.10629
29.02067,41.10083
29.02815,41.09989
29.02263,41.10773
29.02389000000001,41.10479000000001
29.02273,41.10741
29.021579999999993,41.10708999999999
29.027690000000003,41.10645
29.02184,41.10742
29.02672,41.10521
29.02067,41.10787
29.021598333333333,41.106185
29.023980000000005,41.10775
29.01903,41.10748
29.02001,41.10104
29.02013,41.10435
29.02648,41.10784
29.01843,41.10733
29.02004,41.10436
29.01864,41.10736
29.02214,41.10458
29.0176,41.10277
29.023590000000002,41.10765000000001
29.02101,41.1045
29.01599,41.10484
29.02227,41.09978
29.02472,41.107899999999994
29.023455,41.107617499999996
29.022825,41.099535
29.022391666666664,41.10786916666666
29.02529,41.10782
29.02617,41.1078
29.02151,41.10698
29.027,41.10525
29.02716,41.09945666666666
29.0154,41.10596
29.02632,41.10788
29.03032,41.09972
29.02662,41.1053
29.02846,41.10809
29.026570000000003,41.10567
29.03079,41.09983
29.01671,41.10695
29.0229725,41.10753
29.02269,41.10467
29.02181,41.10801
29.027239999999995,41.10791
29.01747,41.10303
29.02304,41.10752
29.01892,41.1074
29.017900000000004,41.10227
29.02311,41.09936
29.017169999999997,41.1071
29.01813,41.1073
29.02636,41.10697
29.023530000000004,41.10476
29.023389999999996,41.10475
29.023530000000008,41.104749999999996
29.02184,41.10742
29.027929999999994,41.10631
29.021580000000004,41.10455000000001
29.02416,41.1078
29.02529,41.09896
29.03116,41.09979
29.02271,41.10597
29.024463333333333,41.09916666666667
29.02399,41.10479
29.020060000000004,41.10436
29.02758,41.10687
29.02297,41.10484
29.02288,41.1047
29.02631,41.10718
29.018265384615386,41.10730999999999
29.02018,41.10436000000001
29.019295,41.101214999999996
29.01621666666667,41.10457666666667
29.02895,41.09974
29.02741,41.10755
29.02186,41.100025
29.02356,41.10764
29.01548,41.10612
29.02733,41.1079
29.02306,41.10471
29.029409999999995,41.10725
29.025070000000007,41.105019999999996
29.03115,41.09978
29.024080000000005,41.10484
29.021776666666668,41.10455
29.02152,41.10691
29.02282,41.10761
29.022159999999996,41.09983999999999
29.027551000000006,41.107005
29.02939,41.10726
29.0277,41.09979
29.02192,41.1075
29.02434,41.10784
29.0232,41.09943
29.01915,41.10753
29.026619999999994,41.1053
29.02452,41.10785
29.0278,41.10587
29.01928,41.10757
29.01684,41.10701
29.02184,41.10742
29.01938,41.10119
29.02646,41.09905
29.02446,41.10487
29.02737,41.1078125
29.02726,41.09947
29.02133,41.1005
29.02633923076923,41.1070623076923
29.01938,41.10761
29.02456,41.09913
29.025599999999997,41.09889333333333
29.01987,41.1052
29.02203999999999,41.09996
29.02412,41.10485
29.02281,41.10469
29.02792,41.10623
29.020390000000003,41.10783
29.02101,41.10581
29.02156,41.10024
29.023419999999998,41.10761000000001
29.02633000000001,41.10522000000001
29.02397,41.10773
29.02648,41.10641999999999
29.026300000000003,41.10515
29.0275,41.1072
29.016219999999993,41.10457000000001
29.02833,41.10803
29.02293,41.0995
29.02808,41.10804000000001
29.01709,41.10354
29.02055,41.10569
29.019180000000002,41.10753
29.02042000000001,41.10441000000001
29.02771,41.10636
29.01737,41.103175
29.025829999999996,41.10785
29.02859,41.10686
29.028942499999996,41.10714250000001
29.0304,41.09974666666667
29.02664,41.10791
29.01713,41.10349
29.02744,41.105313333333335
29.0297,41.09953
29.02423,41.10484
29.02619,41.10772
29.02621,41.10517
29.0158,41.1064
29.023670000000003,41.09937
29.024260000000005,41.10781999999999
29.02266,41.10612
29.03067,41.09972
29.01972,41.10111
29.016730000000003,41.10399
29.02193,41.10004
29.02937999999999,41.10726999999999
29.02146,41.10028
29.022820000000003,41.10761000000001
29.02645,41.10627
29.02838,41.10657
29.02052,41.10089
29.02481,41.099
29.01952,41.10764
29.0235925,41.10477
29.015650000000004,41.10629
29.02207,41.10763
29.025616000000003,41.107862
29.02845,41.10674
29.030324999999998,41.0996275
29.018969999999992,41.10742000000001
29.02724,41.10791
29.02136,41.10452
29.03088,41.09984
29.01535,41.10585
29.02216,41.10798
29.02293,41.10497
29.03083,41.09983
29.026129999999995,41.107829999999986
29.020355000000002,41.105630000000005
29.02473,41.10784
29.02294,41.10757
29.0190375,41.1074825
29.02888,41.10697
29.026455000000002,41.10653000000001
29.02251,41.10762
29.01547,41.10542
29.020395999999998,41.104402
29.02273,41.10468
29.020959999999995,41.10449
29.02408,41.10484
29.017180000000007,41.10343000000002
29.01757,41.10283
29.025870000000012,41.09897
29.02257,41.1076
29.02659,41.10554
29.022772500000002,41.105622499999996
29.02618,41.10777
29.025229999999997,41.10781999999998
29.02332,41.10759
29.01975,41.1011
29.02281000000001,41.10546999999999
29.027550909090913,41.10536060606061
29.02587,41.10513
29.027479999999997,41.10727999999999
29.027617499999998,41.105405000000005
29.02151,41.10682
29.02947,41.10722
29.02389,41.10773
29.026440000000004,41.10629999999998
29.02229,41.10793
29.02508,41.10788
29.02412,41.10485
29.02472,41.09903
29.02079,41.10789
29.02894,41.10714
29.02737,41.10782
29.02755,41.10536
29.03104,41.09985
29.021560000000004,41.10608
29.0247,41.1049
29.01993,41.10474
29.01689,41.10702
29.023140000000005,41.10472
29.02523,41.10782
29.019509999999997,41.10114999999999
29.016319999999993,41.10447
29.02074,41.10446
29.02825,41.10657
29.028460000000003,41.10809
29.02288,41.10514
29.028540000000003,41.10807
29.02914,41.10767
29.022630000000003,41.10626
29.02915,41.10755
29.01708,41.10708
29.0226,41.10637
29.02141,41.10594
29.020340000000004,41.10562
29.0276,41.10678
29.022150000000003,41.09989000000001
29.02649,41.10518
29.02313,41.10472
29.02001,41.10439
29.03034,41.09963
29.02941,41.10725
29.02024,41.10438
29.02575,41.09896
29.02932,41.09956
29.0227,41.10591
29.026216666666667,41.107613333333326
29.02853,41.099819999999994
29.02143,41.1003
29.02113,41.10063
29.02622,41.10754
29.02205,41.10762
29.02268,41.107549999999996
29.02144,41.104530000000004
29.02777,41.10609
29.02418,41.10483
29.022990000000004,41.1048
29.016989999999996,41.10366
29.0276325,41.106660000000005
29.01735,41.10715
29.0215,41.10692
29.018699999999995,41.10143999999998
29.02616,41.10780999999999
29.0277,41.10641
29.02661,41.10786
29.02285,41.10752
29.02781,41.10584
29.01633,41.104465000000005
